symbol,date,open,high,low,close,volume,MA_20,MA_50,MA_200,RSI,MACD,Signal,ATR,ADX,BL_Upper,BL_Lower
BTC,2017-08-18,4164.02,4371.52,4134.61,4221.83,738.395791,4237.183,4264.591600000001,4306.6558,41.42702916906602,-15.417465478977647,-13.429463458508625,13.259575335251006,52.44126239187162,4278.498826556031,4195.867173443969
BTC,2017-08-19,4156.99,4184.69,3850.0,4045.0,293.617323,4041.4990000000007,4046.3594,4027.6372499999998,51.564046614856835,-1.0157867248835828,-2.3898990831488702,3.4416819641091885,11.311061432125289,4055.7889473755354,4027.209052624466
BTC,2017-08-20,4068.12,4211.08,4032.62,4096.32,74.304,4080.2479999999996,4077.5226000000002,4103.00375,65.29739836040166,-1.3003891306702826,-1.4368187606288254,4.612946698376356,41.742135905288116,4103.29134142444,4057.204658575559
BTC,2017-08-21,4101.66,4114.86,3911.79,3958.35,481.666816,3982.241499999999,3951.0784000000003,3992.9688499999993,45.38113382448421,5.688991882165283,9.85087767821952,11.575884229465627,20.025253351073147,4029.971702712742,3934.511297287256
BTC,2017-08-22,3791.84,3990.12,3400.0,3849.0,570.807689,3825.5695,3856.7282,3885.3621,54.1828756616876,-11.414037038477545,-16.43737049376874,18.385045820632566,19.693688419478047,3889.4789795706797,3761.6600204293204
BTC,2017-08-23,4040.0,4265.8,4035.32,4206.58,588.4451,4196.7305,4192.404,4208.5202500000005,52.64471992841707,2.2499727300264567,3.4514454543569877,18.809438097900237,21.46912707644326,4231.158682917627,4162.302317082373
BTC,2017-08-24,4128.24,4250.94,4085.01,4192.19,484.341348,4195.318499999999,4180.7744,4172.2285999999995,49.69652970623865,5.027445439386611,6.711468941495032,7.156825699267829,14.97110848357711,4219.307370148355,4171.329629851643
BTC,2017-08-25,4362.99,4366.47,4261.13,4329.0,396.049321,4329.0725,4320.029200000001,4319.50695,53.75682384627815,0.5057193624688807,0.6469030087433445,6.330317151186607,36.407148811104655,4354.656690333095,4303.4883096669055
BTC,2017-08-26,4282.0,4319.7,4221.14,4271.85,129.470424,4263.384,4264.1332,4270.8903,73.95891764605996,1.8514953537787733,0.6660766334237654,1.3839077616393012,22.232943680811317,4270.49686271464,4256.27113728536
BTC,2017-08-27,4347.0,4400.0,4285.54,4312.19,172.06052,4311.111500000001,4310.914000000001,4316.7833,54.93212298339874,0.8341007299404737,0.6387744588060921,1.0939700043179683,29.75005238565073,4314.382984524978,4307.840015475023
BTC,2017-08-28,4267.6,4365.4,4124.54,4295.5,316.662059,4297.2325,4302.2454,4305.03315,48.32485773920588,-0.09977805363450898,-0.3900733351665295,8.371880420299057,20.415201627058675,4311.519184534981,4282.945815465019
BTC,2017-08-29,4386.68,4625.85,4313.55,4579.92,356.828422,4572.8075,4566.8086,4447.1226,55.84586422904829,6.358240496254439,6.002221809677785,9.905591074098382,13.693653872708555,4599.993068874194,4545.6219311258055
BTC,2017-08-30,4580.07,4647.51,4416.01,4558.16,524.739885,4562.195,4564.5848000000005,4542.50805,47.27558528635452,-1.492931755772588,-1.211918817304947,8.254860836530348,22.35081740603554,4580.326649125346,4544.063350874653
BTC,2017-08-31,4570.65,4685.55,4569.6,4667.34,360.961192,4665.0535,4670.0278,4662.398999999999,51.18153710677766,-1.0031578755024384,-2.220872616289204,7.0131787689650915,21.346290339470162,4688.504802970297,4641.602197029703
BTC,2017-09-01,4740.0,4839.92,4654.88,4748.93,317.174298,4743.572,4757.6684000000005,4774.3196,50.23054130418846,-1.6324412187923372,-3.723465392759294,2.7426256605055137,15.08859953651232,4752.321577360952,4734.822422639048
BTC,2017-09-02,4860.07,4939.19,4436.58,4458.83,524.297719,4539.621,4575.3344,4610.30945,28.036897262877847,-32.73711556937178,-23.974664303345946,18.564232837059496,19.9505398407777,4637.925651954976,4441.316348045024
BTC,2017-09-03,4570.0,4714.76,4298.33,4349.64,422.567759,4334.061500000001,4325.2246000000005,4429.05465,53.22960400775937,4.841950585401719,-0.04808378091268606,26.821167804323924,13.590901723139334,4378.577122999474,4289.545877000527
BTC,2017-09-04,4419.95,4493.15,4052.0,4231.06,950.858875,4214.411,4239.63,4193.993350000001,55.24579561573038,0.29415346237874473,-3.5840411864785873,9.152663981618437,18.45763761673652,4242.045205543343,4186.776794456657
BTC,2017-09-05,3942.07,4298.0,3603.0,4260.23,787.634505,4253.811,4262.8006,4245.52495,50.19689278099919,1.88837500961381,-0.7564562088277843,13.718303157185368,19.938412821505505,4276.902818377706,4230.719181622293
BTC,2017-09-06,4472.83,4597.79,4335.26,4510.98,683.019292,4521.7565,4508.5352,4516.55905,45.277967594154696,1.8392928085186213,5.009276914683842,7.378110863700409,21.216292693421206,4540.777671651475,4502.735328348525
BTC,2017-09-07,4489.26,4743.49,4452.0,4694.04,373.645962,4684.5705,4674.3769999999995,4673.3043,55.61469244315282,6.229097439804718,5.5792518570821334,8.66692137773733,11.820219791736617,4713.752153465826,4655.388846534173
BTC,2017-09-08,4600.52,4699.77,4028.93,4240.12,440.266766,4173.121,4243.9874,4524.48395,54.29979335475745,2.8067426461548166,-15.170890547951947,42.390587375606344,32.887843329236865,4308.088555197439,4038.1534448025614
BTC,2017-09-09,4221.31,4426.62,4150.06,4265.01,396.411096,4259.2339999999995,4284.2155999999995,4315.2829,46.478526290609715,-6.390542792895758,-8.856223428872234,5.098599090389309,30.157569210141155,4275.644703092789,4242.82329690721
BTC,2017-09-10,4238.33,4259.99,3801.0,4072.49,441.711745,4099.9405,4097.1976,4065.7859000000003,23.7111675364874,-4.120151954454741,0.46893704039439565,3.9861714490587947,37.67266316710079,4124.786275878076,4075.0947241219233
BTC,2017-09-11,4135.15,4334.43,4101.32,4250.01,517.929306,4273.7735,4280.587799999999,4219.93605,38.57249601606673,-6.04952190916174,-2.311501382362789,8.879593295833313,22.323875566547006,4301.7832720627,4245.7637279373
BTC,2017-09-12,4259.49,4394.59,4213.6,4267.01,476.503075,4257.008,4256.332200000001,4299.3866,53.79030146699309,2.900714388212691,0.26544067220812534,11.043927893284472,15.273034948038585,4282.202357781078,4231.813642218922
BTC,2017-09-13,4106.76,4110.0,3785.0,3785.03,638.063502,3792.3375,3816.8508,3848.6121000000003,43.41630696019055,-6.690608720998171,-8.111976228211347,7.804723162143748,41.434269973513985,3820.3379099072495,3764.3370900927507
BTC,2017-09-14,3910.08,3943.98,3395.0,3610.0,1021.35258,3546.8075,3535.5153999999998,3529.99145,78.31867850723783,16.908729772072547,11.426830556158905,11.866691272942191,30.0946391929004,3596.249041187825,3497.365958812175
BTC,2017-09-15,3402.93,3777.81,2817.0,3666.11,1287.232002,3691.7205000000004,3595.5816000000004,3250.92185,51.13762502662944,20.06664295752489,31.423571744880636,38.664177652564085,26.386873182136565,3752.6310535928237,3630.809946407177
BTC,2017-09-16,3730.2,3950.0,3470.66,3690.05,960.197624,3731.7225,3711.2094,3638.6957999999995,41.73862762372995,-8.848628207113961,-0.10869010472978125,15.410962724436143,33.418493277847624,3800.8847740733445,3662.560225926655
BTC,2017-09-17,3619.99,3660.0,3499.02,3640.0,437.544911,3629.054,3635.1679999999997,3572.40105,54.4205385001802,-2.249448829393259,-2.735104492057497,10.287478233001906,15.13333081619904,3653.39595259214,3604.71204740786
BTC,2017-09-18,3748.2,4123.2,3730.25,4077.37,676.507506,4086.0870000000004,4086.2581999999993,4035.4530000000004,43.69746874374512,-2.769507546638124,-0.9563245928969223,7.619487370518637,38.13678044245435,4099.512808132846,4072.661191867155
BTC,2017-09-19,4010.99,4032.02,3830.91,3969.88,537.42163,3953.7695,3947.7526000000003,3979.7117,58.14483155682128,2.329332203301874,1.6950066660019047,11.509536810422524,11.42040491617242,3976.4183052443855,3931.1206947556143
BTC,2017-09-20,3877.01,4046.08,3820.0,4019.5,407.68535,4027.5634999999993,4009.3698000000004,3951.35015,50.360562392183546,-0.5696964790681704,3.0086849915490244,10.297111162175339,33.188520715323634,4059.810937898209,3995.3160621017896
BTC,2017-09-21,3867.73,3904.81,3800.0,3837.68,332.437281,3863.5690000000004,3864.5492,3860.9302999999995,30.559103433877123,-5.225853973499397,-1.895479942200153,6.175149284248777,35.41448688556987,3884.3214522888297,3842.816547711171
BTC,2017-09-22,3670.0,3750.0,3520.0,3600.24,472.256831,3617.4045000000006,3592.0034,3575.1378500000005,45.2749787627031,3.3599350528952527,6.998493153278881,8.152416292444874,17.428205992276375,3632.956195052335,3601.8528049476663
BTC,2017-09-23,3559.88,3817.19,3542.91,3760.21,422.808967,3772.7705,3778.26,3772.9902,40.18243988968947,-2.3092105616819936,-2.1760111019932524,8.246246712685801,37.34550307179129,3787.449711797743,3758.091288202257
BTC,2017-09-24,3742.28,3786.07,3622.76,3692.77,459.065796,3706.3335000000006,3712.0294,3696.98495,45.132878470853754,-2.5026872263601945,-1.837710818067372,13.496696320618875,28.8933328771269,3733.1733399958193,3679.493660004182
BTC,2017-09-25,3663.38,3945.0,3655.0,3945.0,446.824494,3869.1265,3817.1106000000004,3791.0717999999997,80.23515388131212,32.888096094420234,27.361133092964458,14.393969272034159,84.76293515998611,3959.937326067145,3778.3156739328547
BTC,2017-09-26,3944.99,3976.99,3850.05,3949.79,327.582352,3931.6805,3929.0214,3941.1133,57.79599437525211,0.8010424198150758,1.3483709213007375,10.087732078902743,29.0150049122483,3955.847237864264,3907.5137621357358
BTC,2017-09-27,3927.15,4099.95,3900.0,4073.2,339.931694,4081.585,4075.1702,4079.2196000000004,46.21933653631851,0.1837066927455453,2.183470294979912,10.208497885692053,17.523136376448946,4100.641261437681,4062.5287385623187
BTC,2017-09-28,4199.0,4300.0,4101.0,4144.0,494.782034,4132.433,4160.4968,4168.878949999999,51.64978597004884,-11.72409613835498,-12.965163652618568,14.585640445758335,19.237232903465593,4158.912564271381,4105.953435728619
BTC,2017-09-29,4196.0,4251.0,3952.01,4188.01,1210.021761,4177.8025,4169.428400000001,4194.71685,54.437272127259604,7.934105988341798,6.119863833933937,12.082192544763783,60.76972852998531,4206.068227568779,4149.536772431221
BTC,2017-09-30,4185.5,4345.0,4180.81,4329.5,433.703854,4306.677,4298.836,4309.035449999999,65.86810569801463,6.79565672218996,5.662683135946454,8.350792563705436,23.14657551807136,4330.017544209652,4283.336455790347
BTC,2017-10-01,4320.06,4359.6,4240.04,4326.01,410.047328,4301.9155,4284.17,4297.0642,69.66784328735267,10.602507727307966,8.041124419997084,12.030316610188276,28.369568544252864,4325.674620753959,4278.156379246041
BTC,2017-10-02,4432.6,4561.63,4390.0,4452.23,427.681428,4444.3305,4439.6718,4426.2405499999995,53.3487292164121,0.3790706396112,0.9967840638394445,13.998659107969152,33.574942490147436,4457.320073472475,4431.340926527525
BTC,2017-10-03,4395.0,4467.33,4180.8,4224.0,738.626564,4216.6939999999995,4211.802,4239.8553,54.17530754924359,2.8507994556211997,2.1138014649920494,10.057997708070076,51.4855860826324,4237.570949394369,4195.81705060563
BTC,2017-10-04,4306.0,4373.0,4142.0,4195.0,556.271872,4186.1715,4181.8938,4192.71165,59.677739018585,0.8018758667203656,0.9435285580347342,7.599961224394034,23.857697063679904,4195.501102939543,4176.841897060458
BTC,2017-10-05,4225.85,4334.4,4110.0,4275.02,544.240307,4310.455499999999,4310.35,4285.137049999999,33.649139286057064,-6.098842176786093,-2.425142026442855,13.54207738700112,36.18307085398989,4341.441660442625,4279.469339557373
BTC,2017-10-06,4308.0,4417.0,4292.15,4372.0,355.485703,4366.732000000001,4353.7646,4380.6197,57.28113468843295,7.0783934706323635,7.2722969901420536,5.778563916707325,29.993501815762055,4390.256233972562,4343.20776602744
BTC,2017-10-07,4381.02,4395.0,4312.56,4343.52,175.26514,4352.2029999999995,4355.1348,4343.4793,39.27738568966459,-1.3952939652454006,-0.7456674615583742,4.060758466925702,19.85471672459829,4365.173801208776,4339.232198791223
BTC,2017-10-08,4460.0,4580.0,4435.06,4579.99,274.091949,4557.0615,4554.4102,4516.90825,70.52333179214008,6.805561970819326,4.431290143567349,5.512536525602031,37.071286080451,4587.212117423044,4526.910882576955
BTC,2017-10-09,4600.03,4675.86,4550.0,4674.25,245.101044,4661.525,4647.8876,4625.7951,63.94303327922591,7.3557311174208735,6.650876615823151,5.74972048766294,56.27866084569314,4679.279994227133,4643.770005772866
BTC,2017-10-10,4844.68,4885.0,4720.16,4865.0,387.781452,4851.8345,4850.294,4832.80545,56.10828064376267,-2.772064817057071,-2.114002746039147,21.136888170383266,39.05641095162401,4885.064931519974,4818.6040684800255
BTC,2017-10-11,4764.09,4852.22,4710.0,4787.0,568.561144,4782.7525,4783.7938,4788.8066499999995,70.76131680154153,1.6135718564573835,0.8759485776080106,0.9839573076083078,26.770068473129736,4788.623993421399,4776.8810065786
BTC,2017-10-12,4844.48,5265.5,4835.0,5230.89,661.450442,5211.7975,5201.9514,5216.2945500000005,64.02487023391281,7.904586817182462,5.710620481382978,6.959034366308996,27.44496434143537,5237.821093045641,5185.773906954359
BTC,2017-10-13,5410.01,5846.17,5400.02,5799.98,1239.5296759999999,5781.066,5747.0448,5653.38135,68.18624443485942,9.588269399434466,10.467360711271855,10.309090326424567,35.17027791604174,5804.051093778723,5758.080906221277
BTC,2017-10-14,5598.16,5779.0,5585.02,5717.18,509.478895,5708.69,5706.531,5719.025500000001,59.64671640683633,2.4865997647957556,1.555201126965573,4.016449783284808,13.8020926437441,5720.04329555673,5697.336704443269
BTC,2017-10-15,5860.0,5922.3,5400.01,5538.18,878.686257,5534.503,5543.5934,5495.8291,48.98062410599384,-0.8157206078694799,-1.2843574971984117,5.931876343585561,13.995179553624254,5549.428315540779,5519.57768445922
BTC,2017-10-16,5696.03,5749.99,5585.19,5697.0,721.708197,5710.409,5704.896,5721.80465,42.46960202896195,1.8788898699849597,2.5639046840273547,10.779618114345686,37.25617987382407,5725.3743211125,5695.443678887499
BTC,2017-10-17,5720.0,5727.52,5508.63,5603.8,843.8256719999999,5603.532499999999,5602.164199999999,5585.052300000001,51.291615340725826,0.29640405906229716,0.45079447413851814,2.9130853261657323,34.05358343140753,5604.316945666474,5602.748054333525
BTC,2017-10-18,5509.98,5561.99,5037.95,5190.0,1462.675191,5133.8904999999995,5129.4724,5228.584250000001,62.1500002806482,20.04543560122329,9.180985862365869,26.61472890985747,31.598016288732317,5211.830366685728,5055.950633314271
BTC,2017-10-19,5550.0,5710.0,5490.26,5692.99,996.36569,5686.1115,5685.978,5674.01245,54.94241666125935,0.12827901680157083,0.13697146747535324,13.444396659764125,27.82421759498855,5703.883180027762,5668.339819972238
BTC,2017-10-20,5685.01,5811.3,5600.0,5800.02,808.200885,5741.714,5696.9662,5668.512300000001,73.83033228016507,28.428705281680777,23.754679059220354,16.308353848692317,47.51879018240357,5813.457085074415,5669.970914925585
BTC,2017-10-21,6000.22,6171.0,6000.0,6161.96,983.175366,6158.489,6128.778200000001,6115.4312,60.80516922419691,9.733498416739167,11.36731674290377,7.554935806926455,25.27537419579737,6181.909269767792,6135.068730232208
BTC,2017-10-22,6030.23,6053.0,5720.03,5940.07,884.370171,5923.357,5889.9832,5837.1836,62.12741796611684,14.784246628299115,15.257134908968188,18.319503146142644,47.70603656386269,5957.243152393113,5889.470847606887
BTC,2017-10-23,5946.02,6080.0,5650.0,5750.0,1039.94258,5731.0085,5720.636200000001,5779.28205,62.63169827640026,6.6345864568102115,5.732144960477667,9.701951481765107,20.678455432709665,5750.413800589965,5711.603199410035
BTC,2017-10-24,5923.06,5925.0,5482.22,5615.91,1592.623466,5626.7915,5624.914400000001,5633.43575,42.45914414791466,-2.6718929391299753,-0.8148546704328481,6.22017109517472,23.115306701121703,5643.756384054933,5609.826615945068
BTC,2017-10-25,5449.9,5650.0,5286.98,5466.02,1412.933428,5481.499,5476.430600000001,5456.1487,43.648135397082406,-4.559768389840428,-2.0985955196684705,8.931277908006308,28.87667842157427,5514.144358567581,5448.853641432419
BTC,2017-10-26,5710.7,5939.99,5650.0,5890.97,1211.40424,5897.521,5882.0654,5878.4155,46.33455889704696,1.739044480154007,3.4681430163940883,7.590416095770278,39.003481866011256,5903.938665928497,5891.103334071502
BTC,2017-10-27,5950.33,5979.99,5711.22,5751.53,779.049772,5742.8885,5749.1926,5780.695,55.692389286510945,-0.9120449339998231,-2.456333158789005,4.930731657958727,18.409143788036122,5757.197823219431,5728.5791767805695
BTC,2017-10-28,5823.26,5849.97,5630.03,5692.87,630.825663,5705.1050000000005,5707.9074,5688.4478,44.75817003491654,-5.565046196412368,-2.1597306342184996,9.706822208204649,35.58229377567625,5729.87358373008,5680.336416269921
BTC,2017-10-29,5694.98,5815.84,5648.01,5795.07,861.291432,5795.3205,5787.3688,5779.335,57.09205876654388,1.9357924792120684,2.7186433251710955,2.383473410068195,14.201017016337389,5798.558909949993,5792.082090050007
BTC,2017-10-30,6138.95,6248.68,6030.0,6055.54,858.132984,6064.0305,6055.432999999999,6123.3325,41.7607409779686,-0.832759261244064,0.5615510764935652,6.750205845298519,19.157687741774893,6076.271858543671,6051.789141456328
BTC,2017-10-31,6142.99,6420.0,6100.0,6380.0,820.631788,6376.736,6375.1216,6298.89125,52.71538797832812,2.9787974657047016,2.8159147873022454,6.730856200237443,11.768575038550404,6390.8279145606475,6362.644085439352
BTC,2017-11-01,6430.02,6645.32,6338.02,6535.02,929.398194,6547.2865,6560.3994,6526.0481500000005,37.56476127252254,-8.295554155444734,-6.770536401564002,7.317688977974662,20.05945112102786,6571.94766888948,6522.62533111052
BTC,2017-11-02,6774.0,7300.0,6685.1,6950.21,1540.813819,6958.5175,6961.7498,6969.2937,44.598930776216605,-6.195508515057554,-6.228181988809795,12.85186181464253,22.404195241876128,6991.868297816586,6925.166702183414
BTC,2017-11-03,7015.0,7346.34,6999.24,7270.0,1194.994248,7240.8345,7242.7224,7230.292949999999,56.369832478634876,3.717375866661314,1.4156733508093144,22.515879016911285,43.51033542107882,7278.153924151323,7203.515075848677
BTC,2017-11-04,7098.97,7308.02,7056.0,7294.99,777.125742,7297.004500000001,7288.654,7230.718350000001,51.63480352283045,3.661841616836682,4.110762864387097,6.961242469028359,53.23027088458712,7304.597958962049,7289.411041037953
BTC,2017-11-05,7380.29,7590.25,7320.0,7521.05,712.670421,7530.476,7530.504599999999,7538.9421999999995,44.03089145682035,-2.9702458034589654,-1.9929872797866892,10.115641542341162,40.75080411374883,7549.120786295179,7511.831213704821
BTC,2017-11-06,7341.46,7400.98,7101.0,7215.0,846.252391,7213.017999999999,7245.3532,7315.98975,44.4877207286975,-8.513416429082099,-11.146970881104275,9.50402569121134,43.40407945125736,7225.86492741458,7200.171072585418
BTC,2017-11-07,7000.02,7198.49,6901.0,6990.02,745.870994,7002.0745,6994.615,7049.8745,43.00717302135428,-1.8006272978809648,-0.13619394785548974,12.176585902568176,15.23748855958748,7016.146906297598,6988.002093702401
BTC,2017-11-08,7275.01,7489.99,7230.09,7476.0,983.334055,7477.0824999999995,7466.5156,7433.56855,53.52394860047351,3.516357274686925,4.268061977633865,5.4370527227270316,20.071395928779747,7486.916961604017,7467.248038395982
BTC,2017-11-09,7333.04,7392.0,7015.0,7130.2,1233.666587,7146.013500000001,7152.601599999999,7125.5001,41.84863463979133,-3.808051351848917,-2.860827945898953,14.98542737175606,13.156375718068198,7165.241705610686,7126.785294389316
BTC,2017-11-10,7198.12,7279.91,6508.0,6716.01,1851.1802539999999,6723.3775,6719.71,6726.5312,47.30643059039118,-1.7664874196889286,-1.0089555279356472,10.614536823528482,10.344588844516588,6742.1717596304115,6704.583240369588
BTC,2017-11-11,6744.87,6768.4,6125.0,6310.02,1483.926228,6319.624000000001,6319.285599999999,6333.327950000001,47.36019609136573,0.876712567103823,1.2960838595213309,23.91331279789907,15.26521043639363,6348.437792114311,6290.81020788569
BTC,2017-11-12,5990.32,6630.0,5325.01,6244.05,3675.044806,6195.712500000001,6158.819800000001,6141.877149999999,60.81105372614573,26.627437481068227,21.287374716815723,35.207842004055166,64.29148248088937,6288.653618107001,6102.771381893
BTC,2017-11-13,5831.19,6697.47,5699.99,6529.96,1688.640532,6515.8099999999995,6468.382999999999,6509.43005,61.87105613441463,16.69372370820929,18.39874895548303,18.346986640489856,10.458445789282473,6551.702987058334,6479.917012941665
BTC,2017-11-14,6590.98,6684.98,6311.07,6458.1,782.926643,6473.2985,6481.0671999999995,6422.1911,44.54583793000907,-3.52329988582278,-3.220454683632777,13.702348800947478,18.88432843378776,6498.790768847409,6447.806231152591
BTC,2017-11-15,6779.0,7232.18,6713.26,7231.36,1054.076974,7194.6179999999995,7172.169,7099.9732,67.90473515488446,13.766946925386037,10.920790345752078,12.12637958485339,43.20891576147348,7230.987100951372,7158.248899048627
BTC,2017-11-16,7110.0,7546.7,7080.0,7461.01,1215.133335,7470.1275,7476.4804,7430.1465499999995,43.49688590491927,-1.0036142257285974,0.09420140289710943,10.720891994439253,17.86416030512762,7482.033053116011,7458.2219468839885
BTC,2017-11-17,7759.98,7970.0,7451.0,7882.02,2279.026986,7880.036999999999,7868.853600000001,7794.580749999999,58.53238586096056,2.6342716183817174,3.941885431006517,10.950466194966598,19.198710953353153,7892.8809325752245,7867.193067424774
BTC,2017-11-18,7510.0,7759.48,7422.0,7639.75,2063.168701,7633.457,7659.985599999999,7674.5857,49.32127315985006,-8.403720530977807,-10.86699603009499,12.469338890063213,34.82871474812045,7656.353833055959,7610.560166944042
BTC,2017-11-19,7805.98,7818.93,7650.33,7758.18,2017.709124,7755.2455,7759.6954,7748.360499999999,51.5419580184616,-1.3789126964920797,-0.9798003997960565,13.630079642426288,44.05351054627902,7770.75781958793,7739.73318041207
BTC,2017-11-20,8019.99,8239.98,7954.0,8186.0,2306.15771,8200.067,8219.615800000001,8179.089,33.317612662026406,-9.772200895433343,-8.55299546382943,8.9976467365157,35.02001528834724,8221.491554231177,8178.64244576882
BTC,2017-11-21,8219.4,8400.0,7801.0,8373.12,3023.157021,8377.58,8364.2842,8277.54295,50.62176352601658,5.736199239729103,8.237098590669282,15.599245860826635,19.481184433420317,8402.383650537851,8352.776349462149
BTC,2017-11-22,8160.06,8322.68,8108.0,8239.99,2305.308517,8229.5415,8211.466,8204.563,60.254890006175735,8.460207643749527,8.678429648162695,11.002047505603384,23.558119158663562,8250.315685206284,8208.767314793715
BTC,2017-11-23,8190.02,8260.0,8031.01,8174.99,2529.054723,8167.455,8155.5364,8146.24275,53.064676914802824,2.457061682245694,3.1101824726792158,18.062881870642897,23.47754857001348,8189.1876349069325,8145.722365093067
BTC,2017-11-24,7999.98,8369.0,7950.0,8129.94,2959.402572,8148.624000000001,8150.342000000001,8139.388150000001,45.85551944670297,-11.06812218741743,-6.858020978826524,26.241439037276606,41.44501319063645,8195.253265660049,8101.994734339953
BTC,2017-11-25,8150.02,8550.55,8090.0,8496.26,2529.42418,8509.8595,8497.530999999999,8499.28615,46.92881944250042,-1.353330240055584,1.1415350992135882,16.665598740949136,20.92301465132624,8537.510046087798,8482.208953912203
BTC,2017-11-26,8778.12,9027.62,8670.48,9018.56,2334.254143,8994.9295,8975.4236,8952.97545,64.20011133063382,11.150955263752621,9.67516421973837,10.893020370375021,32.74568735648122,9024.496817412848,8965.362182587152
BTC,2017-11-27,9526.02,9654.28,9166.0,9604.98,2768.5389959999998,9610.331499999998,9610.956400000001,9553.8169,47.24436195156005,0.042107481973289396,0.3979976298117514,14.956685171764853,37.39728267328331,9626.085946071093,9594.577053928904
BTC,2017-11-28,9614.98,9939.0,9580.32,9777.19,2955.648296,9823.441,9847.6876,9828.0419,25.199865089773816,-13.621837401628,-9.824185332349641,18.066215005764082,19.476674634327217,9857.40301813794,9789.478981862061
BTC,2017-11-29,9989.55,11300.03,9900.0,10336.05,5499.290033,10589.626,10855.645,10944.384500000002,24.55840931527655,-131.0692859499013,-111.49139926392407,88.3346357308319,50.6472989592015,10845.208148860293,10334.043851139708
BTC,2017-11-30,10350.03,10900.0,8850.8,9096.27,5649.332086,9040.8465,9152.734,9309.551899999999,54.201188769219556,-30.085757045137143,-45.043404377815904,45.857365163104205,26.094967079624645,9183.901673031587,8897.791326968412
BTC,2017-12-01,9592.72,10740.0,9380.0,10499.49,3786.411484,10465.8635,10425.5674,10427.8,57.77690777464587,25.621287215748453,21.456244305487374,33.514536989401236,26.2032266920176,10553.192354400748,10378.534645599251
BTC,2017-12-02,10978.02,11190.0,10620.0,10775.25,3139.095443,10821.009,10846.553,10940.60375,36.92194994299585,-14.204122012195512,-12.456906172169878,29.375928985900227,20.771993225205104,10892.273135131236,10749.744864868764
BTC,2017-12-03,10911.03,11820.66,10842.01,11735.03,2681.458316,11751.896,11679.086,11630.1947,51.17120458476337,21.246637470852875,27.1998254694573,21.098602595420495,30.441804398555966,11790.85093365436,11712.941066345642
BTC,2017-12-04,11285.0,11600.0,10802.0,11330.0,2386.938771,11284.413,11290.554199999999,11224.2435,61.75945883376693,0.23835294386663008,-5.799004114551376,22.01147386794641,25.92795139285726,11342.513278519202,11226.3127214808
BTC,2017-12-05,11591.65,11853.0,11450.0,11771.7,3043.547765,11780.2255,11761.2416,11755.814049999997,47.51945169784083,2.0496216454212117,4.457277106724055,9.910261029294087,22.80932814087196,11791.13626436344,11769.31473563656
BTC,2017-12-06,11989.58,12920.0,11989.16,12654.03,3538.589755,12703.178499999998,12717.5594,12723.1424,30.139947997864343,-12.445013053456933,-7.409830317728662,18.957163766735132,26.65170237927285,12749.387257297618,12656.969742702378
BTC,2017-12-07,13593.01,15500.0,13050.0,15100.0,3960.351335,15317.524500000003,15195.9404,14798.1425,41.09815879593443,-5.859875049107359,43.07419233469823,118.64758833886911,38.14056619607948,15579.967039956759,15055.081960043248
BTC,2017-12-08,16500.99,16900.0,14015.0,15437.02,11212.712436,15452.920999999998,15564.4986,15128.923200000001,47.43384925482085,-33.41294087759343,-37.10129519261899,96.4124746428605,23.862857589088794,15554.390936216801,15351.451063783195
BTC,2017-12-09,15594.4,15699.08,14203.0,14485.49,7595.808665,14426.826000000001,14548.910600000001,14751.352950000002,51.70465825001761,-18.64229243005866,-42.233834265024086,60.44058458553521,27.140890936895783,14544.117072361601,14309.5349276384
BTC,2017-12-10,13708.05,15563.5,12368.0,15559.26,9874.659956,15267.034,15096.4308,14509.17885,69.95981051102525,115.06642289438423,91.75968365340998,105.0899131797327,24.210157927939928,15555.700062321039,14978.36793767896
BTC,2017-12-11,15920.0,16689.0,15818.0,16256.09,6936.314346,16205.654,16188.0438,16240.3122,64.14054070143747,14.583657955812669,9.745134025396446,24.174545920590838,17.895948847478895,16252.037807262148,16159.270192737853
BTC,2017-12-12,16720.0,16921.06,15875.0,16020.36,5771.032437,16012.960500000001,16205.448599999998,16428.914549999998,45.16447573368559,-52.87968219061804,-71.22421422108042,102.97573036052958,21.397142021891273,16187.141266960385,15838.779733039617
BTC,2017-12-13,15961.01,16420.35,14666.56,15908.71,6603.881188,15934.520999999999,15948.187,16123.9078,45.57923730294154,-16.810874333688844,-21.740450997459753,57.977009050659184,24.890080581469096,16041.966465032154,15827.075534967844
BTC,2017-12-14,15867.34,16445.0,15450.0,16000.02,6836.879883,15921.64,15938.5478,16186.5507,58.34972974491518,16.6976621237136,3.8072434575058303,63.50246898977368,23.633828917027813,16029.129299932656,15814.150700067343
BTC,2017-12-15,17181.0,17991.0,16850.0,17525.0,5749.401065,17492.3125,17598.643799999998,17732.38275,48.48795912184191,-21.38920362729914,-36.64310271985318,48.78758260092162,28.083795863920717,17602.156165066066,17382.468834933934
BTC,2017-12-16,17481.0,18687.48,17190.01,18687.48,2112.47385,18574.9695,18541.612399999998,18225.3052,70.56389801709034,42.142047718400136,28.58171621023014,32.44776900904353,26.63009385822684,18703.889300105646,18446.049699894353
BTC,2017-12-17,19038.0,19798.68,18810.0,19150.0,5070.271621,19055.8215,19180.761400000003,19428.110800000002,53.86862341004281,-11.961117259834282,-35.359238424757095,77.90706532522273,32.53593656114139,19219.025546552293,18892.617453447703
BTC,2017-12-18,18461.34,19300.0,18000.0,18475.05,5991.336674,18554.952,18594.468399999998,18585.5645,36.41734302184604,-46.57297477128304,-38.27439313393584,59.44156469136237,34.75634907237617,18720.786269510645,18389.117730489357
BTC,2017-12-19,18585.0,18850.0,16300.0,16958.12,8676.80598,16916.257,16821.5476,17308.640399999997,51.71791578049056,74.20978841818942,73.54177335229456,97.61945638472379,21.736053099162977,17315.15621684891,16517.357783151092
BTC,2017-12-20,16300.0,17720.35,15750.0,16640.0,7256.896659,16766.658000000003,16890.0112,17197.68375,37.70296534366661,-68.86610644283428,-53.97383895460537,84.7737118241987,30.446027614976686,16969.826536599707,16563.4894634003
BTC,2017-12-21,16753.2,17309.5,14400.0,15100.0,10457.618447,15020.347,15168.3484,16003.02125,52.9971082034031,-116.54780015185497,-129.45528197475798,197.2939423725083,30.5855429460864,15642.313477492035,14398.380522507965
BTC,2017-12-22,14286.3,14738.99,10961.0,12724.43,24915.529776,12748.041500000001,12331.4188,12512.36825,55.18492618006832,88.66574028822288,131.18086199685627,186.792898463169,18.534094150364066,12962.411198444239,12533.671801555764
BTC,2017-12-23,13846.0,14950.0,12978.18,14470.0,7397.274777,14562.411000000002,14712.386999999999,14504.755949999999,38.37949879460327,-85.64144361528633,-81.55800097607927,81.53298647978163,33.256070603366545,14808.518501056296,14316.303498943707
BTC,2017-12-24,12749.94,13819.99,11640.0,12399.15,17571.206765,12591.241,12819.711800000001,12567.5876,29.504901322739418,-81.7953742527734,-73.65702028121707,98.02114750772714,19.814782808407394,12736.584902644945,12445.897097355055
BTC,2017-12-25,13270.59,14300.0,12708.0,13499.86,11153.267748,13452.876999999999,13352.8402,13668.847849999998,60.3750930893594,30.361359708791497,27.13666155012433,56.51989792593239,27.177470700051664,13557.547191191454,13348.206808808543
BTC,2017-12-26,13675.46,15900.1,13650.0,15699.99,11463.824013,15731.85,15709.4272,15299.170049999999,48.8421266723062,-1.9219927437079605,7.0076808168187394,58.09288768375453,10.010045784404,15808.99007259448,15654.70992740552
BTC,2017-12-27,15769.77,16498.05,14876.0,15144.86,8369.791681,15214.151999999998,15147.183799999999,15577.45895,44.910117548213265,4.525571327736543,17.903842997970397,71.22774691970062,18.198843417161417,15321.777957389779,15106.526042610218
BTC,2017-12-28,15135.14,15188.41,13150.0,14119.0,14828.035811,14133.956,14150.7286,13888.89755,49.477292993233036,-21.532448218411446,-12.587237969475726,62.92623829832656,17.256122462147726,14261.13190910169,14006.78009089831
BTC,2017-12-29,14602.71,14981.0,13850.0,14476.74,10578.03537,14347.407000000001,14336.7852,14210.67985,74.80395475667567,38.66755693406776,20.101721970787587,34.2024006216112,32.27119711869624,14482.696505003069,14212.117494996934
BTC,2017-12-30,13251.0,13705.82,11821.0,12300.03,11543.722944,12416.189,12389.131199999998,12374.184350000001,34.80243072869271,-18.118627717247364,3.2530377313443224,68.29093078691857,18.271738632147276,12538.367457658529,12294.010542341472
BTC,2017-12-31,12945.34,13421.75,12425.98,13146.55,6450.088728,13121.967499999999,13230.683,13180.494749999998,47.1461417484652,-29.639654781345598,-38.46859118182779,49.11564402287377,29.666802298555975,13160.817248971043,13083.117751028954
BTC,2018-01-01,13290.0,13818.55,12750.0,13270.0,5075.96749,13277.905999999999,13214.3416,13062.52305,54.521914980568916,25.91404990283627,33.82750468275705,34.80499518967777,22.9674376392555,13353.356610972092,13202.455389027906
BTC,2018-01-02,13599.15,13894.86,12890.02,13587.0,9732.61569,13573.513,13630.2372,13663.3715,47.380708732309515,-18.897114524865174,-23.74771254859118,36.170877010893996,18.18487805334438,13609.200109773523,13537.825890226479
BTC,2018-01-03,14781.09,15307.56,14150.0,14879.91,11006.413885,14907.5585,14883.155799999999,14775.57355,46.663726961010205,-4.061424131834428,2.9396860841688808,36.76475064191375,17.59688162493669,14955.354210382591,14859.762789617407
BTC,2018-01-04,15201.67,15280.0,13918.04,14585.0,13704.461085,14582.0525,14529.5116,14438.00915,54.37914264923594,20.523554662182505,23.007783352821356,41.921150661897066,29.185554589544076,14623.304670791786,14540.800329208214
BTC,2018-01-05,15150.04,16350.0,14600.0,16077.99,12937.492762,16094.503,16087.7904,16017.686000000002,46.09565299749128,1.910305127794345,5.8497947530180285,36.26076010539875,15.149962002825944,16146.162906737241,16042.84309326276
BTC,2018-01-06,16769.99,16848.39,16011.21,16563.45,9993.118915,16575.222,16482.9424,16349.54135,55.402249772513315,13.406847902435402,24.119280968544793,41.68155370613705,23.78491823185662,16643.691225670795,16506.75277432921
BTC,2018-01-07,16870.0,16909.97,16300.0,16425.01,6779.821934,16442.6095,16479.675600000002,16494.731,40.04704925096325,-10.84674072271082,-13.551694783369207,31.169895400911496,12.435850515670452,16473.833008757338,16411.38599124266
BTC,2018-01-08,16077.52,16100.0,12812.0,14250.0,17195.204344,14282.856,13846.4776,14557.18125,52.779156262351904,135.29969001489007,170.5204951665398,169.1195396423432,17.724338048777785,14660.7858369485,13904.9261630515
BTC,2018-01-09,15228.0,15500.0,14011.05,14678.96,8755.145352,14708.723499999998,14664.8578,14480.840450000002,48.86262964565839,4.048612141405101,15.8118178053693,50.26223880573862,19.608129287086268,14766.622223397004,14650.824776602993
BTC,2018-01-10,14279.85,14349.99,13131.31,14155.0,11329.469037,14064.530499999999,13880.945,13827.064750000001,64.41399579823738,66.78142211678096,70.59885951311745,75.68866538463767,27.188624852414097,14191.908783937943,13937.152216062055
BTC,2018-01-11,14477.99,14478.94,11400.0,14021.0,24379.128161,14158.390999999998,14161.3136,13866.3783,36.21425203116176,-44.304404661234,-22.88518919734957,72.59460410711439,21.16448212966544,14332.045724312322,13984.736275687674
BTC,2018-01-12,13409.97,14109.78,13228.01,13555.0,8962.693116,13656.520500000002,13733.736400000002,13847.032249999998,27.03325323903854,-43.01836568352519,-37.86308901709214,36.39386090091566,41.506530037191304,13759.252987456883,13553.788012543122
BTC,2018-01-13,14144.11,14580.0,13820.0,14296.88,7044.478574,14287.236,14281.3418,14357.159,53.67975264006485,7.032751347069279,5.242641808449909,45.675445043740396,26.02294245677955,14312.968540021739,14261.503459978263
BTC,2018-01-14,14298.99,14324.99,12569.2,12762.31,11900.949949,12760.578,12995.340400000001,13126.45615,45.587562036733424,-80.78204361478674,-102.45904209645492,90.56046468502277,39.38180900570776,12982.778936775769,12538.37706322423
BTC,2018-01-15,13359.83,14249.99,13147.79,14025.99,9391.787996,14043.829499999998,14047.0974,14029.4449,46.39126509110548,-10.770885065785478,-9.394528035881736,32.23982686674687,22.70446092510102,14102.846438745653,13984.812561254343
BTC,2018-01-16,12764.61,13211.1,10620.88,11699.93,30386.135005,11663.392000000002,11628.3576,11617.813549999999,55.49954983200723,18.96859272612346,14.017338524572361,62.22887026097855,12.046863382100119,11729.867097774326,11596.916902225677
BTC,2018-01-17,10816.12,11111.0,9037.94,9265.0,36179.95006,9163.5105,9237.492,9702.3125,53.97651525417499,-9.92843367747082,-31.050644556350296,97.44897195365536,11.595865720700191,9315.291094210457,9011.729905789543
BTC,2018-01-18,11383.96,11878.82,10435.33,11665.85,26967.317675,11580.541000000001,11630.996000000001,11537.86815,56.52472768782645,6.324232639490219,-8.454746349143964,61.41274716655687,22.365956077231736,11685.849439148726,11475.232560851277
BTC,2018-01-19,11120.01,11795.0,10360.0,11377.31,22735.512734,11406.542,11340.035,11543.3754,48.45231225364952,4.358837878655322,12.85244298725932,48.75117662672349,16.026659594484823,11465.12317772763,11347.96082227237
BTC,2018-01-20,11600.0,12869.0,11545.0,12560.0,18991.967914,12545.944500000001,12588.58,12536.139200000001,49.75074333359813,-9.323101021642287,-14.645337497798696,40.62691309900515,23.124099300658223,12604.083500153607,12487.805499846396
BTC,2018-01-21,12524.96,12625.0,11300.0,11505.21,23252.862413,11689.513,11726.301399999998,11924.02115,20.34070931081663,-58.351560475806764,-37.21222126792772,43.213978178094976,32.09961724244356,11883.860128931949,11495.165871068053
BTC,2018-01-22,11288.71,11926.35,10284.55,10460.0,23444.548654,10551.97,10554.375,10780.5824,40.4514306963297,-14.8363251745468,-7.019332749053596,64.3639793703366,10.441936726407006,10629.41951258773,10474.520487412268
BTC,2018-01-23,10646.0,10998.0,9905.0,10545.5,20205.355735,10600.0065,10536.1208,10332.64585,44.33088349287556,13.928072332930242,27.237380663785466,41.87793681591735,24.892890410443925,10669.84631708898,10530.166682911018
BTC,2018-01-24,10603.97,11570.48,10500.0,11160.0,17135.072485,11201.36,11238.1726,11304.004249999998,37.50529387205379,-18.87697915894023,-16.131005487311064,40.902684234422686,30.607548541452967,11247.875827412718,11154.844172587284
BTC,2018-01-25,11379.0,11794.05,11028.0,11139.07,12516.158573,11181.429999999998,11191.634400000003,11197.538150000002,39.156063326526684,-15.589320077111552,-11.579255924232083,30.69658399224657,20.058827781054028,11238.707167178727,11124.15283282127
BTC,2018-01-26,11542.79,11643.0,10311.15,11003.0,22887.152397,11003.442,10922.5152,10721.9699,53.58749253382637,25.549499188875416,29.961067646003073,41.66220870531754,31.833473746746556,11073.357146743323,10933.526853256675
BTC,2018-01-27,11006.0,11400.0,10900.0,11228.88,9718.086936,11179.064,11143.891000000001,11089.2801,71.97121145072511,23.167530657619864,18.956617043233837,20.007130815917726,32.1625370977883,11237.113189279418,11121.014810720582
BTC,2018-01-28,11534.19,12244.0,11444.01,11881.0,11792.740193,11831.1535,11809.841600000002,11811.317,70.51518928493061,19.64151852827854,14.278674793709598,21.390633034787662,22.41774282624155,11901.630859278997,11760.676140721003
BTC,2018-01-29,11579.07,11739.08,11139.55,11274.14,8131.107575,11315.534,11353.6402,11321.20705,23.665207577725198,-20.894075513409916,-18.243840039141684,16.106693207644692,47.7224385937142,11359.161240298678,11271.906759701322
BTC,2018-01-30,11016.11,11210.57,10216.0,10228.0,10261.1892,10351.488000000001,10480.924,10721.48375,27.769651658458795,-65.21938042974762,-56.04001546188722,48.272953511833954,28.773662719356373,10474.906451229721,10228.069548770281
BTC,2018-01-31,10015.86,10425.85,9810.0,10045.03,9997.5786,10036.3315,10005.5238,10190.050150000001,52.82193770645821,14.636948020875934,12.1508511512022,33.155808173436256,25.52446487486766,10081.231117938209,9991.431882061792
BTC,2018-02-01,10298.74,10317.73,9224.0,9415.0,16386.218371,9393.958499999999,9412.702400000002,9409.75485,53.44155781140162,-1.686796224939826,-6.368846076965493,25.744688002296574,20.631543931625465,9423.50823656509,9364.408763434907
BTC,2018-02-02,8832.0,9120.0,8010.02,8858.41,33274.248278,8814.5655,8770.174,8626.47375,57.98728405801727,35.12378918266586,31.38698671164678,47.21115240746097,27.284971776353924,8925.500678635963,8703.630321364039
BTC,2018-02-03,8673.35,9459.6,8229.0,9285.12,18465.031357,9275.437,9347.5398,9211.285450000001,47.894395806345536,-22.591144672534938,-29.588738485873343,44.538423428715255,30.508022542223756,9369.558226533596,9181.315773466404
BTC,2018-02-04,9057.33,9368.0,8419.0,8427.32,15326.956951,8517.848000000002,8608.884,8669.43215,30.324263283757507,-43.01993937273619,-39.09052419465988,41.58741581503529,18.700838704024967,8591.574873146401,8444.121126853603
BTC,2018-02-05,8023.04,8382.8,7167.0,7414.0,26885.618225,7277.985500000001,7296.2212,7506.077300000001,64.7968403410943,20.347262338244946,-0.43490033833576636,59.30486805865367,17.45230086233807,7398.354494591627,7157.616505408374
BTC,2018-02-06,6462.01,7462.0,6000.01,7305.53,61743.189919,7373.4985,7221.937,6987.6467,48.02566397703132,33.10109686911892,55.19535962348308,51.59797250047374,24.286967238487602,7476.704457439721,7270.292542560278
BTC,2018-02-07,7661.45,8476.0,7150.01,8060.0,35844.860367,8126.976,8196.254,8241.89335,35.233936485620355,-38.34030608242665,-33.24735435460609,41.181744307889446,31.349866080276605,8215.852694447884,8038.099305552117
BTC,2018-02-09,8269.92,8738.0,8253.0,8567.57,14376.88979,8566.138,8512.354,8560.59675,53.70610598470728,18.658747214145478,23.255522008196866,23.716810619506756,27.446077836499278,8639.460028504665,8492.815971495336
BTC,2018-02-10,8849.32,9065.78,8231.0,8247.99,26613.963583,8298.164,8370.3164,8601.951949999999,34.76327102291092,-35.53233425697181,-35.41799878731786,35.76204212877351,42.039105120383496,8365.891453931757,8230.436546068244
BTC,2018-02-11,8209.99,8495.0,7726.53,8494.36,29323.392782,8439.2995,8407.135,8333.76105,72.3740659124931,18.848009815126716,13.47213642007766,19.08490349884795,15.297371144314342,8485.595641729265,8393.003358270733
BTC,2018-02-12,8366.01,8840.82,8337.0,8607.26,23687.864029,8599.615000000002,8579.0726,8654.7312,55.75099587133839,4.072076254682543,5.400543813354259,17.849935386452124,13.082012809885509,8618.415317549312,8580.814682450691
BTC,2018-02-13,8720.05,8786.3,8351.0,8501.24,21863.44893,8510.7225,8563.6414,8584.0038,42.99493436163683,-20.786105537052208,-22.854591013603574,21.038274743815983,22.23972428774207,8566.051519827395,8455.393480172605
BTC,2018-02-14,8680.91,9329.92,8631.03,9236.3,24993.437173,9250.081,9214.179399999999,9196.9169,48.76082932545919,8.240231922010935,13.342262537841645,21.248285292837632,26.574056210208603,9284.097010288902,9216.064989711098
BTC,2018-02-15,9417.0,9925.17,9371.56,9801.0,30176.034313,9819.819500000001,9808.0046,9714.39355,43.57327592932814,8.268079522846165,10.092267316448538,15.19291753257276,16.438129408354925,9855.495679433441,9784.143320566562
BTC,2018-02-16,10230.98,10239.21,9666.0,10069.98,23562.200335,10084.4005,10064.824,9928.3984,46.11209130988238,7.606795063151367,11.474109473432819,21.63067186920814,17.22051050825245,10128.334699195948,10040.466300804052
BTC,2018-02-17,10365.17,10877.91,10310.0,10644.0,25891.37783,10669.223999999998,10670.3272,10699.28855,41.37489360093481,-6.508968784548415,-4.087503349229018,25.50717537704394,19.13876846329767,10706.152667129334,10632.295332870663
BTC,2018-02-18,11189.32,11274.0,10080.0,10778.0,41118.308641,10788.107,10765.6548,10653.811599999999,50.11635312792828,0.18996399459501845,3.6688615101793554,21.55535426550259,15.889991586332044,10827.60422982812,10748.609770171879
BTC,2018-02-19,10525.0,11160.5,10334.0,11129.66,22647.436751,11126.953,11053.518800000002,10950.59045,59.21459382263396,12.806869645544793,20.568485366642324,24.013522537021423,43.54775982838425,11157.977977744064,11095.928022255936
BTC,2018-02-20,11470.0,11650.0,11156.0,11460.47,21894.947292,11458.746,11461.186200000002,11490.80955,50.72704486116075,3.522506325860377,1.2602714582675372,16.63585578743612,17.62004076963349,11478.348801227905,11439.143198772093
BTC,2018-02-21,10977.55,11185.19,10451.0,10470.0,34083.92366,10486.0255,10547.405,10764.61225,41.80837903544246,-16.621350073033682,-19.18087921287047,37.93870748381249,10.788357158061569,10520.37704289256,10451.67395710744
BTC,2018-02-22,10719.91,10933.44,9711.0,10030.0,43241.041095,9985.875,9926.631399999998,9923.1056,58.96977695535644,30.432702517153302,28.215488705463823,37.02952295072888,21.03580779342664,10077.6699420173,9894.0800579827
BTC,2018-02-23,9703.55,10435.0,9645.0,10253.82,33770.582665,10283.634,10304.742,10260.33275,39.758085501043674,-15.568563279812224,-15.385964006158916,23.373141113577336,21.874885598744296,10342.138345616799,10225.129654383201
BTC,2018-02-24,10407.96,10496.97,9556.0,9758.96,25898.831925,9778.182,9780.711800000001,9731.4639,43.487031056543294,-9.949556063422278,-5.082001834304881,16.89292089127317,18.412619461799633,9819.971949318482,9736.39205068152
BTC,2018-02-25,9720.19,9847.0,9300.0,9320.1,16819.9826,9318.022500000001,9341.576399999998,9462.559299999999,46.683727063289744,-2.5879055987043103,-6.949133770885388,18.9760287121724,22.19792114775098,9345.711173406153,9290.33382659385
BTC,2018-02-26,9665.78,10344.0,9350.0,10207.06,21980.483342,10201.3,10186.2792,10072.4648,51.79133563664689,10.439046626755953,7.099570782975633,24.76604306015923,16.67125764730398,10243.708349177954,10158.891650822045
BTC,2018-02-27,10136.0,10870.0,10134.25,10555.0,20774.334859,10526.439499999999,10582.7848,10692.04265,52.33272496394352,-6.724939313995492,-15.538689381983609,24.903592947495014,21.50892382058268,10571.841733194327,10481.03726680567
BTC,2018-02-28,10742.23,11098.0,10375.54,10520.63,20642.895623,10557.4165,10551.8412,10497.25465,32.61904652479183,-3.8072702613317233,0.60896287960471,15.284649879098927,24.24036619816739,10583.96763502262,10530.865364977379
BTC,2018-03-01,10398.13,10831.0,10288.3,10678.0,12847.723895,10697.317,10728.960399999998,10727.377700000001,38.20490205964326,-4.663676022584696,-7.991574851807432,16.239650706303188,25.122758547389278,10724.641926422888,10669.99207357711
BTC,2018-03-02,11128.77,11160.0,10770.0,10847.57,13953.636356,10837.881,10827.8874,10907.542550000002,57.16736517091331,2.9438380018054886,3.165001870117586,11.517411325835809,11.743614874713908,10855.746619384792,10820.015380615207
BTC,2018-03-03,11247.99,11505.99,11210.5,11450.0,12200.983959,11441.9185,11440.4846,11434.192100000002,54.484644227005454,3.697491266500947,2.4103807198857794,11.427882791016843,14.290805217308135,11464.184523690861,11419.652476309138
BTC,2018-03-04,11384.99,11385.0,11050.02,11109.97,9772.503985,11134.655999999999,11129.7354,11178.157449999999,37.26376169611911,-4.69235535900043,-0.4372675218481239,12.711510852120588,26.12730235650248,11161.415903138633,11107.896096861365
BTC,2018-03-05,11493.0,11608.0,11435.0,11498.0,7971.425666,11478.994,11487.1948,11515.835250000002,61.119576513892945,2.352592047001963,-1.3014425244006134,9.392984521310824,21.393585686288763,11500.288469141367,11457.699530858634
BTC,2018-03-06,11266.99,11360.0,10777.78,10980.21,14948.894055,11006.506,10988.2618,10906.256099999999,42.83406757250265,-1.322603338621775,5.488961898051851,15.597792010000889,23.424725816063354,11047.000181013276,10966.011818986723
BTC,2018-03-07,10820.0,10852.67,10400.0,10630.7,15995.885872,10670.5785,10673.453000000001,10615.259399999999,35.57311926951848,-8.858537755253565,-3.984984177341958,23.851181128197275,30.808578878624385,10710.754591534858,10630.402408465141
BTC,2018-03-08,9658.0,10099.0,9470.0,9866.93,18255.60942,9871.257000000001,9819.9836,9781.6136,54.039776780195545,12.496403672554152,17.874480755471012,26.189806246226883,22.195605144889836,9901.384087545854,9841.12991245415
BTC,2018-03-09,8988.03,9165.18,8329.0,8970.0,39472.97042,8965.6875,9027.5468,8979.4695,48.017997763703484,-15.324365443806528,-22.113782632285783,35.14361253995595,33.69167763128096,9025.64779315357,8905.72720684643
BTC,2018-03-10,9284.84,9490.0,9073.66,9377.91,17614.482349,9409.3275,9419.7978,9332.64015,42.382939263586806,-17.553061896111103,-12.691742414050836,23.16923807097128,32.51459653273454,9478.946267261294,9339.708732738705
BTC,2018-03-11,8568.9,9335.0,8500.0,9061.0,20982.958423,9164.772,9181.149599999999,9201.1484,21.82414489608276,-19.63409081764803,-9.999035697254184,25.71727376463395,33.15786009267453,9228.793799912935,9100.750200087066
BTC,2018-03-12,9559.22,9888.88,9172.0,9259.99,21934.27125,9284.862,9289.415799999999,9595.38435,44.249628609238236,-6.4967390851397795,-6.632658908407203,31.571937103644128,19.863220678014898,9322.190102873552,9247.533897126446
BTC,2018-03-13,9110.0,9474.0,8823.0,9034.96,25881.353578,9005.339499999998,9039.929,9057.670699999999,55.20835489993441,-5.432487838403176,-13.677756319929049,29.65702691840773,35.4104669390632,9054.919611526928,8955.759388473069
BTC,2018-03-14,9279.0,9308.0,8570.0,8700.0,21154.503016,8685.229,8711.4568,8690.1572,52.366751835628804,-2.4351547740498063,-7.201924940070151,21.975737744642835,21.009970090262886,8721.80246136109,8648.655538638908
BTC,2018-03-15,7880.36,8430.0,7650.0,8021.0,34009.213179,7994.301999999999,8087.3526,8215.38695,50.00803444498254,-22.237413780851057,-33.04143866442248,31.814603463902667,48.766745196220825,8043.634421630981,7944.969578369017
BTC,2018-03-16,8044.59,8550.0,8010.0,8510.0,22049.536199,8486.317,8468.8704,8371.6872,62.9301834597422,8.523845916401115,6.414911519546527,17.83892559870588,18.222665693050143,8512.874306414644,8459.759693585354
BTC,2018-03-17,8141.99,8348.62,7852.2,7911.2,16727.133159,7893.714,7912.9014,7985.017999999999,53.2930820486735,2.031874592069471,-4.943852462245507,21.306103814103096,23.53783503733489,7932.229674939286,7855.198325060714
BTC,2018-03-18,7630.26,7829.0,7322.0,7370.0,27394.084817,7418.492,7444.7714000000005,7551.73135,32.294273078791676,-14.187921838025431,-11.461983052392974,21.05851784386613,17.446439997730536,7469.434409679854,7367.549590320146
BTC,2018-03-19,8169.06,8705.23,8089.0,8575.01,29434.300462,8535.1985,8548.5874,8442.1684,63.22277197863388,2.395403222537425,-4.518222920847842,20.22069795171631,24.509914999620957,8578.12777452165,8492.26922547835
BTC,2018-03-20,8481.01,8667.0,8280.0,8540.16,20797.546502,8548.5845,8523.017,8507.8647,51.03004178634752,5.591789933943801,10.161841076237902,17.785085513322798,23.860738666148176,8593.99588424462,8503.173115755382
BTC,2018-03-21,8989.0,9177.01,8880.0,9150.0,18923.356106,9143.693,9099.2328,9054.74325,61.28755921183806,11.36276916467068,13.97138175531928,15.739878109151022,26.440787482149542,9164.829998934994,9122.556001065004
BTC,2018-03-22,9039.0,9100.0,8465.1,8600.0,25990.650069,8570.7095,8537.9934,8619.59855,63.48846035903852,20.358886460511712,17.035270589916692,17.4050757598771,37.261667167117615,8622.117266134568,8519.301733865434
BTC,2018-03-23,8454.23,8687.98,8269.0,8592.33,24131.186082,8614.368,8606.930199999999,8439.22885,42.00711437192473,2.0402442469803646,4.259367534426185,18.942352876968354,16.72071890148849,8638.098502396824,8590.637497603177
BTC,2018-03-24,8855.26,8999.95,8666.3,8915.0,18096.009069,8939.4905,8952.8504,8876.78305,38.98222393004673,-7.756047103675883,-5.0498536488585355,15.82685078516826,23.431412043180835,8968.804340058792,8910.176659941208
BTC,2018-03-25,8518.43,8643.0,8365.77,8485.0,15764.498208,8495.864,8531.3784,8523.19045,39.98246440339833,-13.732726523569,-13.837037032929306,16.207520748901498,23.4504943893782,8520.147901992828,8471.58009800717
BTC,2018-03-26,8422.02,8491.25,8000.01,8034.93,22241.842042,8064.704999999999,8081.5509999999995,8095.416749999999,34.02714124400836,-12.447683521541876,-9.688178698026002,16.259363487697932,24.102211531922304,8098.9050236849225,8030.5049763150755
BTC,2018-03-27,8151.09,8190.0,7730.0,8049.84,22320.978763,8059.87,8069.018799999999,7971.3174,46.8782129178875,-4.705680797804234,-2.4516326374491837,16.77094696268878,13.169787925538582,8087.707461809333,8032.032538190667
BTC,2018-03-28,7810.0,8109.0,7728.0,7901.0,16119.26073,7903.9,7957.467999999999,8008.99695,40.93216811108521,-10.506902085907313,-14.120447513922496,15.1743846017425,31.769064121993974,7927.719270349619,7880.08072965038
BTC,2018-03-29,7951.14,7968.86,7334.0,7371.98,25947.587875,7367.710000000001,7411.228,7471.5145999999995,48.53239799754232,-15.03577023771959,-18.344212614863025,20.236732217752653,40.634413054206945,7404.438636239279,7330.981363760723
BTC,2018-03-30,6752.09,7292.43,6666.66,6880.91,35609.661454,6888.1485,6884.984,6948.4276500000005,47.953177743842154,-0.7299669643534799,-0.9543378173784258,17.085980479550635,16.250258582852634,6916.410203610941,6859.88679638906
BTC,2018-03-31,7014.98,7223.36,6777.0,7023.0,22754.145775,7004.317499999999,7025.028999999999,7088.0521499999995,55.352514594329925,-7.584366764627703,-10.524938540627225,15.750809658744059,42.353198414719245,7029.055920220273,6979.579079779725
BTC,2018-04-01,6994.18,7049.98,6430.0,6463.99,20071.842574,6467.0845,6501.791,6623.6482000000005,44.67865289571208,-10.927933088146347,-13.344739303907048,20.035563790389883,24.611868677353936,6495.133072494562,6439.035927505438
BTC,2018-04-02,6975.98,7125.0,6833.0,6919.0,18141.679459,6905.045000000001,6953.4296,7009.99045,49.71331312961313,-12.943047745304284,-18.16238633426788,15.601098359639385,40.51371158457868,6935.1368749833755,6874.9531250166265
BTC,2018-04-03,7023.8,7447.99,7012.1,7321.51,22997.014522,7313.4220000000005,7324.717,7343.229249999999,52.107412784091814,-0.541737577148524,-2.725091545962713,12.162103010360495,13.271375803101126,7330.883687890533,7295.960312109468
BTC,2018-04-04,7392.0,7397.99,6835.0,6853.55,25688.276796,6878.4125,6940.6788,7025.6158,36.25101035237575,-15.367378485652807,-17.741836796252393,21.053865495736613,37.588526674284395,6911.005747690992,6845.819252309008
BTC,2018-04-05,6680.48,6902.0,6566.69,6828.78,25145.287687,6841.575,6836.821,6740.848000000001,47.768773659347865,-5.614150392832926,-0.703299872391618,14.684723764136734,26.125813724316853,6879.356912868353,6803.793087131647
BTC,2018-04-06,6770.0,6848.0,6500.0,6614.67,18976.925424,6609.0605,6603.4318,6590.814300000001,55.02701212459968,4.388973184414681,4.382642302183565,10.581379822841487,23.82318847276445,6625.495190718478,6592.6258092815215
BTC,2018-04-07,6772.0,6929.86,6743.74,6860.01,17011.358802,6855.914,6845.1378,6857.595449999999,55.88275812119965,3.939489973517084,4.256050818234509,9.927579524118482,16.028185670106804,6869.030643473427,6842.797356526573
BTC,2018-04-08,6910.01,7109.13,6891.79,7055.0,12168.023863,7065.8,7067.9130000000005,7064.63855,29.376843428718733,-2.6953916250040493,-1.4371475596178942,3.902367014436116,15.878149290900557,7073.738309643564,7057.861690356436
BTC,2018-04-09,7092.99,7185.0,6676.5,6729.57,23191.307832,6717.111,6714.1596,6737.215550000001,59.72428343469959,2.866525899188673,1.306251286787933,10.582519770815903,17.355935291706366,6728.696200730758,6705.525799269241
BTC,2018-04-10,6730.07,6820.0,6656.0,6754.16,11992.877841,6747.349,6756.105,6748.315349999999,52.32858436386644,-0.8586556118216322,-1.9720056329366928,8.09634818904089,29.191890937433534,6759.662824588759,6735.035175411242
BTC,2018-04-11,6840.04,6990.0,6787.0,6953.87,12771.946184,6952.673,6947.958999999999,6893.88825,51.80498101933706,2.641488125356773,2.6761898619648212,9.97016091274203,33.3980398384927,6964.864193706252,6940.4818062937475
BTC,2018-04-12,6929.79,8012.23,6743.2,7670.01,42845.306238,7684.563500000001,7695.068200000001,7679.00825,43.0536233703577,-9.301077285358588,-8.44528876029963,15.163276100107396,22.07006494197628,7722.526752902207,7646.600247097796
BTC,2018-04-13,7877.61,8233.39,7732.0,8078.0,31588.795353,8064.584,8075.830400000001,8125.83665,52.51821815269995,-1.6968810563857915,-4.9464381020975265,19.69528634951706,10.30477402499199,8089.9388223421065,8039.229177657893
BTC,2018-04-14,7943.0,8186.0,7849.46,7932.75,20371.160666,7931.731,7944.0848,7935.616849999999,47.91358636249139,-1.6724808583703634,-2.789759802197172,9.206716529621685,24.319029943542766,7947.176922309521,7916.285077690479
BTC,2018-04-15,8080.26,8429.54,8050.0,8333.58,16758.870891,8346.3945,8354.2136,8347.195,37.72595767778678,-6.992730011414096,-5.9513722559605835,8.969393631441523,28.582389620184216,8371.18409578084,8321.60490421916
BTC,2018-04-16,8359.0,8383.0,7867.0,7967.0,24966.005975,7950.606,7946.9346,7986.54335,66.37871420891877,5.564468005160961,4.125265701568783,8.338420919194037,25.18205544453515,7971.455607573603,7929.756392426397
BTC,2018-04-17,8068.12,8173.7,7956.17,8117.98,16863.425149,8115.6534999999985,8107.742000000001,8114.27975,55.99986068824589,1.547047377724084,1.8199571226326738,9.341781477357735,28.70441732599669,8124.551756626998,8106.755243372999
BTC,2018-04-18,7940.67,8149.89,7868.0,8086.02,13364.8212,8087.912000000001,8092.0638,8094.5652,44.990080757096294,-1.07797281432795,-1.2960278467121562,6.954801888873457,18.420370129221233,8093.495800140608,8082.328199859395
BTC,2018-04-19,8154.7,8290.0,8080.0,8223.3,16939.582299,8228.8595,8223.9408,8223.13195,49.01143294132428,0.4798212713230896,1.6848351709669884,13.554665413082713,14.094273013170886,8250.448267889758,8207.270732110243
BTC,2018-04-20,8325.47,8577.9,8177.09,8485.0,22803.479341,8494.791000000001,8497.5176,8509.8256,34.66100095099231,-3.311510492962043,-2.3203892467741487,7.279192754026618,27.699717338358816,8503.963151111531,8485.61884888847
BTC,2018-04-21,8794.0,9035.0,8565.0,8753.94,27551.742892,8759.547,8762.586,8720.15795,46.66131024659691,-3.475365518945182,-2.6594717135681907,10.433995609614259,22.95415151520307,8783.983273938644,8735.110726061357
BTC,2018-04-22,8810.03,9020.0,8768.79,8928.66,15668.920879,8936.6705,8914.674,8900.140099999999,48.04443689355594,6.294897874042363,8.801536510179671,12.419254973809364,28.97601217550963,8959.98373184371,8913.357268156291
BTC,2018-04-23,8824.46,8985.0,8787.01,8870.0,15638.651092,8896.6845,8914.6394,8920.813400000001,27.737113463213564,-9.896834589841092,-7.4842046683985695,11.915072760638424,34.246832377311556,8919.782914209776,8873.586085790223
BTC,2018-04-24,9157.0,9420.0,9124.02,9299.9,23389.932461,9274.5765,9266.936800000001,9316.35815,61.962753309561826,6.3821036775461835,3.364315108867874,13.656498527667633,16.83689407080584,9304.516951750065,9244.636048249933
BTC,2018-04-25,9574.99,9759.82,8781.62,8817.0,51759.351613,8862.7855,8930.5066,9059.43525,38.08573971439273,-33.10891228647415,-30.371506533272047,38.82358599095951,30.33940476706488,8933.098834005463,8792.472165994537
BTC,2018-04-26,8800.8,8977.0,8651.62,8800.0,23910.766369,8784.5975,8821.345599999999,8859.459,50.28422971639207,-10.716264467781002,-14.645442994786935,17.04363113862442,26.399618169042192,8812.243269929395,8756.951730070605
BTC,2018-04-27,9280.0,9395.0,9104.88,9220.6,19995.241142,9248.2105,9232.569,9280.36245,34.77992349063896,-1.3201203924290894,3.4010002433365183,13.793388012884458,18.60673000193925,9273.053267539057,9223.367732460942
BTC,2018-04-28,9032.91,9427.48,9012.45,9326.14,20087.195067,9383.958499999999,9393.2724,9334.633,23.192397452403814,-15.39276443901872,-7.1336762527090105,15.121577615568373,41.01098596678845,9435.697507827626,9332.219492172371
BTC,2018-04-29,9416.98,9570.51,9163.74,9362.39,27151.685492,9342.196500000002,9331.8808,9278.600400000001,70.59340049579426,7.958524967014455,5.863196775523255,8.019084576696951,18.781832832073565,9360.856590327216,9323.536409672788
BTC,2018-04-30,9419.2,9458.64,9124.99,9255.38,20945.448541,9266.6085,9276.5362,9285.58315,39.179886257624425,-7.426007520913117,-5.944830113543789,10.13362121861177,18.85496906358646,9286.144285906923,9247.072714093078
BTC,2018-05-01,8912.0,9082.08,8800.49,8894.28,23505.3374,8908.728,8916.809799999999,8931.78715,37.97460942416708,-6.032636556377838,-4.721119340315149,12.803921652263336,29.049347860949187,8929.56299901646,8887.893000983539
BTC,2018-05-02,9025.6,9217.3,8970.2,9118.01,15042.106075,9117.3785,9105.5304,9121.73005,53.70988184393163,4.028405198125256,5.004720150576515,10.490939305111796,25.134599078019676,9130.69357157387,9104.063428426132
BTC,2018-05-03,9213.01,9490.6,9168.4,9459.45,19578.664031,9439.966,9440.658000000001,9314.7526,61.77572750413031,-0.8827419102999556,-1.8323741785001162,11.739765474256199,15.112817685697367,9472.70399285247,9407.22800714753
BTC,2018-05-04,9631.98,9830.04,9540.0,9672.32,16516.71355,9660.9085,9662.470599999999,9711.1538,55.28846784681128,1.9481319978694955,0.17719319229616723,11.326311612581842,16.743158368429352,9683.436773147207,9638.380226852792
BTC,2018-05-05,9755.44,10020.0,9740.08,9966.0,15496.965097,9956.601999999999,9954.4142,9945.5835,56.88608469118219,0.1916569073800929,-0.8382051684747087,9.669608469251909,17.262499033175843,9974.29005879701,9938.913941202987
BTC,2018-05-06,9944.26,9961.99,9417.03,9574.85,19141.702941,9573.9665,9569.5378,9553.04625,52.85271377151147,-1.2334539590174245,0.5840628202577691,11.04148980945228,20.199440623850187,9591.972369348357,9555.960630651643
BTC,2018-05-07,9388.3,9434.8,9181.0,9302.99,20962.362861,9272.314499999999,9258.2972,9316.16575,62.11006488455726,17.452142394196926,13.406760741891203,16.855889378273126,38.42589523636943,9334.820523541855,9209.808476458142
BTC,2018-05-08,9423.0,9475.7,9060.54,9145.0,16995.959491,9164.722,9152.3954,9154.9159,40.61483755367223,-2.4184119403307704,0.7056515743703864,13.029867528109442,32.161092151467926,9195.823466590256,9133.620533409743
BTC,2018-05-09,9163.9,9338.0,8965.0,9280.81,16683.804292,9288.0625,9277.384,9274.78875,46.06581119021934,1.293957101453998,2.740585954723903,7.029602052202653,32.98396154409634,9297.148075104178,9278.976924895822
BTC,2018-05-10,9348.89,9395.12,9260.0,9353.97,11138.200728,9357.0515,9363.471,9358.312249999999,45.49526270034423,-3.033876151743243,-2.575624153399234,9.098275324415946,19.240105031598166,9368.787256090027,9345.315743909972
BTC,2018-05-11,8942.0,9016.8,8462.0,8633.83,30389.544538,8605.893,8575.4458,8573.319150000001,68.39210390308398,16.348471428076664,14.398875896284489,12.318064358115441,27.51974978086237,8643.356075206886,8568.429924793114
BTC,2018-05-12,8413.17,8646.88,8153.0,8465.0,26490.328948,8478.607,8494.7716,8545.7396,44.884607498852496,-13.353459525564176,-11.50268085029982,18.022545277315498,30.121666002436857,8525.766718871433,8431.447281128567
BTC,2018-05-13,8435.16,8625.0,8298.0,8600.0,12443.067364,8587.8955,8576.345,8560.62505,61.02497311030923,3.698721067405131,4.303097468902584,11.552010371261257,13.015455282277623,8609.487162719703,8566.303837280298
BTC,2018-05-14,8668.57,8815.0,8277.0,8790.16,23154.5671,8725.4575,8702.2928,8467.71425,67.51475437582472,25.942241329406897,20.63638821317082,28.518057993166863,30.072377742491405,8792.854315614464,8658.060684385537
BTC,2018-05-15,8663.49,8859.99,8499.8,8529.87,13848.615607,8639.0565,8695.789,8736.37995,19.177326510378116,-53.487620482943385,-37.98849019338672,28.351931923271955,61.72486447534083,8797.85665154587,8480.256348454132
BTC,2018-05-16,8410.0,8431.3,8083.01,8193.97,20514.945733,8190.134999999999,8171.9762,8289.082,56.808860702516235,3.5116081236792525,3.6707437383447195,9.551497226773316,18.489547669286125,8203.446373333254,8176.8236266667445
BTC,2018-05-17,8335.74,8464.0,8200.0,8332.0,11639.327737,8322.83,8310.4246,8294.2876,58.49579200651974,6.210092003735554,6.009942458285192,9.495144875636756,25.524570479818045,8346.914787730035,8298.745212269965
BTC,2018-05-18,7955.01,8172.05,7948.12,8055.77,12770.753712,8060.448000000001,8072.431,8094.81925,39.94686132360451,-4.367153273402437,-4.678485589642135,9.69397943757325,40.378711000296704,8068.551608085017,8052.344391914986
BTC,2018-05-19,8166.0,8390.8,8095.73,8310.24,10545.459337,8315.139,8306.0802,8311.454249999999,47.544573589116425,1.7758033011759835,2.538384723989347,7.004746081745287,16.967307579420154,8325.439040582245,8304.838959417753
BTC,2018-05-20,8206.01,8386.0,8198.9,8344.06,9369.646166,8347.2925,8342.0918,8333.26585,46.70855415856166,0.8303879256800428,1.722984563534758,6.015062940996079,11.280247890848504,8353.629167499537,8340.955832500462
BTC,2018-05-21,8485.09,8595.31,8380.93,8390.18,11916.544147,8404.297,8443.3786,8474.2629,35.255595149006275,-13.039821190945077,-14.816217292518656,14.185405741099387,53.902147090658055,8422.049842139144,8386.544157860857
BTC,2018-05-22,8300.09,8368.34,8145.0,8245.96,12042.719816,8234.874,8224.949,8205.7279,67.60995750331537,6.676511900925107,5.577281749917129,8.335804583005933,44.35051164224342,8250.344165350976,8219.403834649023
BTC,2018-05-23,7863.87,7973.34,7783.0,7874.24,17152.213667,7859.960499999999,7873.072000000001,7872.67235,57.7681767908687,-0.1346098999310925,-3.478300172137584,10.559196325035254,27.588731829195126,7876.898834599345,7843.022165400654
BTC,2018-05-24,7615.0,7730.73,7266.99,7547.42,23229.802888,7516.08,7498.5936,7438.582850000001,66.34852343712882,15.430526917365569,11.036374097797841,13.10539160389532,30.438405585120055,7565.325215808334,7466.834784191666
BTC,2018-05-25,7546.22,7649.55,7308.15,7495.16,17150.744645,7492.765999999999,7488.097000000001,7482.3419,52.19694215979127,3.386028797527615,2.9367282049056396,7.354633570928431,22.954203049306813,7505.508573366729,7480.023426633268
BTC,2018-05-26,7430.48,7620.0,7357.4,7530.98,9929.792857,7532.8935,7536.245599999999,7524.59725,43.70071586230649,0.28416749061943847,0.11241837717112815,6.046013813545366,15.707644844469229,7541.184102571397,7524.602897428604
BTC,2018-05-27,7277.58,7394.4,7240.0,7345.0,9343.193468,7317.1900000000005,7304.647000000001,7312.397099999999,76.45961098510821,6.818578497997805,4.757364286568093,8.969173091682055,36.531865285369406,7337.708480450682,7296.671519549319
BTC,2018-05-28,7332.51,7437.0,7148.16,7268.58,17001.778843,7266.8675,7262.031599999999,7238.53075,54.92469649301809,2.8689988883916158,3.1008849309079034,4.933525249482474,20.834008440595312,7276.627694414347,7257.107305585653
BTC,2018-05-29,7098.1,7483.78,7032.95,7422.96,24942.634538,7417.986500000001,7428.485199999999,7420.0887,51.05691235232378,-0.06471077587957552,-1.2464020067949808,9.579856034691906,12.13283718106833,7433.242550963042,7402.73044903696
BTC,2018-05-30,7556.45,7556.45,7418.0,7493.07,15659.099151,7500.863500000001,7503.407799999999,7514.0663,38.39048886424505,-2.567753305603219,-1.6323606841389329,4.6605217513010055,23.520510575723574,7512.359548495074,7489.367451504929
BTC,2018-05-31,7359.04,7600.18,7327.51,7550.17,17345.207982,7548.2964999999995,7539.2006,7540.3234999999995,58.62468980139038,3.8195860374089534,4.051997039692874,3.8767132136692304,24.563329319067222,7556.259173608174,7540.333826391825
BTC,2018-06-01,7500.56,7608.55,7355.54,7439.66,16982.780954,7431.8049999999985,7430.743200000001,7438.33,62.69932670291504,2.9802977570188887,1.7846499245836123,4.909084850267825,36.55132156610642,7444.334489215261,7419.275510784736
BTC,2018-06-02,7489.06,7695.17,7465.53,7639.03,15485.645287,7636.925,7636.5426,7640.6898,50.9935625014738,1.7120344088716593,1.452502653919319,7.394842247055629,39.737101149353826,7651.700304396415,7622.149695603585
BTC,2018-06-03,7669.93,7786.69,7600.0,7691.95,15380.272435,7695.255999999999,7706.96,7719.58115,40.51138966645518,-4.012249588827217,-3.9009516070851356,7.102962883117407,21.593502203948194,7708.369018569537,7682.142981430462
BTC,2018-06-04,7707.95,7715.0,7446.5,7475.02,20025.789957,7469.625,7478.3514000000005,7511.07055,52.8600656938815,-1.6816785363671443,-2.561355816301142,10.595259411847126,21.210804141448843,7484.481242459127,7454.768757540873
BTC,2018-06-05,7498.34,7499.99,7358.0,7409.99,16682.811649,7406.567,7393.787799999999,7415.771649999999,56.90263643968806,2.9569327371718828,3.5345132037647837,8.213610196408121,18.839779700682854,7416.551596336364,7396.582403663636
BTC,2018-06-06,7616.99,7690.52,7557.0,7633.98,14568.876436,7634.6050000000005,7633.876800000001,7631.07335,50.00489620231399,-0.45586206150892394,-0.18124762828723884,5.537657437640271,27.982388069894757,7640.466796652926,7628.743203347075
BTC,2018-06-07,7723.0,7758.0,7651.21,7694.48,14813.88735,7690.8330000000005,7698.588600000001,7704.528300000001,50.87416861535396,-1.8414970632793484,-3.958321171797807,9.177681750675037,24.21320671565221,7713.442506053937,7668.223493946064
BTC,2018-06-08,7694.99,7699.98,7531.0,7583.0,14988.456406,7577.4655,7572.831,7562.35515,66.69203676889462,3.6729469610218075,3.141563560122869,4.077663327907365,35.92302422118682,7587.292345831752,7567.638654168249
BTC,2018-06-09,7634.45,7683.98,7566.0,7600.99,9456.509664,7603.067999999999,7592.8322,7615.315,52.701528477436305,2.667320307389673,3.717940162018757,4.451461147637062,26.90154002765224,7608.219076005072,7597.916923994927
BTC,2018-06-10,7314.99,7354.0,7165.72,7256.04,18190.179726,7257.2265,7262.4866,7242.3126,47.04092988664511,-1.0815296586888508,-1.0237902848141593,6.582898426191871,23.47254121971351,7262.553545241197,7251.899454758803
BTC,2018-06-11,6693.94,6826.0,6610.0,6714.0,19141.625881,6706.330499999999,6718.687199999999,6744.7552000000005,51.25694014212346,1.4947579412473715,-1.674412031770936,12.542928650787369,19.243542203384603,6728.356846474187,6684.304153525812
BTC,2018-06-12,6830.01,6877.74,6681.85,6760.0,16815.379178,6749.774,6739.428199999999,6770.0877,65.5770690223058,3.4234151513428515,3.0860424303826286,7.754906780026095,16.6993188112089,6758.351769873342,6741.1962301266585
BTC,2018-06-13,6543.54,6627.6,6333.0,6426.49,23362.968725,6420.1065,6430.834,6445.14585,51.252680092707905,-1.3411433040973861,-3.894625372482051,11.431004315674015,30.931778802655465,6438.457696445973,6401.755303554027
BTC,2018-06-14,6306.0,6556.77,6283.13,6428.54,22486.906958,6401.2480000000005,6392.2878,6455.765449999999,68.77119690926223,7.896508500674827,4.5423941165067605,9.445005777531458,21.746843844230657,6426.374189205684,6376.121810794317
BTC,2018-06-15,6607.55,6666.66,6445.0,6520.02,17891.31588,6507.6494999999995,6499.842999999999,6504.42525,68.12784309679772,3.652688239978488,3.330911724837834,6.697827192792759,35.79836398680791,6515.86984178078,6499.429158219219
BTC,2018-06-16,6398.36,6511.5,6365.0,6399.48,12284.085888,6399.9645,6402.6776,6427.334599999999,49.00779247083809,-1.5618034872268254,-1.6202765136784216,6.312966231487284,14.590574960500613,6409.516493457004,6390.412506542996
BTC,2018-06-17,6515.0,6589.03,6435.0,6491.72,10733.580868,6481.4735,6481.277000000001,6489.8223,64.72112888499299,3.5299648125537715,2.2803432220105138,5.378950318769237,34.7172650090463,6498.593979286541,6464.353020713459
BTC,2018-06-18,6395.09,6500.0,6380.0,6419.42,13990.254368,6432.3715,6432.047,6424.0220500000005,36.933617721356,-0.999480452138414,0.47646514735812157,8.911536614121097,25.672220151938802,6444.373028694333,6420.369971305668
BTC,2018-06-19,6720.95,6841.74,6656.5,6736.99,15897.915826,6747.0695,6750.312800000001,6756.0013,41.19407159994844,-4.456105804445542,-3.2978471596762997,9.174940520856405,27.836776564914306,6763.872720495094,6730.2662795049055
BTC,2018-06-20,6564.39,6778.7,6551.81,6753.96,14950.270424,6754.384,6746.510199999999,6665.0807,50.88317730827528,2.9490515384859464,4.0429928166023075,9.762400340363406,32.836562508122405,6767.018558005109,6741.749441994891
BTC,2018-06-21,6748.71,6795.0,6672.57,6708.05,15348.929742,6703.905000000001,6711.4226,6721.145699999999,51.098089766993205,-0.4170906073095466,-1.9582235149626421,7.575068392692156,24.68330841591178,6714.33535857455,6693.474641425451
BTC,2018-06-22,6711.22,6717.99,6070.61,6150.03,28567.45642,6175.3820000000005,6157.583199999999,6262.174500000001,39.53757655772649,-3.771672252504686,0.8321818212178556,12.42299494689258,28.960965724639408,6208.070575742058,6142.693424257943
BTC,2018-06-23,6132.39,6169.64,6008.48,6112.47,14969.898686,6114.0185,6113.295,6109.22945,50.17804682986563,0.3837661554971419,0.7724665589976769,7.508740022840683,27.754043435224652,6122.454988072901,6105.582011927099
BTC,2018-06-24,6111.1,6120.84,5777.77,5917.99,25620.234497,5907.5195,5911.0676,5896.33535,64.91139620280987,1.0636236999416724,-0.49413112095814515,5.380901782919694,38.21622129163658,5916.666469935232,5898.372530064768
BTC,2018-06-25,6141.5,6350.0,6061.97,6265.02,25124.081396999998,6267.272,6194.4821999999995,6165.883150000001,57.03779071742517,24.01547876319546,30.323343565270868,21.20250067216565,50.53330853512026,6336.341141184841,6198.202858815159
BTC,2018-06-26,6215.01,6272.54,6121.05,6210.56,13587.605973,6196.8904999999995,6184.3088,6175.95555,57.7683920300367,11.218651121826042,9.749629637778927,13.625466177431655,44.24561403196524,6242.061129163144,6151.719870836855
BTC,2018-06-27,6071.71,6164.99,5971.0,6101.95,13194.617474,6097.765,6105.799599999999,6091.191049999999,52.01518658821987,-2.2253280925333456,-2.9704118591961035,8.746301640211133,12.256714635173225,6108.534071454873,6086.995928545128
BTC,2018-06-28,6125.52,6173.01,6060.59,6086.84,14121.075444,6108.4875,6110.7192000000005,6105.4234,39.86957404006296,-7.973726390184311,-3.9128156563222634,11.104298507745455,34.33038519887401,6140.960707956697,6076.014292043304
BTC,2018-06-29,5882.93,5979.0,5780.0,5882.5,17241.526225,5878.2705,5873.347200000001,5863.0215,56.58116272744552,1.9946334983860652,2.0311670977791194,5.635040880109355,23.155093770165355,5883.911090306032,5872.629909693967
BTC,2018-06-30,6258.0,6528.99,6247.0,6349.11,24151.470676,6360.7964999999995,6377.7480000000005,6397.2293500000005,40.13894376990683,-9.098391751384952,-7.972462199531608,11.679345103750542,50.161118184945614,6384.522243213057,6337.070756786942
BTC,2018-07-01,6349.85,6410.0,6265.0,6292.63,13518.899573,6325.2435,6336.5918,6359.8385499999995,31.878593266801868,-13.670275378171027,-9.125739502790694,11.98455922523275,50.92152047976201,6370.331195561091,6280.1558044389085
BTC,2018-07-02,6347.0,6679.71,6271.62,6604.0,20927.808226,6602.45,6608.671600000001,6445.3674,49.63253917321372,-1.3464203204721343,-1.0725556559040246,10.133910898042735,16.085690919907343,6615.811136179385,6589.088863820614
BTC,2018-07-03,6613.6,6679.35,6519.99,6558.97,20405.702269,6557.664,6562.2382,6572.4174,48.10218514579785,-0.38264265069301473,-0.8996396341465989,5.357497023357156,15.649821957506315,6567.0001071117995,6548.3278928882
BTC,2018-07-04,6529.88,6784.92,6490.9,6691.0,16966.084374000002,6687.062,6683.3562,6680.51645,57.85403707945234,1.8638295695900524,1.6547461455559564,5.254958139513893,25.99490917744089,6692.344747769134,6681.7792522308655
BTC,2018-07-05,6587.55,6712.0,6551.0,6588.71,18452.928086,6595.289,6593.9882,6624.2651000000005,44.75848748534079,-0.9192801852004777,-0.15647668199500184,9.27239499593621,15.029604526545013,6610.045918241991,6580.532081758009
BTC,2018-07-06,6520.0,6648.54,6425.0,6560.44,17787.212502,6557.6720000000005,6559.9254,6558.599300000001,53.39843938019328,-0.035408380183980626,-0.8475035887336925,3.9285266668251784,23.676947596650468,6563.305888888301,6552.0381111117
BTC,2018-07-07,6582.01,6618.8,6511.44,6570.69,11863.135897,6566.842999999999,6550.2458,6558.88985,61.66993404117863,5.229989970863244,6.1410249428726305,6.307141233553867,38.32918108975055,6584.071866590623,6549.6141334093745
BTC,2018-07-08,6742.88,6769.16,6708.0,6728.07,12781.509936,6727.9355,6731.339599999999,6734.4607,47.81622053685734,-1.079358941643477,-1.3268284041271419,3.719675632249965,23.30410539497357,6731.293353332355,6724.577646667644
BTC,2018-07-09,6696.79,6752.62,6657.02,6723.13,13207.714015,6726.844999999999,6724.339,6717.372249999999,45.121216446147706,0.511918566071472,1.1973137982067434,5.095015768024708,19.22406835603159,6735.301884769161,6718.388115230838
BTC,2018-07-10,6662.94,6673.71,6325.99,6350.44,25853.611196,6358.303,6369.665800000001,6375.2576500000005,42.247767334740956,-5.3798916464184,-5.42439330115744,9.558081205157832,16.774304027773898,6372.435379983297,6344.170620016703
BTC,2018-07-11,6378.26,6406.0,6280.0,6356.0,17194.03029,6355.322,6361.223400000001,6367.945599999999,48.83409877746516,-0.979482208466834,-1.696312434054424,4.924932256009505,16.237420583100924,6359.255779861411,6351.3882201385895
BTC,2018-07-12,6356.0,6356.61,6135.0,6184.0,19538.515066,6176.461,6178.5978000000005,6171.344399999999,63.609821354917344,0.96912890924159,-0.1141858919002342,3.913133168725442,19.93312803503235,6183.501525264011,6169.420474735989
BTC,2018-07-13,6249.35,6350.0,6211.58,6257.92,13062.517494,6254.6935,6247.501800000001,6254.39875,58.19920743973361,2.3023735646793284,2.252241982586388,5.062401509422401,24.829374878328533,6258.992026608146,6250.394973391854
BTC,2018-07-14,6254.97,6280.0,6178.0,6235.06,8870.331424,6241.2085,6240.4965999999995,6234.49135,40.198919655271816,-1.0850281342063681,0.05158046907580968,4.788451848144709,25.71020031339385,6248.4646760589385,6233.952323941061
BTC,2018-07-15,6238.09,6395.0,6229.04,6349.95,13396.113076,6349.501,6354.392,6349.360250000001,47.74474826256467,-0.5002521511214582,-0.663859830512063,4.231670573307797,18.874451432286687,6356.035495849064,6342.966504150936
BTC,2018-07-16,6350.04,6670.0,6330.4,6626.65,21517.051313,6619.4175000000005,6605.7362,6611.2832,63.96766956156627,4.564572026270071,4.424781363477178,6.997097103273075,44.75852287871828,6629.320672976326,6609.514327023675
BTC,2018-07-17,6725.1,6754.99,6652.04,6712.17,18240.026653,6720.481,6705.458999999999,6696.51375,46.384520016875115,2.1795692386249357,4.925763379010035,6.411022228247572,49.79877721603284,6733.270265655231,6707.6917343447685
BTC,2018-07-18,7325.01,7550.0,7310.48,7449.55,30247.958779,7459.4015,7459.701200000001,7440.0359,45.38654862057911,-3.8154230032405394,-2.1343091747466776,13.460282554590146,16.149547683538678,7491.932021837235,7426.870978162765
BTC,2018-07-19,7289.96,7521.86,7270.0,7463.02,21165.17493,7453.366499999999,7461.5052000000005,7434.7217,55.95300134445297,2.116956779622342,0.4994190695495221,9.542921678855622,18.950598048716646,7470.9638728435375,7435.769127156461
BTC,2018-07-20,7430.03,7517.99,7336.66,7491.99,20084.309838,7490.18,7478.588999999999,7473.093100000001,57.30671340412234,3.5816876528997454,4.168292121939121,6.9742446773653715,23.99088730846258,7501.527330963699,7478.832669036302
BTC,2018-07-21,7251.0,7391.6,7224.0,7361.73,15567.52102,7364.3105,7365.942400000001,7340.440299999999,46.67969196766351,-1.9765424363931743,-1.9642187294626905,8.387907801825168,14.411091488466619,7375.777039975044,7352.843960024955
BTC,2018-07-22,7432.24,7490.0,7370.1,7487.11,13740.324235,7476.945,7470.7519999999995,7454.0926500000005,62.30285031148324,2.5564313906797906,2.2935666507872803,8.459300294388575,13.516028064616139,7487.586386188009,7466.3036138119905
BTC,2018-07-23,7461.82,7790.0,7455.0,7692.1,24242.333356,7710.385499999999,7718.9468,7703.9562,24.96198360645621,-4.851748165789104,-3.43821548352109,5.759854044565458,20.041689413937814,7722.091485605644,7698.679514394355
BTC,2018-07-24,7737.8,8371.93,7720.0,8175.0,39001.642614,8190.522,8223.8476,8219.641800000001,38.61659427461706,-12.386676252475809,-12.764908505113477,15.240258074063238,32.62892488800584,8222.301688230566,8158.742311769434
BTC,2018-07-25,8444.82,8450.0,8137.01,8175.01,25762.265833,8182.2119999999995,8187.713,8199.32535,35.23367163852456,-1.2249512114594836,-0.7374693086188853,4.988714302289874,18.92939739610697,8195.50257199649,8168.9214280035085
BTC,2018-07-26,8237.94,8315.69,8169.26,8211.9,17679.509159,8197.675500000001,8201.6982,8221.18245,63.25846309757003,2.554275096674246,-0.20554557537009266,6.968204386070515,24.819227262761522,8213.502006215787,8181.848993784216
BTC,2018-07-27,7926.15,8003.81,7805.0,7843.43,20365.932039,7869.68,7875.775199999999,7888.2540500000005,24.717057365124376,-8.04173840691783,-4.775659135932237,7.575851366293647,40.43856308369537,7895.695642217694,7843.664357782307
BTC,2018-07-28,8177.56,8235.33,8085.55,8132.51,14133.756811,8128.4275,8144.3038,8175.7416,49.46926693443061,-5.490515630052869,-7.602265398100804,13.161797873901484,30.64239014938007,8150.148637976576,8106.706362023424
BTC,2018-07-29,8233.81,8294.51,8115.0,8235.98,14411.449449,8233.304,8220.483400000001,8190.37675,57.0020157018986,3.8486017175055167,4.639743834822256,6.326099580496508,10.281571502884002,8243.014897795934,8223.593102204066
BTC,2018-07-30,8153.0,8273.0,8089.37,8126.72,14298.598954,8127.864500000001,8124.493399999999,8132.2863,49.02963491041436,1.0736034159426708,1.3243082509046722,6.361172662247158,20.11550136568154,8134.54949954997,8121.179500450031
BTC,2018-07-31,8124.07,8155.97,7656.74,7752.5,28177.926515,7745.05,7745.677,7850.28005,51.69098985812946,-0.2053621732029569,-2.426619304536281,13.6722847949126,15.381516294622427,7765.828846936365,7724.271153063635
BTC,2018-08-01,7669.99,7689.99,7464.81,7599.0,24906.570276,7597.544,7605.417599999999,7584.50015,48.36369213534658,-3.0947858655417804,-3.4011400609126525,6.416166053660693,35.64040267334736,7603.470538281342,7591.617461718658
BTC,2018-08-02,7679.96,7702.71,7469.64,7543.61,20179.60617,7537.547500000001,7514.963000000001,7537.91375,65.48779500546775,7.390624376697815,8.16420629922618,6.96478647787699,33.14970500946726,7548.580921726868,7526.514078273133
BTC,2018-08-03,7331.0,7492.81,7282.44,7483.0,22607.352241,7463.640000000001,7446.2735999999995,7384.01955,65.0200081076091,11.19873588907194,10.36382439296074,10.447643355210486,39.99194044497287,7495.573634932382,7431.70636506762
BTC,2018-08-04,7448.99,7494.81,7030.0,7082.49,21576.246982,7095.470000000001,7187.208999999999,7289.833200000001,39.45387300779881,-37.249843893670004,-41.23111314369115,20.08410437671371,59.5521555334276,7182.879567668384,7008.060432331618
BTC,2018-08-05,6913.0,7089.87,6882.29,6925.19,18171.463396,6926.255499999999,6947.6812,7005.9176,47.36927659977439,-10.440973283344647,-11.530839684659075,13.195739234744957,34.39427178856501,6959.959771227883,6892.551228772116
BTC,2018-08-06,7050.0,7160.0,6861.06,6929.89,19458.348418999998,6935.0914999999995,6931.2502,6949.1699499999995,45.661566494146534,-1.1200695424086007,-0.015639566075729056,6.656663389537385,13.225786256426293,6945.949940541661,6924.233059458338
BTC,2018-08-07,6950.5,7150.46,6902.19,7065.17,19561.410503,7065.644,7070.235600000001,7092.815,46.99249764312198,-2.893177228168497,-3.769782743342124,6.397168004281018,28.466663916876417,7076.811834884385,7054.476165115616
BTC,2018-08-08,6611.0,6634.0,6392.62,6449.97,28354.729534,6456.0175,6456.7324,6484.875650000001,47.238868735943434,-4.440587530398261,-3.108466328901899,10.688219392084163,20.79313539153166,6477.477389911063,6434.557610088937
BTC,2018-08-09,6305.49,6493.31,6178.6,6460.02,26669.98776,6451.863,6438.837200000001,6314.09155,57.727347780053925,6.898302723497181,8.830519577018809,12.151846183786944,33.34164856702669,6468.72905952775,6434.996940472251
BTC,2018-08-10,6551.99,6553.0,6299.82,6415.57,27693.009592,6431.079,6450.1626,6446.842799999999,31.498343898603785,-7.610705339110609,-6.829780939688489,8.553833484292067,41.829339617418725,6445.494791202676,6416.663208797323
BTC,2018-08-11,6098.85,6170.0,5971.0,6124.01,26133.178277,6119.556,6109.3598,6101.35895,59.0839337497932,4.9321591684838495,5.183876171553944,5.515725239516611,38.976892505363864,6134.5119063918855,6104.600093608114
BTC,2018-08-12,6244.07,6374.29,6188.0,6314.75,16033.790272,6318.3145,6299.7393999999995,6294.195449999999,52.2043459335023,4.541057889613512,6.660039343771092,6.842762621856475,48.15542023369522,6328.200110704497,6308.428889295504
BTC,2018-08-13,6329.84,6545.0,6295.36,6369.03,27732.201079,6385.163500000001,6400.779399999999,6424.6959,35.21489897790207,-9.328997697099112,-7.337401458769425,8.569171952997484,46.04795015818648,6407.441332277636,6362.885667722365
BTC,2018-08-14,6197.1,6205.0,5880.0,6042.64,34272.096842,6070.941000000001,6098.291,6067.344399999999,29.839859195012167,-17.74172200259727,-15.745470022021617,12.568847647751989,50.86418789352374,6117.564127694381,6024.317872305621
BTC,2018-08-15,6200.97,6451.32,6179.52,6370.0,33828.190886,6364.878,6350.1962,6353.760850000001,58.23988908053918,7.299834544989608,7.18205319568283,6.8861155930148215,21.25730326441914,6386.938148322155,6342.817851677844
BTC,2018-08-16,6268.15,6480.0,6245.0,6354.97,32409.178883,6347.5245,6341.8552,6365.3207999999995,57.932279787817926,3.2488367892383394,2.693013346465242,7.480422434568919,27.61502653537938,6356.811795569858,6338.237204430143
BTC,2018-08-17,6346.55,6555.03,6325.03,6474.01,33781.053712,6451.110500000001,6461.7544,6470.460749999999,59.9410733898894,2.6013118292958097,-1.2873110885176366,10.001054739001294,23.542404132009622,6477.306651225078,6424.914348774923
BTC,2018-08-18,6563.69,6570.0,6314.0,6360.01,29882.664196,6371.763,6361.713200000001,6435.496950000001,42.01520094625756,-0.6170543115867986,1.6411954497838608,6.925590095727943,12.642943397188848,6385.646182776121,6357.8798172238785
BTC,2018-08-19,6380.0,6469.32,6300.0,6451.63,23474.231524,6446.710499999999,6447.526,6426.904549999999,56.79730096303652,-1.507449089950569,-2.2271616931046854,6.377360504207727,18.610953462846723,6467.787121622152,6425.6338783778465
BTC,2018-08-20,6500.91,6530.0,6378.0,6437.57,25907.55449,6430.108,6433.323399999999,6434.815750000001,55.56525797011311,2.482731309839437,1.4224787944073904,6.684825746257173,19.160858916648078,6445.896027869276,6414.319972130725
BTC,2018-08-21,6306.2,6490.0,6280.0,6413.0,28887.274582,6394.7615,6395.8988,6418.5927,64.96440897327894,2.5279507345721868,0.1244101430452833,8.147577276026565,14.86202541685278,6408.494587452773,6381.028412547226
BTC,2018-08-22,6803.71,6882.54,6627.01,6649.03,38914.174582,6647.416,6654.0406,6663.61545,47.91255734556984,-1.424472730411253,-2.309053038293933,4.435235144635192,25.026409184764557,6656.634671053735,6638.197328946266
BTC,2018-08-23,6412.79,6494.26,6371.0,6441.01,19882.571754,6445.8949999999995,6446.5756,6426.25115,44.59750371115571,-1.4391562937316849,-0.36682034254941764,9.092442439888393,13.133699230640097,6457.103708221903,6434.686291778096
BTC,2018-08-24,6484.61,6573.0,6478.28,6524.65,15804.889076,6533.6555,6536.1426,6533.3372,38.73491788449965,-4.358494272446478,-3.04584787645365,5.877062389531956,40.364382626584614,6550.505480979258,6516.8055190207415
BTC,2018-08-25,6708.92,6789.0,6650.61,6722.01,11303.707259,6702.8865000000005,6695.778399999999,6697.0825,69.66473686077862,8.382837785947231,5.810929439415962,7.018429219091686,38.12498990285508,6728.979602747621,6676.79339725238
BTC,2018-08-26,6739.0,6747.0,6568.0,6711.25,13440.636202,6713.1125,6720.2668,6702.7741000000005,43.705285952627065,-2.746464568393094,-2.9809562991990055,6.271129138786819,32.350564486727315,6726.306360504175,6699.918639495825
BTC,2018-08-27,6685.01,6768.28,6646.5,6732.1,20619.780421,6723.5515,6718.4947999999995,6709.839499999999,68.44898499762336,3.991646925889654,3.5106967799480757,4.198883023129789,24.686583110821626,6734.5468122282655,6712.556187771734
BTC,2018-08-28,6904.61,7091.0,6864.01,7047.99,26541.73082,7051.647,7067.9024,7043.989500000001,44.81803778683909,-7.02073365619799,-7.207696733510232,9.232772914790509,31.744431739221614,7070.291000750756,7033.002999249244
BTC,2018-08-29,7080.0,7133.81,7006.05,7087.34,21166.722455,7090.634,7095.5106000000005,7096.56625,43.951774294637325,-2.30934995082589,-2.4169928297616328,5.480113729892501,17.298106484696493,7099.477979647182,7081.790020352818
BTC,2018-08-30,7043.61,7052.84,6811.0,6890.0,25802.030698,6875.950500000001,6859.5124,6864.821499999999,66.32255505051528,8.69246840372125,7.8878615561067145,7.523500054198858,41.799328155997806,6895.274273415212,6856.62672658479
BTC,2018-08-31,6958.38,7023.0,6888.0,6929.33,19953.688855,6933.407000000001,6932.310399999999,6937.3619,44.66298768840595,-0.20162448715836945,0.4119528846577546,4.668534795266928,14.239938910623884,6938.588309100689,6928.225690899313
BTC,2018-09-01,7052.92,7113.62,7027.37,7071.52,18053.44293,7052.139000000001,7057.2762,7055.184499999999,71.23332608373875,2.9013261167610835,0.1882209253657669,5.750941866933103,33.477678804090864,7070.514816607749,7033.763183392253
BTC,2018-09-02,7155.1,7345.45,7127.0,7225.0,23822.456056,7224.812,7211.625,7234.57245,56.16676428517099,3.178981355938049,3.8062239459704457,4.571622589966826,13.815114963003316,7230.613460505682,7219.0105394943175
BTC,2018-09-03,7255.0,7308.0,7191.63,7276.27,18066.844027,7275.3985,7281.582,7262.28965,47.29798258260714,-0.5325731311040727,-1.2521072544955816,5.626291133174311,22.04065292541479,7284.459202566685,7266.337797433315
BTC,2018-09-04,7281.0,7410.0,7227.17,7376.41,19744.432027,7382.2155,7377.7162,7364.04155,40.85806902116357,0.12412547914846073,1.4211471170944276,3.375719683150836,26.129366494014974,7388.63292152192,7375.79807847808
BTC,2018-09-05,7378.82,7397.3,6909.0,7021.49,34186.061654,7028.514999999999,7027.307200000001,7002.13725,44.273740220131415,-0.9588291754416787,0.5060488358339283,6.500974966491026,16.346557944547097,7040.066428483311,7016.963571516688
BTC,2018-09-06,6447.09,6533.0,6265.0,6469.18,33661.135041,6479.732,6490.0602,6434.95545,37.43512587389246,-3.6126119620894315,-2.9279856680926053,10.082036399263407,15.484836339190638,6488.852148244533,6470.611851755467
BTC,2018-09-07,6495.0,6544.0,6320.0,6449.69,23548.907538,6460.8935,6445.8646,6419.077950000001,46.84694148914092,1.2456886619993384,3.870767532089073,8.646947818381554,21.305848457046086,6476.328270195978,6445.458729804022
BTC,2018-09-08,6432.98,6478.0,6355.55,6392.07,15574.92699,6401.024,6404.162200000001,6411.794599999999,30.77102952174392,-1.7847387421415988,-1.1732705163019708,4.212053735458839,18.817043221500516,6406.273927237027,6395.774072762973
BTC,2018-09-09,6188.31,6441.0,6141.53,6385.0,22331.506279,6394.946000000001,6402.5740000000005,6389.46775,33.62119671139847,-5.746933099195303,-4.648561032053626,6.854821518479968,43.47645099149696,6411.097978702531,6378.794021297471
BTC,2018-09-10,6281.29,6373.98,6245.0,6304.01,16926.770478,6314.298000000001,6310.9656,6300.9604500000005,42.48262069236519,-1.8192859738119296,0.39791875433948504,7.152595541342159,23.355805340679055,6326.971598699543,6301.624401300458
BTC,2018-09-11,6336.16,6404.0,6250.0,6268.0,17579.545994,6286.058999999999,6288.705800000001,6282.9415500000005,23.794554999641054,-3.413051157550399,-1.7298035380423844,4.861207669913954,28.91073258134664,6296.692200647301,6275.425799352697
BTC,2018-09-12,6272.76,6305.05,6192.37,6283.04,16616.633035,6279.15,6281.233400000001,6262.88495,55.47412579839963,1.2705440220343007,0.8091602263121289,4.516595727982558,36.78135769099591,6289.642046511591,6268.657953488409
BTC,2018-09-13,6398.64,6535.0,6368.46,6505.24,21665.158628,6502.8465,6506.9048,6474.938250000001,50.86757329898995,-0.14352971925382008,-0.8365026142309908,7.030796005985574,13.74322464246821,6513.81683504489,6491.87616495511
BTC,2018-09-14,6477.01,6584.99,6385.62,6452.29,22672.400957,6445.6725,6442.923200000001,6456.08325,60.933659320754764,1.1359588160839849,0.7514143834787226,5.39321293231945,15.811376263559447,6453.507107519822,6437.837892480177
BTC,2018-09-15,6504.48,6565.45,6466.13,6550.82,14752.169218000001,6552.115500000001,6550.6238,6534.6747,48.69465094283284,-0.9497641304551507,-0.26758312630839126,5.125407266548027,22.354084940787825,6559.652752748577,6544.578247251425
BTC,2018-09-16,6521.5,6521.5,6370.0,6464.46,16431.780612,6466.324,6469.474399999999,6490.46265,47.44473871993711,-1.4828754938444035,-1.7950205212192312,4.992868538888265,20.735015235912808,6474.938179937992,6457.709820062008
BTC,2018-09-17,6521.99,6523.25,6327.0,6372.14,14896.269608,6359.317,6383.6990000000005,6441.0869,53.63890009028541,-3.8985816576096113,-7.902048238673898,10.802673005485067,46.647808708309704,6375.242688807954,6343.391311192046
BTC,2018-09-18,6249.12,6390.0,6228.52,6361.24,17964.0605,6361.1345,6361.225799999999,6326.63985,50.33326908813176,0.46569959928910976,0.4546087705012004,4.887146101949474,15.208365165324016,6370.098906227042,6352.170093772958
BTC,2018-09-19,6341.16,6369.04,6252.17,6331.0,15420.645482,6317.9315,6301.7704,6295.37875,62.3384037925928,11.049381639553758,10.17754536726507,7.98321259546186,35.8376330848196,6355.121202486068,6280.7417975139315
BTC,2018-09-20,6414.02,6449.0,6374.99,6415.68,9788.684983,6416.336,6418.010200000001,6420.674849999999,47.50425188216823,-0.5884618142181353,-0.6898866549077185,3.1741120848825313,27.02230582173519,6419.491271145328,6413.180728854672
BTC,2018-09-21,6501.28,6779.01,6492.06,6729.41,27619.676174,6730.442999999999,6726.241999999999,6730.910849999999,51.208658683367474,-0.7250366140842743,-0.004852904276807152,9.538622526327522,16.310904957394516,6747.348188670334,6713.537811329665
BTC,2018-09-22,6804.84,6804.94,6627.0,6672.88,20340.260341,6675.8075,6681.924600000001,6686.779399999999,44.944214106893014,-2.9669935236852325,-3.170776826779488,5.452694664165897,39.124365069990745,6685.819987952565,6665.795012047435
BTC,2018-09-23,6712.28,6788.23,6683.0,6739.32,17277.310458,6741.4275,6740.2972,6741.23095,46.92803005234718,-0.061360706749837846,-0.011413460541118862,4.669268023620563,13.849368052057068,6748.047242819909,6734.80775718009
BTC,2018-09-24,6705.94,6730.0,6563.14,6610.08,21589.388793,6609.361999999999,6618.4624,6610.41025,46.97320795074576,-1.7953378346201134,-2.4176109309759517,5.865992287994157,28.031517511329508,6619.2858694064125,6599.438130593586
BTC,2018-09-25,6453.0,6484.68,6367.0,6427.81,22172.721922,6426.628500000001,6423.2516000000005,6418.8689,51.55668569230813,1.9068089545507974,1.3798866675510506,6.031884843708819,16.070224470981984,6434.890176040352,6418.366823959649
BTC,2018-09-26,6412.65,6535.0,6379.7,6493.89,17911.517221000002,6496.518,6490.865600000001,6503.6402,48.2015102278679,0.6014795323108046,1.5149594742770638,5.0460646382906935,21.14173216593628,6502.741039772397,6490.294960227603
BTC,2018-09-27,6515.86,6540.0,6434.0,6510.02,15370.382516,6510.08,6508.1322,6508.866999999999,50.0271386123526,1.423745339217021,1.7139506191072404,4.98057136431698,21.46697599017162,6522.611226596006,6497.548773403993
BTC,2018-09-28,6709.26,6814.8,6580.0,6679.01,26008.66521,6671.158,6656.735600000001,6644.0478,63.37743424107751,6.235108707692234,6.490053844251827,7.804540213388872,34.86234415201989,6685.931015399607,6656.384984600394
BTC,2018-09-29,6595.98,6620.0,6464.57,6548.0,19265.777385,6551.6385,6562.653200000001,6579.21395,35.77403108761946,-3.4224797311453585,-3.4756992539832026,5.62445626717433,28.461328818054383,6560.02454620798,6543.25245379202
BTC,2018-09-30,6586.31,6662.0,6542.48,6645.16,14815.563314,6641.5005,6641.0364,6636.21055,61.94601122965952,1.4342493121912412,0.9105597469393685,3.45103369528829,17.067866914950148,6646.909209551113,6636.091790448887
BTC,2018-10-01,6657.23,6667.09,6510.0,6554.41,9904.875147,6552.0085,6552.007,6588.51995,52.92259370635147,0.197483497493522,-0.5031411109552545,6.655259969830785,15.867601155869025,6562.302389983654,6541.714610016345
BTC,2018-10-02,6599.71,6640.0,6532.0,6552.8,15522.226827,6552.9175,6566.059,6575.15135,44.50202770287373,-3.1100849783624653,-3.855610783235475,7.667622357213198,22.81501728135129,6566.7631417330185,6539.071858266981
BTC,2018-10-03,6525.24,6545.01,6430.0,6522.67,16971.21374,6515.9825,6499.9958,6490.40355,57.22007275966865,8.984508536589601,8.811913939054321,7.921356101486607,51.939912057680516,6542.977823946966,6488.987176053034
BTC,2018-10-04,6613.17,6635.0,6564.3,6587.01,8595.387068,6586.614500000001,6585.2008000000005,6580.263099999999,52.39430018983641,0.4401570755180728,0.3780055821733331,3.0326015185265356,23.769826635941303,6590.0558629565785,6583.173137043423
BTC,2018-10-05,6615.97,6623.16,6543.08,6598.0,5381.768379,6599.544500000001,6596.4578,6594.173049999999,49.37133437671523,0.6090948611381464,1.0284396669730669,3.5685252495708157,16.07859290732319,6604.761627466089,6594.327372533913
BTC,2018-10-06,6625.08,6634.15,6566.77,6587.01,5102.878927,6578.4265,6576.099399999999,6584.674650000001,72.19379195956687,3.000105622011688,1.7948341741113727,3.2152720444452556,28.94099316749913,6586.831515823532,6570.021484176467
BTC,2018-10-07,6592.84,6609.83,6525.0,6565.1,11255.249224,6568.383500000001,6572.211800000001,6563.4036,41.13641823148266,-2.832799225980125,-2.8211799634323325,3.0968472620367384,46.5772244529613,6580.221731751608,6556.545268248394
BTC,2018-10-08,6619.19,6715.6,6587.0,6660.12,14779.233658,6660.027,6659.6322,6662.269450000001,50.5677201744434,0.3506742272702468,0.42770225860329175,3.860422313089871,14.770129701695698,6665.875391574632,6654.178608425368
BTC,2018-10-09,6663.33,6683.0,6607.0,6628.84,5625.363078,6626.725,6622.379400000001,6630.95995,57.09819729074983,1.0015487555810978,1.1877535112362647,4.24384660715336,19.498489315217753,6632.672905513564,6620.777094486437
BTC,2018-10-10,6651.17,6652.26,6530.0,6600.18,10427.588265,6601.272999999999,6599.959599999999,6596.178350000001,47.79711583459878,1.359141485564578,1.4398162547541862,3.999989541732188,46.98367957294937,6608.573655039202,6593.972344960796
BTC,2018-10-11,6406.74,6410.41,6219.17,6315.58,31024.270015,6318.090999999999,6316.251000000001,6296.705849999999,46.40222875064115,0.20056142795510823,0.8228531562546582,5.808002494734439,14.234738634033345,6325.689960191738,6310.492039808261
BTC,2018-10-12,6263.59,6360.0,6260.06,6319.52,16933.626169,6320.6215,6317.1957999999995,6315.6884,49.473790553524225,1.2451468755916721,1.4978511987724699,3.9090206631944056,25.227451301048706,6325.509216338336,6315.733783661664
BTC,2018-10-13,6315.82,6338.99,6290.01,6326.05,12834.824008,6325.5245,6322.057,6321.95695,53.04027364819256,1.061344095244749,1.0435076682077131,3.3744753947106187,30.08230241097704,6328.089982215757,6322.959017784244
BTC,2018-10-14,6327.74,6416.0,6327.74,6362.99,9636.111658,6364.8544999999995,6366.041,6369.1159,44.92666386450532,-1.6454628216033598,-1.4044977114816868,3.1550149357832984,31.209871784820287,6370.504609644999,6359.204390355
BTC,2018-10-15,6356.68,7680.0,6350.0,6902.0,69683.578728,6922.0915,6934.3966,6958.08065,33.3105145319287,-8.485926178042973,-7.2207647377499935,9.90030851556033,33.590843952016115,6948.287234976726,6895.895765023275
BTC,2018-10-16,6737.88,6900.0,6690.35,6728.03,15714.462122,6741.4545,6749.324799999999,6767.20845,30.083437455176536,-4.532373079451645,-4.01692149406245,5.65118331193602,40.12095730862173,6752.410105825328,6730.4988941746715
BTC,2018-10-17,6770.02,6811.12,6676.01,6743.0,18141.198167,6726.1545,6718.9724,6718.12535,78.01520520606418,6.023505737890446,4.609409123644217,4.956526136685176,30.338118552498436,6742.413416907237,6709.8955830927625
BTC,2018-10-18,6739.36,6796.0,6701.13,6711.65,12209.973495,6710.1295,6713.0588,6715.643349999999,51.761996187184884,-0.5960435049655644,-0.8820729729508135,2.840290190698405,14.832693173024943,6712.94471917415,6707.31428082585
BTC,2018-10-19,6628.0,6638.11,6551.02,6568.6,14219.593477,6567.221,6568.223799999999,6570.69725,52.87039748157915,0.5092363484900488,0.17114477842169112,3.5584280198762683,21.26178540284411,6571.333521853625,6563.108478146374
BTC,2018-10-20,6515.1,6617.65,6505.55,6592.01,13364.363134,6593.977000000001,6599.8948,6593.41255,35.45286023174508,-1.5255109665404234,-1.6793724402915826,2.419025372363262,19.795592397391246,6596.334787946345,6591.619212053656
BTC,2018-10-21,6624.57,6663.9,6604.07,6655.0,3038.136909,6643.6315,6641.956999999999,6628.46395,74.8545986756733,2.90089133588026,1.7223368303336322,2.783655329052978,26.817039782943972,6653.919077508884,6633.343922491117
BTC,2018-10-22,6591.1,6639.0,6535.27,6563.84,10370.321136,6563.825999999999,6568.645800000001,6577.660249999999,47.39644717243675,-1.5052680716644318,-1.7685491293482642,3.809012655595228,33.46836262000893,6568.8566556228925,6558.795344377106
BTC,2018-10-23,6591.76,6595.0,6515.45,6558.77,8144.6451799999995,6558.0485,6561.6215999999995,6557.925550000001,49.24659130017133,-1.6278601401190826,-1.9332819014757938,2.822759023832584,53.57904557221666,6562.911348033952,6553.185651966048
BTC,2018-10-24,6564.74,6630.0,6560.11,6618.03,6993.225484,6617.2065,6612.8198,6607.75965,55.910086503565,1.5858547463440118,1.7825269430503694,2.402725543020981,29.357146770709466,6621.314809992698,6613.098190007302
BTC,2018-10-25,6568.4,6575.09,6502.8,6556.9,7766.642315,6558.435,6560.8758,6554.3751,41.66175278120846,-1.1784859380195485,-1.266671539101042,2.222005175136657,25.09079402894241,6561.790517843397,6555.079482156604
BTC,2018-10-26,6540.0,6600.0,6515.01,6525.87,7133.782856,6526.0105,6527.472,6542.29135,48.97148222039572,-0.14468857165229565,-0.3131621381679559,2.8838139733224084,15.278608659654449,6528.699733905766,6523.3212660942345
BTC,2018-10-27,6544.51,6558.35,6512.0,6513.99,3192.194755,6515.8975,6519.9026,6531.7688,40.56933886362649,-1.9256260471465794,-2.0419919144203695,2.3135073496051803,22.701360213997038,6521.024639065604,6510.770360934396
BTC,2018-10-28,6498.74,6514.17,6477.32,6507.0,3021.270051,6504.3105000000005,6505.268,6499.178150000001,56.69290881992652,0.38234116278363217,-0.09200722149399199,2.4555675166526925,22.421367929372995,6508.232930241559,6500.388069758442
BTC,2018-10-29,6490.99,6505.01,6315.0,6378.64,10239.162427,6376.5405,6371.910800000001,6368.031899999999,60.82100898258607,1.2054160871557542,1.453624230321675,3.5928574471536794,20.026994001346573,6379.108826106267,6373.972173893733
BTC,2018-10-30,6353.74,6395.0,6330.0,6349.75,5101.853006,6351.43,6350.611800000001,6357.8327,44.19058428967506,-0.3482991853834392,-0.07438911690372668,2.819449619402376,33.51404925009,6354.473097106418,6348.386902893582
BTC,2018-10-31,6332.65,6347.0,6245.02,6324.19,6814.1034,6297.5025000000005,6284.5058,6315.38255,67.25510228857411,13.25741019097768,9.201558662836511,10.25865958941157,35.82198602030661,6343.203473676747,6251.801526323254
BTC,2018-11-01,6357.97,6400.0,6348.66,6363.5,4672.274647,6366.970499999999,6367.8162,6365.202249999999,39.504229890189535,-0.7033105416185208,-0.3965077497338103,2.817098945807464,25.91646998222685,6370.532664931662,6363.408335068337
BTC,2018-11-02,6443.97,6448.0,6388.2,6423.98,5584.084834,6427.0395,6432.9542,6426.433099999999,38.22665535152732,-2.054992108504848,-2.05378791128319,3.583424663237205,11.82097668588079,6430.136553276902,6423.942446723097
BTC,2018-11-03,6430.86,6430.86,6345.0,6368.26,5088.148888,6369.505,6369.262,6366.209,47.47606163706418,-0.04156977261300199,0.05379155148954861,2.3171539726959747,24.48787585410451,6372.58189778931,6366.428102210691
BTC,2018-11-04,6375.01,6420.0,6359.0,6417.07,4472.829596,6412.2305,6408.562,6405.7603,60.74787618527637,2.309985377850353,1.800527194734054,4.41748587498267,16.758102286461668,6420.051953764975,6404.409046235024
BTC,2018-11-05,6466.09,6504.39,6438.9,6477.15,5187.601569,6479.6045,6472.7964,6474.543799999999,49.35337675829228,1.5902068657742348,2.0292626523733484,5.3579096705851414,23.628813993152015,6483.957905448675,6475.251094551326
BTC,2018-11-06,6462.01,6514.73,6445.18,6498.03,6679.738505,6497.6485,6491.0002,6488.45845,52.6134437749488,2.466208119399198,2.862388569094463,6.198169694019009,13.8581270258725,6505.990682627673,6489.306317372328
BTC,2018-11-07,6590.48,6615.15,6536.0,6544.99,7434.994959,6544.6015,6548.553000000001,6564.30135,50.27371155407445,-2.3678178642876446,-2.4875538768078886,4.178998835606628,26.04436672771025,6554.22765868341,6534.97534131659
BTC,2018-11-08,6560.0,6568.67,6505.0,6547.61,6448.226123,6546.8910000000005,6551.5722,6549.5862,48.01498931829424,-1.1803721857604614,-1.6841751784710643,4.260198409774954,13.308963611740001,6552.840258441175,6540.941741558826
BTC,2018-11-09,6483.66,6511.53,6391.01,6432.06,7882.084522,6426.946,6421.4528,6425.541649999999,64.64203534883748,2.7497370705641515,2.355322909533285,3.5175508704291785,24.204813983420706,6433.543722031035,6420.348277968965
BTC,2018-11-10,6431.0,6472.57,6426.64,6458.27,4642.645614,6457.5005,6457.7862,6455.7224,53.23075616226904,-0.03967623203061521,-0.12086195094382185,2.6325284033054523,19.430931802425377,6459.441690098458,6455.559309901542
BTC,2018-11-11,6440.0,6450.0,6383.71,6387.9,4028.906737,6406.753,6412.852,6416.77545,15.011081759310606,-5.400443391758017,-3.394031307482698,3.623616194167812,45.025153513986,6421.62051371295,6391.885486287049
BTC,2018-11-12,6452.73,6483.93,6432.7,6455.03,6194.281423,6448.7705000000005,6455.7426000000005,6457.21035,54.878940974718816,-0.9023507016117946,-2.376495086891486,4.500022818190064,33.17609962222017,6455.635027587482,6441.905972412519
BTC,2018-11-13,6423.56,6473.63,6416.25,6464.73,5975.345479,6461.8865,6453.615599999999,6453.295999999999,59.8517114296628,3.256489661267551,3.3777627986186047,4.287934938114842,23.378973267815073,6469.141033134462,6454.631966865537
BTC,2018-11-14,6462.5,6482.84,5656.87,5830.41,43228.752321,5821.4745,5823.5714,5799.84735,54.748947217565856,4.6209012876761335,2.568571389247614,14.68944568339369,20.623696978514303,5844.864049354881,5798.0849506451195
BTC,2018-11-15,5784.07,5825.0,5403.42,5608.54,29957.772558,5632.8025,5564.012,5581.7991,48.7925421525191,7.663705557820322,16.227097734036704,31.396959530643517,32.842394406987815,5668.713755547292,5596.891244452708
BTC,2018-11-16,5704.15,5750.0,5560.05,5649.61,23647.163222,5656.0109999999995,5666.938999999999,5670.151750000001,33.144785393985494,-3.1881176585575304,-3.2037973582288344,4.886690807374159,24.682507249097256,5666.905723310103,5645.116276689896
BTC,2018-11-17,5590.92,5646.59,5565.43,5606.16,15295.094525,5606.42,5609.925200000001,5608.474400000001,47.399473522630586,-1.3752397349198873,-1.637153161605012,2.8836067918771238,26.11930913321819,5612.626519153418,5600.213480846583
BTC,2018-11-18,5657.75,5688.84,5617.0,5644.06,12576.957134,5641.698,5642.026200000001,5641.009149999999,55.74095720979328,0.7956484632268257,0.4834280431197002,3.7262307441451874,14.835422996516362,5645.987841955153,5637.408158044847
BTC,2018-11-19,5569.81,5600.0,5150.0,5203.24,34130.339594,5212.4455,5200.335,5244.58535,47.01900287422133,3.9212432579861343,6.197800610756501,12.392790696598311,17.9972856493192,5239.292448039097,5185.598551960903
BTC,2018-11-20,5023.78,5048.24,4405.0,4827.24,66649.141943,4824.005999999999,4829.798400000001,4669.89125,51.36844758422433,2.86317142329699,4.215736627138024,19.991536276894042,14.89474124126551,4854.554981914057,4793.457018085942
BTC,2018-11-21,4588.54,4787.2,4487.0,4645.5,34378.580852,4622.232,4593.8714,4612.2544,65.84352665621928,17.571956086584578,15.222696814214933,12.439555404141334,40.821890218104315,4665.820073873354,4578.643926126646
BTC,2018-11-22,4691.98,4696.91,4470.0,4561.66,18864.966058,4552.725,4555.7488,4547.044449999999,59.291316134856054,1.226882891657624,-0.03602590603890504,6.565860520550353,21.881858233743937,4564.2881025247725,4541.161897475228
BTC,2018-11-23,4331.8,4484.0,4222.94,4393.81,27013.459119,4400.346,4406.0546,4384.18735,42.35694143627793,-2.9998520888048006,-2.881541823724204,6.607937968997254,23.513615467908092,4414.600117159533,4386.0918828404665
BTC,2018-11-24,4478.71,4481.45,4338.0,4370.82,17350.877254,4367.0765,4371.1786,4377.4619,52.18587585132936,1.3851132110930848,0.09944916924703534,5.615645059459263,18.849920962639676,4378.45279161923,4355.70020838077
BTC,2018-11-25,3876.53,4038.09,3652.66,3855.51,57195.259498,3884.6275,3913.402,3935.8632000000002,27.5766253636689,-13.905281655302133,-11.950232019416907,12.73056506882039,37.843661128377846,3914.0947773598373,3855.160222640163
BTC,2018-11-26,4051.87,4191.29,3838.0,3875.02,43659.003327,3881.1465000000003,3884.1584,3956.5384000000004,45.42574220028684,0.9032075312798042,1.5041237270167218,13.711989672994818,11.161453969691113,3902.9614565890092,3859.3315434109913
BTC,2018-11-27,3791.65,3920.0,3689.12,3779.19,39720.229533,3772.5285000000003,3788.5768,3800.2807000000003,50.989195803881906,-4.0099757060152115,-5.973605896084877,10.373548794790574,18.760428941790874,3791.6892935900287,3753.367706409972
BTC,2018-11-28,3911.88,4294.3,3891.53,4214.61,51219.045581,4218.8555,4228.6186,4189.6748,45.5163676044126,-0.43880700502268155,-0.7170211330179284,9.949135268323401,15.434363328975287,4232.09844902961,4205.61255097039
BTC,2018-11-29,4163.27,4450.38,4125.65,4309.03,45161.368954,4287.83,4292.3715999999995,4310.407200000001,62.69457115620397,5.431834023935153,1.7940243324280423,8.785929104943664,24.97600089330296,4318.476940467103,4257.183059532897
BTC,2018-11-30,4265.97,4341.36,3943.0,3988.05,47426.456162,4012.772,4025.2648,4024.6807499999995,22.717867324819,-8.351807496661877,-6.147547512676626,7.931769663187991,42.158174012155776,4032.9415876017656,3992.6024123982343
BTC,2018-12-01,4027.9,4233.0,3963.01,4198.09,27523.219,4193.087,4198.9133999999995,4194.35425,54.88902169237655,-1.4702512075300547,-2.204607566748674,6.522309007228042,25.957676301925876,4202.418130907003,4183.755869092998
BTC,2018-12-02,4291.64,4312.99,4103.04,4171.83,23090.665554,4167.423,4169.411,4165.6905,53.91357639788353,1.9770866986491455,0.8938712342869806,5.992202850188842,22.509945684468622,4178.519976344881,4156.326023655119
BTC,2018-12-03,4017.56,4068.0,3856.05,3879.77,27578.839525,3897.6965000000005,3926.2389999999996,4009.4025,36.509489388005065,-9.767147145180388,-10.519946356556819,10.968855438476501,33.8679804223014,3913.230414220364,3882.162585779637
BTC,2018-12-04,3909.6,4085.0,3781.0,4027.93,31305.2857,4036.0065000000004,4048.3495999999996,4010.5269,40.62034348428207,-7.443824391007183,-6.369015547826898,9.177256469763359,33.97385070549513,4056.9937049354717,4015.019295064529
BTC,2018-12-05,3901.0,3925.97,3831.25,3867.73,21872.42716,3870.575,3870.5824,3886.25125,46.75532514844136,-0.9977341625453846,-1.062276741477374,5.038971070426422,16.327103229068275,3881.033811595981,3860.1161884040184
BTC,2018-12-06,3765.41,3899.99,3631.0,3689.45,39797.702057,3672.012,3701.4722,3735.53765,54.306124471062475,-4.540473021354501,-7.404502772802599,15.849775197444943,16.34323743965685,3691.448303764096,3652.575696235904
BTC,2018-12-07,3391.26,3454.11,3341.04,3417.39,35815.764397,3418.8785000000003,3420.9824,3407.6963,45.58496513517513,-0.5177105609855062,-0.3056421823071162,4.0848503692075555,12.947580148821562,3424.230760363827,3413.5262396361736
BTC,2018-12-08,3430.11,3493.0,3222.0,3375.67,28716.005757,3380.2264999999998,3361.8322000000003,3347.64135,52.70675975362633,3.945811948841765,5.924916954621936,7.577220669434158,26.24153303878974,3391.5514499335172,3368.9015500664823
BTC,2018-12-09,3430.02,3554.04,3394.04,3518.2,20224.953745,3514.4545000000007,3518.8532,3486.0769,49.935297384876854,0.974804857262825,-0.17566291682327986,5.599797547446169,20.200776066823472,3527.5396205188254,3501.369379481176
BTC,2018-12-10,3552.26,3565.0,3413.0,3425.48,22268.965856,3428.1765,3441.1118,3481.00095,44.53499317855963,-4.564316870631501,-5.459789127336874,6.834676585965068,30.49742608884941,3440.6557231731795,3415.6972768268206
BTC,2018-12-11,3398.31,3480.0,3342.62,3360.0,21253.756479,3365.0474999999997,3367.3776000000003,3369.0679,39.4317231451185,-1.7370931584282516,-0.944878994334543,4.401192465709154,14.974216459930416,3371.065362992814,3359.0296370071856
BTC,2018-12-12,3373.47,3480.0,3360.0,3452.83,21311.625801,3438.6690000000003,3424.2772000000004,3426.3354,58.92307264952564,9.994303617806054,9.439956297852246,9.80195935448739,32.698370278060914,3479.426206430276,3397.9117935697245
BTC,2018-12-13,3401.52,3435.0,3362.93,3420.33,17979.742862,3409.9015,3407.0292,3415.4366999999997,65.41563230383277,2.8898949417157382,1.2803756493125649,4.333292145207791,32.501739097116904,3421.8446960128235,3397.9583039871764
BTC,2018-12-14,3278.92,3325.0,3265.3,3268.28,17227.50505,3275.3334999999997,3278.5786,3289.2870000000003,29.075299424482818,-2.066696714995942,-1.276916032903737,3.239731517895983,22.640602342326726,3281.7428908446263,3268.924109155373
BTC,2018-12-15,3227.02,3276.5,3156.5,3174.84,17033.703377,3170.5585,3175.6456,3184.35015,53.00504739431428,-0.25241757900539596,-1.0693112353077086,4.349654687194389,15.444975936618226,3177.5264273099438,3163.5905726900564
BTC,2018-12-16,3247.25,3294.0,3220.98,3237.01,14793.116119,3238.5505,3232.4647999999997,3248.4095,50.9845245869113,2.127714948686844,2.8076547155440066,2.405738662217374,35.59564909300213,3245.759257105055,3231.3417428949447
BTC,2018-12-17,3223.51,3449.98,3216.0,3404.51,31164.042598,3403.978,3407.4808000000003,3407.3077000000003,49.018051088310855,-1.2727803692382622,-1.724615026672854,3.7669670894338436,18.222310001788717,3410.848367093674,3397.107632906326
BTC,2018-12-18,3507.04,3577.0,3424.47,3536.29,32423.273988,3539.8854999999994,3546.3194,3527.3570499999996,40.54596338511174,-1.101332165063468,-1.0335746379615935,4.4093954332119605,19.637974950914412,3549.534652242505,3530.2363477574936
BTC,2018-12-19,3667.54,3912.73,3652.0,3736.0,57295.018185,3767.2074999999995,3775.8451999999997,3814.9424,31.19027409724703,-14.299875433768648,-10.024233100747754,8.837345067631276,37.65290407206569,3815.8682373043566,3718.5467626956424
BTC,2018-12-20,3745.13,4065.0,3650.0,4000.71,57300.928426,4003.8615,4000.1048000000005,3985.56315,47.8786543984033,2.008283806941108,3.3623089164917292,11.055244112300256,22.902274771632865,4024.2658860723986,3983.4571139276013
BTC,2018-12-21,4031.97,4070.99,3880.0,3943.47,43488.21648,3967.393,3981.4936000000002,4005.56495,28.635058785945596,-6.12066170031585,-5.139746560871304,8.849801959841791,33.42819122778597,3983.9324644411827,3950.8535355588174
BTC,2018-12-22,3812.5,3933.39,3785.0,3830.0,23993.738427,3823.4235,3822.3468,3825.75045,59.2099458434706,2.1827504104194304,1.8301318770493455,5.386294081421563,18.394460752018897,3834.051866337254,3812.7951336627457
BTC,2018-12-23,3957.47,4021.53,3870.0,3913.52,24423.34634,3911.624,3917.1652000000004,3963.8558500000004,50.19267404346456,0.036851166470569297,-0.7205406990934635,5.4253925551044295,15.49871263826324,3922.997425869079,3900.2505741309205
BTC,2018-12-24,4117.72,4198.0,4066.0,4160.0,31058.242303,4159.7995,4156.9234,4117.28535,50.873073001884514,4.119807447301355,4.660468253024185,9.38488244748618,21.12930792279334,4179.095694935863,4140.503305064137
BTC,2018-12-25,3813.0,3818.83,3646.41,3678.69,31480.170034,3690.228,3701.4894,3727.7786499999997,41.590724991917035,-4.08019768673239,-3.457163152410781,12.696313970547696,23.41054462916377,3725.5177444592427,3654.9382555407574
BTC,2018-12-26,3828.93,3830.0,3656.74,3711.04,23757.32617,3705.5844999999995,3695.0,3716.9552500000004,57.1631197988288,4.7031650401677325,4.561575876216766,7.451615640138617,19.511462150337138,3720.3758197179104,3690.7931802820885
BTC,2018-12-27,3710.28,3760.95,3670.0,3704.8,18427.584439,3709.2935000000007,3717.8203999999996,3725.5324,41.01163742560995,-3.2765806651509592,-3.0793832763416957,6.648116140533305,19.006708021368556,3719.801512704663,3698.7854872953385
BTC,2018-12-28,3569.02,3816.73,3540.04,3748.88,19287.853174,3641.4550000000004,3607.5084,3587.64985,74.78531973123101,43.450829628547126,25.769820505656686,21.865031798612083,46.51981922083186,3778.812938176128,3504.097061823873
BTC,2018-12-29,3835.02,3892.0,3756.2,3823.47,19317.148994,3822.5029999999997,3819.6904000000004,3817.1880499999997,54.27540885977321,0.20757246496668813,0.302630793359242,3.563428141580874,17.814845944929132,3828.925899968047,3816.0801000319525
BTC,2018-12-30,3714.97,3903.5,3699.31,3781.27,18374.546762,3782.9615,3784.0463999999997,3775.7122500000005,47.78967012039463,-1.3090929964105271,-1.2687172989300675,5.298645861690469,11.498864871302207,3795.193685863476,3770.729314136524
BTC,2018-12-31,3757.41,3791.63,3692.11,3752.49,16352.229169,3753.8225000000007,3753.3792,3737.1355,50.02308766582481,1.0209277123713036,1.2792133079346546,5.971700732883094,14.941121790303416,3759.3407021527764,3748.304297847225
BTC,2019-01-01,3689.3,3756.94,3666.01,3682.76,11255.018154,3681.3595,3686.0468,3705.1167000000005,47.596664299553886,0.3793962494646621,-0.361915932900385,3.926363980273089,25.617686810752982,3691.448586133087,3671.2704138669133
BTC,2019-01-02,3772.43,3839.63,3750.45,3805.53,17733.356011,3806.9649999999992,3808.0448000000006,3805.8721499999997,46.217747785883404,-0.5049879043212968,-0.4756640415856347,3.249599233993432,21.363311840165853,3811.3016553930993,3802.628344606899
BTC,2019-01-03,3839.7,3850.0,3783.0,3799.04,14937.565268,3803.2,3801.8064,3807.9417,38.55249032176865,-1.2664854764038864,-0.5633620344262045,2.9031770350136967,22.18322085313634,3808.4509351547836,3797.949064845216
BTC,2019-01-04,3755.93,3800.0,3703.57,3721.76,17580.697424,3720.7185000000004,3719.7315999999996,3740.6745,51.77159917269907,0.05364572363714615,-0.07210610593216829,3.536356328430458,18.294994219032255,3725.1497674256843,3716.2872325743165
BTC,2019-01-05,3809.33,3840.99,3770.0,3806.97,15674.302393,3803.7355000000002,3796.7947999999997,3794.1907,60.81922716706304,2.788325894362515,3.04253924679851,3.794171407788458,35.280200365990375,3811.9050862196145,3795.565913780386
BTC,2019-01-06,3764.67,3824.99,3760.0,3809.95,12880.58441,3813.0464999999995,3810.1992,3800.2972000000004,44.915849656163985,0.04873202193812176,0.9807109209775835,3.300237521128401,26.39029227111361,3819.088222519294,3807.004777480705
BTC,2019-01-07,3975.96,4015.0,3921.53,3977.47,18074.401775,3979.5369999999994,3983.7845999999995,3977.6072999999997,45.92853840869948,-3.673720383078944,-3.106205354836867,3.4313190779493703,50.33573739847479,3991.5562547190134,3967.5177452809853
BTC,2019-01-08,3944.93,4069.8,3935.11,4051.55,21446.919232,4030.8125,4019.6018,4010.03235,80.25103689099686,6.963898230081213,5.1918149903525315,6.890208592202403,43.752704380097555,4047.783942926544,4013.841057073456
BTC,2019-01-09,3982.1,4006.81,3941.0,3956.14,15991.441804,3960.7740000000003,3960.5490000000004,3966.1578999999997,41.77543847511797,-1.8018827019386663,-0.829325082341471,4.380299542326231,23.20872878320261,3967.914270022689,3953.6337299773118
BTC,2019-01-10,3978.1,3996.01,3707.07,3720.8,36187.143334,3727.9165000000003,3728.6258,3726.0890000000004,33.61337587259778,-2.1837443555946265,-0.9767145517054113,4.026748459871042,34.33174797166013,3736.5384424143235,3719.294557585677
BTC,2019-01-11,3588.83,3635.0,3546.36,3597.64,19809.471896,3603.696999999999,3603.5833999999995,3592.6241999999997,35.38567836329461,-1.9254164463527559,-1.0935426358260314,3.1092241565557246,28.183883175507717,3611.9780967873144,3595.415903212684
BTC,2019-01-12,3585.89,3605.0,3530.0,3586.71,11172.983982,3588.754,3589.1776,3587.0397000000003,41.706653774762216,-0.4971178252826576,-0.31316590546310646,1.8330556780420253,14.742117599881658,3591.360556348851,3586.147443651149
BTC,2019-01-13,3572.25,3611.1,3560.26,3574.05,7758.7774229999995,3574.3625,3573.9178,3582.8844,50.40320621341663,-0.4110535512572824,-0.31628770045686005,1.937391353129382,31.34435460424885,3577.168015104304,3571.5569848956966
BTC,2019-01-14,3496.06,3638.03,3485.02,3609.69,17811.920953,3538.8969999999995,3513.9506,3503.4341000000004,83.32246176728081,28.274903163914132,18.538368553524165,14.607703519285137,62.82022665610492,3627.575554137974,3450.218445862025
BTC,2019-01-15,3633.0,3640.77,3578.07,3601.6,18335.263817,3598.4610000000002,3607.5996,3611.95145,50.622767143097875,-0.9329224914504266,-2.2327171095119893,5.5721972572474545,22.01537397247225,3604.5246190514476,3592.397380948553
BTC,2019-01-16,3558.02,3645.0,3552.25,3591.83,16006.150915,3593.499,3596.3652,3602.5901499999995,42.205585927480726,-1.413517617287198,-1.326711536581795,2.9086594741057583,22.896611586749746,3596.7078496382246,3590.290150361775
BTC,2019-01-17,3594.99,3601.54,3530.39,3597.02,15520.633286,3584.2895000000003,3578.889,3572.5166,73.29299030290105,3.6935644200807474,2.82829633851682,4.428235910240717,23.71520591600435,3594.3873640810466,3574.191635918954
BTC,2019-01-18,3604.0,3619.8,3576.68,3606.4,13587.3638,3602.0345,3597.4986,3590.9701499999996,68.30540510124048,2.1178813631308913,1.8310255258956607,2.109137770565297,26.595632252690777,3606.315618895857,3597.7533811041435
BTC,2019-01-19,3603.96,3720.0,3600.72,3687.74,14886.763589,3689.968,3688.2922,3688.12295,41.81924324606387,0.45780438213614616,0.8078104436386738,1.6725824829766849,35.44220859113273,3692.7604011174417,3687.175598882558
BTC,2019-01-20,3682.77,3693.73,3475.0,3521.09,20072.065089,3527.8940000000002,3529.2171999999996,3522.8635999999997,23.106961204616226,-2.2794772409010875,-1.4537771861172726,1.9769730503850536,30.600854463704316,3535.3904455580214,3520.397554441979
BTC,2019-01-21,3536.58,3559.51,3501.0,3527.94,11479.357893,3524.702,3526.0542,3534.1451,55.194266454974596,1.2497318971950335,0.6625742457755264,2.8100990087661377,35.96454295944994,3533.940483858334,3515.4635161416663
BTC,2019-01-22,3536.56,3590.51,3434.85,3568.59,19528.040698,3563.794499999999,3560.954,3552.9250499999994,65.13923376923493,2.875642746194444,2.230451173209684,2.1565451936876876,42.50038693107206,3573.549614504767,3554.0393854952313
BTC,2019-01-23,3577.2,3607.98,3543.99,3566.7,13599.376594,3568.9200000000005,3567.9674,3573.03585,40.7008876313803,-0.05171353389687283,0.2954268041671102,1.9018960777483087,22.313321702677115,3570.8118456595766,3567.0281543404244
BTC,2019-01-24,3538.52,3576.97,3530.45,3550.32,11776.997863,3550.9315,3554.3922000000002,3561.14885,42.7507943655545,-0.928420078943418,-1.172897677736622,2.359511023040227,27.811843257491248,3553.8923868604725,3547.970613139528
BTC,2019-01-25,3575.12,3579.4,3522.51,3564.75,11343.194056,3562.6229999999996,3561.1276000000003,3553.39925,60.119786742368504,1.0146716977160395,1.0724435532494416,2.375919527749682,11.495717007777788,3566.9688950746604,3558.277104925339
BTC,2019-01-26,3562.11,3662.94,3555.55,3556.0,13854.364884,3571.853,3580.0398,3585.3389500000003,25.294604819592415,-6.536976447051984,-5.100531500014795,4.10052815101032,62.976180075733645,3592.013569535594,3551.6924304644062
BTC,2019-01-27,3571.58,3578.92,3486.0,3552.08,15283.766518,3554.1615000000006,3557.2894,3545.8678999999997,41.05416516002259,-1.5127611728630654,-1.3255543722900427,2.0457330838263648,18.52075951683311,3559.3240934374776,3548.9989065625236
BTC,2019-01-28,3523.03,3530.4,3380.27,3386.97,28013.794503,3403.1,3413.9012,3422.82255,29.806863496434325,-6.54792239328026,-5.187422380435876,7.1530862727481175,44.38626680678291,3418.869196555324,3387.330803444676
BTC,2019-01-29,3423.01,3428.03,3349.92,3418.13,19738.449968,3415.071,3415.9646,3407.3538999999996,62.41781823098402,0.8214075386663353,0.24082585511521676,2.2199535853235757,28.181771702246607,3418.84733102367,3411.29466897633
BTC,2019-01-30,3406.41,3476.36,3402.41,3457.41,15951.244141,3459.3239999999996,3458.4822,3457.7378999999996,42.56555411648271,-0.20558948610550942,0.15629265328205605,2.1641868139601947,31.32807002534884,3461.31246071092,3457.3355392890794
BTC,2019-01-31,3467.96,3480.0,3418.8,3435.72,20453.895556,3431.0275,3431.0847999999996,3434.91475,67.88812787223601,0.5142527707889712,0.049984800234069066,1.9492625462602415,20.0875985524462,3434.3420369210285,3427.712963078972
BTC,2019-02-01,3407.73,3479.99,3403.02,3458.0,14760.11328,3457.6400000000003,3461.3989999999994,3465.4698500000004,48.20732336754134,-1.174474242729957,-1.4003423795090497,2.2671873642566363,55.49039672597648,3460.0904530191997,3455.189546980801
BTC,2019-02-02,3467.23,3481.59,3440.29,3459.42,9879.03639,3462.7515,3464.4564,3467.0627000000004,32.819935728609295,-1.1557626002199868,-0.7979281353278423,2.048564030927143,36.90826070867012,3466.0767926186304,3459.4262073813693
BTC,2019-02-03,3488.6,3494.96,3447.44,3462.14,9783.893706,3461.076,3459.6013999999996,3464.64495,53.75583551677604,1.2076546852840693,1.1676816868758753,1.970455150507023,22.61992729613978,3467.2501441512068,3454.9018558487933
BTC,2019-02-04,3465.69,3484.88,3433.31,3452.17,13055.382245,3451.4764999999998,3451.0906,3451.13455,53.60854828069618,0.31716644815060135,0.18828981401388462,1.2839018844998629,17.558507734266275,3453.3913814585144,3449.561618541485
BTC,2019-02-05,3464.94,3478.97,3449.05,3458.95,15343.426587,3460.0520000000006,3457.5327999999995,3461.18395,49.22143144122985,0.4940417158327364,0.7100055563723697,2.198535316346484,18.079165423968277,3461.4355982074553,3458.668401792546
BTC,2019-02-06,3416.73,3432.73,3382.26,3414.91,15462.558132,3410.5114999999996,3403.5152,3404.0165,63.12441822914457,3.5409931779126964,3.3230298120266313,3.2658229856287138,30.43165096659058,3417.354503068877,3403.6684969311223
BTC,2019-02-07,3405.58,3426.45,3399.0,3402.45,11853.485375,3403.7204999999994,3407.0001999999995,3406.62565,38.94198441221884,-1.272177317781825,-1.1782969877638547,2.1144517349995047,41.699883605225644,3405.7922960806545,3401.6487039193444
BTC,2019-02-08,3390.54,3475.0,3373.1,3473.38,17441.220472,3463.814,3459.2512,3447.18885,70.45298699903257,3.3220660463907734,2.745995784609539,4.270854955836753,45.22077657386324,3472.9761076177597,3454.65189238224
BTC,2019-02-09,3642.6,3680.02,3635.0,3645.0,14702.750147,3648.6795000000006,3653.8394,3658.2379499999997,30.22022819176354,-2.1017908708986397,-2.1562739002598343,2.580989519929321,41.29742522237276,3653.7222828626877,3643.6367171373136
BTC,2019-02-10,3660.0,3661.17,3609.76,3628.73,12629.546879,3626.929,3623.7136,3625.4344,59.84944832400529,1.3824523404709907,1.1184094111566263,2.677349555999483,31.74696148128462,3630.592325811323,3623.265674188677
BTC,2019-02-11,3636.44,3657.2,3616.66,3637.58,12252.660365,3639.0824999999995,3642.6144,3640.52855,44.43302424216157,-1.2987115110940977,-1.330086133157291,3.3546195984669662,23.129004070962225,3644.294735125259,3633.87026487474
BTC,2019-02-12,3616.23,3638.0,3595.71,3616.07,15123.613335,3617.0784999999996,3620.455,3620.2919,41.63434037845114,-0.5601485067959402,-0.7159323826368194,2.8449510486358025,18.375294439969355,3622.477078609212,3611.679921390787
BTC,2019-02-13,3630.53,3670.0,3591.75,3604.49,17190.689816,3601.936,3605.1218,3614.1699,54.92875643400321,-1.1246005441144007,-1.5806280252564497,3.6217497955885225,33.35733160075533,3606.8589966483305,3597.01300335167
BTC,2019-02-14,3618.22,3625.0,3568.11,3600.93,14593.718165,3602.4269999999997,3597.6468,3591.77985,49.3932110568575,1.3751510643719485,1.9215863105592847,2.26038100586362,32.85206176454788,3606.4720666248345,3598.381933375165
BTC,2019-02-15,3602.12,3653.23,3573.51,3579.75,15202.438630999999,3583.7735000000002,3588.0514000000003,3608.0833000000002,34.7922171693443,-2.763060362622582,-2.4935940218506376,3.2105393879144435,29.575961602129784,3589.9654375803766,3577.581562419624
BTC,2019-02-16,3607.0,3648.2,3604.87,3634.0,12754.043069,3636.4,3636.5312,3631.5746499999996,42.43042970070059,-1.1341357017636255,-0.6752693857071772,2.4443969449221887,17.80825693239205,3641.4929323579045,3631.3070676420957
BTC,2019-02-17,3627.79,3700.11,3604.4,3625.0,15420.204656,3625.6890000000008,3625.4508,3618.9457499999994,47.14011683369334,-0.11973514555938891,0.05440507953059244,1.7307237467620098,33.561403512673635,3627.2326696538375,3624.145330346164
BTC,2019-02-18,3695.99,3848.0,3691.29,3813.41,33181.133566,3813.125,3808.6992,3797.2204,53.94824388637525,1.1827245519079952,1.653644973550049,3.626501556222379,17.442490315891412,3820.6905786293755,3805.5594213706245
BTC,2019-02-19,3885.0,3994.52,3868.0,3957.95,28027.940551,3957.1299999999997,3959.4770000000003,3942.8708,49.41156106974861,-0.4130051898855527,-0.410244592413126,4.121442457510386,9.818935246069982,3962.9811298052296,3951.2788701947698
BTC,2019-02-20,3898.89,3986.98,3890.0,3934.87,21888.632542,3944.6985,3946.7406,3954.9303999999997,26.68786866670776,-1.736510701584848,-0.7160831785972437,2.6948621722985813,19.798968456574872,3951.039204298454,3938.357795701546
BTC,2019-02-21,3951.67,4016.48,3901.03,3926.99,21886.810748,3927.0365000000006,3930.3027999999995,3932.88135,47.56617998926841,-1.0630598318912234,-1.4426822930015077,2.1693482605477374,40.31165787343987,3931.350167928703,3922.7228320712984
BTC,2019-02-22,3953.42,3988.0,3926.65,3945.0,16290.907363,3947.0800000000004,3960.9864000000002,3968.5634000000005,35.00427927501275,-4.932690149560585,-5.394795974531844,3.23227927990098,36.626309813545106,3954.695415944071,3939.4645840559297
BTC,2019-02-23,3969.27,3971.86,3933.15,3939.99,9251.655781,3943.2695,3946.7873999999997,3952.0379,41.36187498085698,-1.5595672647536958,-1.3959549565188347,2.9796823674120314,38.27106345377544,3948.6354201448075,3937.903579855192
BTC,2019-02-24,4139.05,4198.0,3731.08,3762.52,38497.589819,3796.653,3803.5135999999998,3982.63015,21.742839899916948,-9.074196589574512,-5.7918964867000895,9.445889749254292,33.997160587001176,3820.541419871996,3772.7645801280037
BTC,2019-02-25,3778.45,3818.46,3755.01,3801.17,19575.947917,3800.791,3799.6026,3801.0398999999998,53.61986199596245,0.4709784307024165,0.4996630046787314,2.1647740522330214,26.339823527575156,3801.838413958107,3799.743586041893
BTC,2019-02-26,3838.52,3841.47,3777.0,3829.03,19035.811197,3825.7830000000004,3821.6978,3810.2673999999997,63.344935433015266,2.637354178427813,2.508566870963728,2.5423830527556426,28.9099483536165,3834.3855998395684,3817.1804001604323
BTC,2019-02-27,3804.01,3838.85,3788.0,3809.55,15405.761509,3808.3890000000006,3809.1910000000003,3816.5032999999994,51.65406527452077,0.5061325221672632,0.310119356627323,2.5098264537018458,9.377302527109789,3812.542865187909,3804.2351348120924
BTC,2019-02-28,3822.01,3888.0,3763.87,3869.01,17936.218204,3833.0355000000004,3833.8568,3830.8308,62.49851974571074,4.645403649034961,-1.2823924664566277,14.851892509580757,31.009110253683712,3875.5315875728566,3790.5394124271443
BTC,2019-03-01,3823.04,3852.41,3819.7,3832.63,13256.016088,3831.6455,3833.4507999999996,3830.2577499999998,52.96306245918492,-0.24838834835009038,-0.585097747461686,1.7100298517518255,21.914545502819667,3834.0945690069025,3829.1964309930977
BTC,2019-03-02,3837.23,3841.31,3772.25,3822.48,13373.28183,3819.201,3817.0712,3820.4306,63.9872941861512,1.4876533534829832,1.2349672245329337,2.384977843280051,17.515747561102888,3824.2217007479044,3814.1802992520957
BTC,2019-03-03,3824.47,3835.0,3793.33,3809.48,9906.695467,3807.7964999999995,3811.1865999999995,3818.3046999999997,51.51876140017473,-1.1869666042539393,-1.7698214763205455,3.7628087458941133,43.99817103812039,3814.147837733153,3801.4451622668457
BTC,2019-03-04,3823.67,3825.55,3670.69,3714.37,25474.266429,3716.0385,3718.5553999999997,3709.8624,41.48814721695961,-1.0176296334589097,-0.9794224865424381,2.4141797275022094,23.616693983270082,3719.2530996643577,3712.8239003356425
BTC,2019-03-05,3711.24,3848.38,3703.55,3833.38,21025.872889,3838.5635,3831.8792,3803.8557999999994,45.618276277374235,0.2635553404502389,1.4118101929747866,3.5007292738753444,22.05780637587488,3846.1846554896174,3830.942344510383
BTC,2019-03-06,3836.85,3907.0,3821.13,3860.55,15172.325526,3859.1719999999996,3855.6012,3851.9159999999997,58.257312509625656,0.8657927258514064,1.0778095538584016,2.2597514441187276,17.33445250807349,3862.4268523776423,3855.917147622357
BTC,2019-03-07,3874.07,3905.4,3840.4,3887.9,16604.000461,3890.536,3886.3558000000003,3875.98805,49.648110076036275,0.5839272338857882,1.336886778539278,4.85847679470822,21.048267857564444,3899.2642997198914,3881.8077002801087
BTC,2019-03-08,3875.04,3930.0,3869.0,3914.74,16340.958943,3911.5225,3912.1711999999998,3903.9894999999997,59.72019405454642,1.0098518378617882,0.4572272792812248,1.9625356478275227,13.817699164578581,3916.2256090781475,3906.8193909218526
BTC,2019-03-09,3880.7,3966.0,3866.8,3941.01,17446.893063,3945.8975000000005,3949.4141999999997,3930.5468,40.69767147246739,-1.410616051382931,-0.8954170669118335,4.938822045719831,19.13076400784579,3953.156899079923,3938.638100920078
BTC,2019-03-10,3936.89,3936.94,3881.69,3910.95,14416.990576,3912.1690000000003,3910.9658,3905.328,46.75762297057937,0.9919433771133299,0.9456080175086764,2.322668982040296,17.354617451446096,3915.5560984632057,3908.781901536795
BTC,2019-03-11,3929.36,3936.98,3830.0,3853.69,24888.550674,3853.0439999999994,3857.3952000000004,3859.3906,47.64840577570988,-1.2163725355217139,-1.6694469676155037,2.2195949546840095,28.042744747146692,3857.6965279154065,3848.3914720845924
BTC,2019-03-12,3875.02,3905.2,3865.0,3882.54,18476.164449,3882.9305,3885.4092000000005,3882.64885,46.3681433800345,-1.3353545361510442,-1.4503285071813676,1.6873635880469193,32.864239584391875,3887.600786822109,3878.260213177891
BTC,2019-03-13,3874.2,3893.56,3840.0,3864.43,17157.350411,3861.1605000000004,3862.6201999999994,3872.76695,55.94873214573658,-0.3808410663623363,-1.0278370307555706,2.8596676611709477,22.570816654615655,3865.6069569039946,3856.714043096006
BTC,2019-03-14,3872.99,3920.0,3810.43,3881.98,19615.407705,3876.9660000000003,3877.6922000000004,3872.0405,60.93319327884912,1.204508525662277,0.5609039840538708,3.4047281550966755,18.63837858730524,3882.549247800361,3871.3827521996395
BTC,2019-03-15,3886.32,3934.71,3872.2,3925.86,14361.081208,3925.7935000000007,3920.9878000000003,3916.2344,53.763398060922114,1.2241870352754631,1.9188042105836447,4.076459417487635,33.26557579645096,3932.0288805816504,3919.558119418351
BTC,2019-03-16,3956.55,4056.98,3948.5,3994.38,21107.904941,3990.4695,3995.5114000000003,3992.8465499999998,55.145447388350256,-0.7027612811880317,-1.474935284276932,3.1752823589108607,24.49869679288967,3994.5172226930968,3986.4217773069036
BTC,2019-03-17,3977.01,4000.0,3950.01,3989.0,11637.816685,3987.085,3987.2368,3985.35945,57.36716850974994,0.5501873615726254,0.22682835755138772,2.220023594985442,16.570906866255278,3990.058802279948,3984.111197720052
BTC,2019-03-18,4022.43,4024.27,3953.33,3979.09,13949.489933,3978.8055,3978.6144,3981.11935,51.09471009838029,0.0404768179146231,-0.029836815013029823,1.727534069265011,23.408347933557103,3979.9677473920574,3977.6432526079425
BTC,2019-03-19,3998.94,4015.7,3970.0,3993.27,12436.052532,3994.1335,3993.5632,3991.91235,46.77286789003399,-0.2306814572980329,-0.19387440263593597,2.2378861304660695,13.411116408284675,3995.9713495585274,3992.2956504414724
BTC,2019-03-20,3993.98,4029.55,3984.61,4015.0,12689.69525,4013.2375,4017.0064,4013.84405,51.46921038337099,-0.5879985936371668,-1.060750207012965,2.0344047533584244,22.60182472044569,4016.8322287798237,4009.6427712201767
BTC,2019-03-21,4040.84,4069.32,3880.01,3959.99,25660.033961,3966.9649999999992,3959.0656,4009.9869999999996,44.38471565742728,-0.225708816932638,1.0996973439728654,5.074166027349507,18.701850204712514,3976.4227555476778,3957.5072444523207
BTC,2019-03-22,3989.48,4008.0,3968.25,3994.18,13616.438456,3995.2740000000003,3998.3723999999997,3995.304,41.418189348406344,-1.517515464108783,-1.6439101977174966,1.784743688692937,32.62121197079572,4000.3416124556147,3990.206387544386
BTC,2019-03-23,3995.0,4018.83,3978.01,3992.61,11671.013877,3990.954,3989.9726,3990.1427999999996,62.41511142899949,0.7526735639012259,0.5802591198722193,1.532877293454127,15.139619403531414,3992.8180643766855,3989.089935623315
BTC,2019-03-24,3996.74,4003.97,3975.0,3993.02,9475.88674,3993.6525,3994.1145999999994,3992.8774000000003,45.817924664005574,-0.17833469655761292,-0.1274525136213872,1.6793036961417835,11.390976733609271,3995.0170933460827,3992.2879066539176
BTC,2019-03-25,3990.29,3999.3,3968.75,3979.31,15402.510001,3981.764,3982.4572000000003,3980.82545,42.97012276273127,-0.7717292336151331,-0.6065889194682049,3.048013973820576,35.75640066798299,3985.849904550973,3977.6780954490273
BTC,2019-03-26,3943.01,3950.0,3894.0,3935.53,19262.835462,3934.0045,3934.3396,3918.6177000000002,55.29458764116164,0.22621991724372492,0.2979807650620175,1.9597809044906505,20.48702667915672,3937.693833137607,3930.315166862393
BTC,2019-03-27,3985.13,4040.36,3984.15,4018.99,19598.966856,4016.5795,4015.203,4018.34815,59.68623013021156,1.537190537933384,1.3641667312313002,2.18235488278167,30.490310919925292,4023.0726855818875,4010.086314418112
BTC,2019-03-28,4028.15,4038.5,4002.0,4028.29,12691.871843,4027.8535,4028.7426,4024.38385,51.153106065402504,0.16638566012898082,0.10324079178842302,2.3365312280930093,26.260959410503506,4029.669212256934,4026.0377877430665
BTC,2019-03-29,4031.0,4123.71,4024.03,4090.88,21149.316445,4093.7965000000004,4090.4512,4092.1107,42.384091620368515,0.06444047488912474,0.6544896020851524,1.5782007059127374,32.84711300596401,4097.186793644674,4090.406206355327
BTC,2019-03-30,4120.0,4127.89,4052.0,4080.33,12043.169754,4087.3730000000005,4088.0181999999995,4088.0342000000005,28.695033303749998,-1.2786924618048943,-0.4091366394557583,2.3035903462083,25.188872161591668,4092.543520670383,4082.202479329618
BTC,2019-03-31,4096.82,4116.12,4082.57,4109.2,8196.918056,4108.434,4108.7244,4106.8758,55.0907478913688,0.006879850416225963,-0.13130110172352435,1.451901239876557,20.595198057035116,4110.047101361101,4106.820898638899
BTC,2019-04-01,4127.32,4156.0,4111.12,4154.0,14599.709289,4151.007,4148.888999999999,4138.30105,60.29380941562635,1.4090483512727587,1.3524852500720979,2.8386461910502843,18.92356872329364,4155.684256033122,4146.329743966877
BTC,2019-04-02,4149.81,4841.44,4146.0,4687.81,79614.618297,4683.7654999999995,4715.6058,4736.4452,44.69320588862785,-6.210904518088682,-8.925209273003613,9.42290144213294,40.6201374643402,4696.1476992790585,4671.3833007209405
BTC,2019-04-03,4917.57,5034.99,4753.5,4961.58,45721.778647,4967.311,4976.554800000001,4953.9801,43.709863731782654,-4.310044726366868,-4.624243313801046,7.082767195414374,12.962738811546165,4986.7113854599975,4947.910614540002
BTC,2019-04-04,5034.24,5036.49,4894.99,4984.0,29646.222132,5002.385,4997.6348,4981.28515,38.7439695082449,-3.479682249096186,-0.7320518795567784,7.178613244552823,24.0909764072094,5022.524292440448,4982.245707559552
BTC,2019-04-05,4931.22,5028.22,4880.62,4977.54,25061.306363,4985.282,4982.9818,4990.32565,40.773570677467724,0.19618030250057927,1.447538845062962,6.679791631281462,18.32950924842141,4999.400886075102,4971.163113924898
BTC,2019-04-06,4996.03,5015.0,4950.02,4993.09,12328.787348,4990.276,4993.238600000001,4992.9554,54.0057274753908,-0.26476250505493226,-0.8895291109042989,3.4568902607008383,15.415226878192293,4993.2685266916915,4987.283473308308
BTC,2019-04-07,5048.2,5175.0,5035.72,5136.63,17753.721942,5140.8355,5145.0874,5134.6019,40.12325352361138,-0.8915435079725285,-0.7449481393624948,3.653016016312539,32.34859241811218,5146.0976534550155,5135.573346544985
BTC,2019-04-08,5283.97,5305.0,5039.0,5173.92,30571.597265,5157.563,5145.1786,5118.3704,70.84473442350003,8.012204346347971,6.859351096218896,5.723123697967977,34.23538442295256,5180.0695200331775,5135.056479966823
BTC,2019-04-09,5182.36,5210.0,5076.68,5142.9,23281.732071,5147.179,5148.307,5154.56,43.9966783722266,-0.8046719173789825,-0.6192243336591767,5.759322237512967,20.036917640317057,5153.522361569219,5140.835638430781
BTC,2019-04-10,5172.48,5246.39,5168.04,5230.97,14059.714155,5225.714,5226.2708,5221.3788,60.34503006207332,0.4551856543939721,-0.13133875652697521,3.076891734762079,11.88723467890938,5231.330836832163,5220.097163167837
BTC,2019-04-11,5271.38,5292.0,4927.0,5001.45,38649.551318,5004.372,4995.075199999999,4999.6089999999995,49.89908704182125,3.7071448058759415,3.9865093955267166,6.261928780378246,14.84391647963262,5013.74738393808,4994.996616061921
BTC,2019-04-12,4965.03,5069.97,4861.22,5035.82,22400.880195,5032.101000000001,5025.6256,5038.52045,62.53809940237966,2.496370760833088,2.32794139082353,3.4585960728549914,24.11401731163565,5037.277523543759,5026.924476456242
BTC,2019-04-13,5043.45,5099.0,5004.0,5064.64,11604.183507,5060.8205,5047.7176,5033.6208,61.84439289340249,5.369315629916855,5.777499124048671,3.8132161155590096,63.16040501198895,5071.3200818487885,5050.320918151211
BTC,2019-04-14,5063.86,5067.74,5000.0,5054.62,9171.354118,5052.085,5052.6216,5049.66775,59.68035848867058,-0.13336098295894772,-0.3687054523812458,2.5370575416599923,14.333969812252548,5055.271813455121,5048.898186544879
BTC,2019-04-15,5152.0,5167.38,5085.0,5141.1,12009.919609,5126.075,5119.9008,5113.33345,69.07743656509413,5.984824929966635,4.692557588406968,5.676858799565228,25.86269577548618,5146.631792064993,5105.518207935007
BTC,2019-04-16,5051.18,5084.51,5003.94,5043.2,10372.601762,5034.786999999999,5026.9378,5040.6989,64.52539072123793,6.1957737494039975,5.5505916593470515,5.125771682337879,27.165874920384034,5057.2471915397,5012.326808460299
BTC,2019-04-17,5173.59,5228.81,5146.8,5173.82,14147.027156,5171.5345,5174.1556,5184.191349999999,53.90881469672136,-0.1707298200499281,-0.5904693623419446,2.6271241422521183,18.500553886380494,5174.729048324906,5168.339951675093
BTC,2019-04-18,5210.01,5273.0,5199.37,5222.22,13534.277251,5221.5705,5227.518,5226.8902,47.72262951741715,-0.7362460056338023,-1.4057731443377635,3.9447573954599564,23.609460504369597,5228.00257112831,5215.13842887169
BTC,2019-04-19,5244.0,5255.0,5175.0,5230.0,13551.287479999999,5231.467,5232.8794,5233.50675,37.88830873675164,-0.8737649199265434,-0.7163644181398885,1.5796540811870297,39.50523397986407,5233.981606132075,5228.952393867924
BTC,2019-04-20,5252.85,5333.42,5250.78,5282.62,11089.088944,5284.664500000001,5285.9223999999995,5287.93775,44.10521177160024,-0.5380421468926215,-0.38142130683239805,3.0987384512207643,13.81806451505225,5289.071296909236,5280.257703090766
BTC,2019-04-21,5296.67,5313.54,5165.0,5220.92,17671.18629,5219.9884999999995,5223.3414,5215.99075,47.77525879388152,0.44435089566650277,-0.23685689137455454,4.466303975626364,27.016325038539637,5227.431416834499,5212.5455831655
BTC,2019-04-22,5242.43,5295.0,5208.35,5279.08,11040.140702,5277.8275,5274.3678,5278.6468,55.36428625157719,1.3781592516716046,1.351966776825505,2.186670776028422,23.019045719871315,5281.443181816798,5274.211818183203
BTC,2019-04-23,5348.41,5600.0,5345.13,5549.0,26748.36153,5540.836,5543.757999999999,5531.932049999999,62.308565003894785,0.2919863619054013,-0.9125222090942108,3.868693663703821,24.096946733501692,5546.968694024598,5534.703305975402
BTC,2019-04-24,5458.81,5582.2,5333.35,5429.0,31928.042778,5421.844999999999,5413.9612,5411.015,63.09096536143904,2.298959830957756,1.908535184517452,5.113808969370747,21.324069152035662,5429.286178670299,5414.4038213297
BTC,2019-04-25,5428.98,5446.44,5350.07,5415.92,16898.336832,5411.9755,5419.6172,5425.59135,51.98968765275388,-0.2618145555943556,-1.4776120977037248,3.8477399833918255,19.35870205510687,5419.455538703161,5404.495461296838
BTC,2019-04-26,5277.78,5510.0,5271.0,5311.0,28866.51443,5307.2945,5302.5232000000005,5317.802250000001,60.49650793785699,1.9321818328335212,1.7985839707382156,4.3523384117227355,17.145408764394226,5314.495212395386,5300.093787604614
BTC,2019-04-27,5306.4,5325.59,5257.67,5290.66,9007.622662,5291.219,5288.4764000000005,5280.32115,50.686061570717676,-0.4138982957792905,0.14302574689264874,3.8942744076645095,17.405136184953154,5297.1528415888015,5285.285158411199
BTC,2019-04-28,5308.29,5340.0,5280.0,5299.93,7708.863291,5306.1925,5301.8292,5318.120349999999,39.83155649630737,-0.7949969199626139,0.2557594995974478,4.618600357065761,16.16284523464646,5312.996912906566,5299.3880870934345
BTC,2019-04-29,5321.04,5332.0,5178.8,5267.27,12778.32846,5260.0605000000005,5252.745800000001,5254.1765000000005,68.617714267169,4.0754591648574205,3.8109086136546417,4.4634383099774215,45.254763517373334,5271.914453728261,5248.20654627174
BTC,2019-04-30,5248.17,5339.98,5192.15,5304.81,13569.452901,5322.852,5320.7698,5289.949250000001,30.50413037510108,-3.197570358750454,-0.5235020698411172,5.813176905929785,33.58347970699273,5338.198911871836,5307.505088128164
BTC,2019-05-01,5344.12,5374.18,5325.83,5346.5,8988.408448,5353.935,5353.8104,5353.08885,30.579827067622976,-1.434311105927918,-0.5332138030895296,3.2215624135541896,22.708845713180985,5359.970569567237,5347.899430432763
BTC,2019-05-02,5384.09,5500.74,5370.0,5495.8,12117.316516,5479.619000000001,5468.8092,5449.81735,86.35555390243556,7.287251824534906,5.926030215631817,4.679861633239533,44.33065277103762,5495.846348397022,5463.391651602979
BTC,2019-05-03,5535.08,5844.0,5524.41,5834.9,33450.968856,5831.9265,5823.3862,5786.323350000001,56.327631508597136,2.8207598065509956,2.72722823363242,6.199514273271343,17.273724467327423,5841.4683955678,5822.384604432199
BTC,2019-05-04,5834.32,5900.0,5587.45,5656.61,23102.955744,5658.2275,5647.0812,5740.633199999999,49.69667888298256,2.802705069913827,3.0660858112133265,7.513580085433218,18.073630211056596,5671.017627246907,5645.437372753093
BTC,2019-05-05,5805.85,5836.13,5710.63,5783.04,13161.551548,5768.4315,5769.7016,5778.0557499999995,66.5487350143025,3.126779037556844,1.4199889174817408,5.696980755196153,23.6347213352125,5781.996754549703,5754.866245450296
BTC,2019-05-06,5697.79,5738.67,5619.14,5708.13,13621.750375,5710.836499999999,5708.896,5697.24035,47.57503802051893,-0.7062553944479077,-0.37035628954633515,5.672705505227882,19.469117055804684,5720.730189453175,5700.942810546824
BTC,2019-05-07,5812.07,6028.41,5802.0,5906.32,26296.320405,5905.629999999999,5933.918,5952.7773,46.692384253315126,-5.730329987435653,-7.721318254647623,12.855500392935431,23.94677616458495,5919.812250879245,5891.4477491207535
BTC,2019-05-08,5866.54,5959.99,5850.07,5924.97,10752.017065,5918.759,5921.026,5929.3637,59.67042298999636,2.0206465992050653,0.5075298260250591,4.840662519748997,20.729312097570595,5927.426301540837,5910.091698459163
BTC,2019-05-09,6068.9,6147.55,6025.0,6068.17,13939.94892,6073.0945,6069.46,6067.93985,43.53230937994746,0.6017736702906404,1.695995397167986,3.4985410253080174,21.636791669351034,6080.28613256886,6065.90286743114
BTC,2019-05-10,6200.47,6390.0,6190.04,6314.86,21439.240161,6320.031499999999,6323.928600000001,6315.3343,40.63264447040221,-2.327668432054452,-1.937061322844037,5.125491795902172,25.633501175624858,6326.544481728436,6313.518518271562
BTC,2019-05-11,6415.63,6952.63,6414.4,6775.93,42704.225133,6779.5735,6790.5694,6773.631850000001,45.262652204869624,-2.2701672931652865,-3.6338821324619515,9.58687219372077,26.769589509395423,6793.005993848637,6766.141006151363
BTC,2019-05-12,7115.01,7521.78,6966.0,7060.79,49209.944886,7114.900500000001,7114.778399999999,7131.159000000001,32.78278729818663,-15.474670195994804,-6.9343003142160775,19.023428144352167,23.03274329494835,7173.45640404915,7056.344595950852
BTC,2019-05-13,7049.2,7450.05,6975.0,7430.02,30206.321595,7378.2485,7345.568200000001,7292.0103500000005,76.47818358773833,24.485012189283225,17.95237471827667,16.972854465040385,33.05516930934466,7439.47900686551,7317.017993134489
BTC,2019-05-14,7929.69,8366.0,7790.11,8031.7,42948.233285,8070.1945,8118.6557999999995,8131.68855,31.970791259041285,-19.152734091560887,-18.038124492977165,25.81255531248797,42.735590144247446,8105.497702956455,8034.891297043544
BTC,2019-05-15,7991.4,8240.0,7850.0,8128.95,29118.910137,8142.255500000001,8125.9058,8148.2451,46.4606489347651,0.6020786401340956,3.710061288824838,13.731279356393046,15.90130335203519,8161.643166672872,8122.86783332713
BTC,2019-05-16,8289.89,8305.84,7725.0,7973.16,43902.395753,7956.041499999999,7911.484399999999,7877.8626,60.02106989887978,15.790484160965207,18.05482743758054,17.906207854331075,31.12098254963323,7998.253321697154,7913.8296783028445
BTC,2019-05-17,7828.84,7831.07,6913.0,7220.28,61564.889898,7202.4619999999995,7213.9524,7144.560350000001,55.47665830952703,-4.1260551924815445,-6.931710550512311,15.703863906435569,22.01859037098861,7239.081018337068,7165.842981662931
BTC,2019-05-18,7332.22,7458.0,7156.61,7362.13,22331.956742,7335.623,7329.045,7313.667200000001,71.41624816557992,7.79611803537955,4.726357327909716,8.789570409446053,22.103109857368928,7360.130088035851,7311.115911964148
BTC,2019-05-19,7482.17,8092.9,7460.01,7869.68,43818.465246,7890.617,7884.0836,7916.843099999999,37.0380682420145,-4.494743857761932,-1.1703706932849156,10.55913253936093,19.60111751871812,7912.472486359842,7868.761513640158
BTC,2019-05-20,7933.26,8109.81,7553.0,7708.46,31916.427976,7719.818499999999,7728.209,7764.1302000000005,43.759131101371466,-8.761574012107303,-6.5971226989082385,14.18565972450775,25.175975299933363,7752.091788816362,7687.545211183637
BTC,2019-05-21,7931.69,7980.9,7771.0,7889.35,28936.892503,7882.0735,7880.9704,7867.46165,54.01687925687075,2.8949853400499705,2.78904533243326,15.521688645761479,15.7778372400628,7906.718136150734,7857.428863849267
BTC,2019-05-22,7949.32,7959.38,7730.0,7857.07,20600.20033,7855.658,7844.6016,7820.555799999999,53.45022893690324,4.176916132179031,5.106081299755542,9.211863400402693,20.854081232895332,7874.110172338447,7837.2058276615535
BTC,2019-05-23,7645.15,7735.18,7461.0,7685.79,27553.221888,7704.7705000000005,7695.3423999999995,7634.5753,39.63782173689877,-0.07845186645863578,2.930656793606078,10.77604608345385,28.495532345941665,7721.01153626626,7688.529463733741
BTC,2019-05-24,7895.87,8000.0,7766.0,7975.11,23157.920859,7959.616499999999,7950.6564,7961.9469500000005,68.07031559442476,4.543429387922515,2.8743802560008067,8.615572879886614,17.63145118422442,7973.838034762634,7945.394965237364
BTC,2019-05-25,8022.99,8091.8,7908.34,8015.12,17463.517024,8006.048000000001,7994.160599999999,8020.226949999999,63.04903269150469,7.058111270891459,6.5261072100942625,7.487860970222465,27.700109922001,8023.622054284703,7988.473945715298
BTC,2019-05-26,8015.22,8036.28,7833.42,7975.0,17290.494425,7964.1485,7963.858200000001,7926.8762,66.01916148235355,3.2618940328875397,2.3718683268556346,6.692978473227667,23.977169186533146,7975.261014161851,7953.03598583815
BTC,2019-05-27,8802.49,8808.77,8589.0,8773.67,23695.095557,8761.036,8757.136999999999,8746.704800000001,60.86122101950184,4.538747562251956,2.353641480272082,9.666468746451674,18.581762691214752,8776.661792012239,8745.410207987761
BTC,2019-05-28,8758.18,8787.56,8510.63,8662.9,18290.455321,8673.799,8659.190200000001,8684.70805,46.18351149317735,1.5977849578030145,4.3108935322567365,11.097466169534147,18.95636011974867,8686.141429097117,8661.456570902885
BTC,2019-05-29,8702.45,8750.0,8406.6,8690.0,23318.183394,8703.0025,8715.126,8665.910399999999,38.290104975777496,-4.475229901965577,-3.376372953730352,9.373928691923282,21.733332593937,8718.16240880587,8687.84259119413
BTC,2019-05-30,8695.03,8775.0,8541.33,8712.02,20772.623833999998,8709.3015,8713.616,8723.35195,52.24545044353949,-1.2582152677186969,-1.9565128792978714,5.580496401100351,24.442573102324634,8715.148671196292,8703.454328803708
BTC,2019-05-31,8342.26,8459.41,8108.5,8408.04,26024.634724,8400.761999999999,8407.1374,8346.449750000002,51.70348212399376,3.7267295086548984,2.641871985771968,13.149581973601206,12.344042357033306,8432.900681739902,8368.623318260095
BTC,2019-06-01,8581.71,8626.0,8445.5,8489.28,18942.35815,8504.0995,8512.4872,8538.08375,39.78935776985817,-6.3065602522456174,-4.682844250911873,12.48530598070889,15.790269539599903,8523.7234195626,8484.4755804374
BTC,2019-06-02,8583.99,8814.78,8525.97,8659.99,17337.814723,8675.233499999998,8676.5314,8718.003850000001,42.53592967129843,-5.809366577108449,-3.9566675174068875,14.600025675444373,21.924194875137083,8702.878644438002,8647.588355561995
BTC,2019-06-03,8633.99,8800.95,8321.5,8445.98,24208.050529,8467.4575,8465.019199999999,8505.4875,35.37345872437694,-4.807182610005839,-2.067281136046216,10.462113513594712,18.73479303527413,8487.989731126054,8446.925268873947
BTC,2019-06-04,8053.03,8058.67,7800.0,7998.43,30338.091919,7991.960000000001,8001.959,7972.326,53.39688411682905,-3.400206750232428,-4.65230612583961,8.172319918234596,19.98140788944914,8005.377115933371,7978.542884066631
BTC,2019-06-05,7781.39,7888.0,7678.23,7725.0,23745.14118,7737.0375,7753.779399999999,7776.94535,40.71588136261358,-9.230111452499841,-8.539646707405538,14.498157210860965,30.98599319898085,7758.852575406841,7715.222424593159
BTC,2019-06-06,7794.41,7868.13,7631.0,7675.0,17346.466044,7677.914500000001,7685.0106,7731.110449999999,46.387039079113656,0.49383085681711236,-0.31607853208323444,9.066298481533229,12.643644581142423,7691.714713730304,7664.114286269698
BTC,2019-06-07,7764.33,8000.0,7737.49,7930.0,20677.206764,7942.779999999999,7943.61,7921.69375,35.104239860004846,-2.7769481501090922,-0.6832841837344915,6.377414806382201,23.40770949273717,7956.539893894722,7929.020106105276
BTC,2019-06-08,8015.03,8018.14,7850.0,7900.47,12047.787496,7896.4765,7909.775599999999,7928.132750000001,50.43788620645258,-3.7809613657764203,-5.805929521061589,8.735064615085717,29.667233160931037,7915.338305083396,7877.614694916603
BTC,2019-06-09,7879.5,7925.99,7665.43,7722.17,15255.784034,7700.775500000001,7702.330399999999,7765.4773,59.86941909433046,6.803379162456622,2.94162436340997,12.55700038351035,20.37086271394226,7730.754726457894,7670.796273542107
BTC,2019-06-10,7603.89,8020.0,7580.01,7913.96,23594.350005,7915.427500000001,7911.105599999999,7913.4415,49.15494979584312,1.3967119851513417,2.6824014889143943,10.310075501002462,17.05804942772784,7938.414853805706,7892.440146194295
BTC,2019-06-11,7946.6,7949.0,7706.83,7759.99,17879.864166,7764.2339999999995,7767.772800000001,7765.5889,46.116095389208255,0.34274646907670103,-0.13451217523279418,8.700315723510975,23.356254611290918,7772.611597268437,7755.8564027315615
BTC,2019-06-12,7820.32,8045.0,7816.1,7986.61,22322.558202,7959.8375,7963.154,7969.912400000001,64.30059813842189,8.746211910015518,4.957056161286518,12.852829087228649,28.565898655162393,7999.750859605544,7919.924140394455
BTC,2019-06-13,8116.14,8150.0,8010.03,8127.5,13969.026456,8116.512,8116.2807999999995,8098.8135999999995,63.9161710145727,1.828313887144759,0.8679386065261686,5.56006753082594,12.293169876017018,8128.272929554978,8104.7510704450215
BTC,2019-06-14,8184.86,8458.58,8144.32,8382.0,20211.541801,8383.084,8397.6598,8335.66055,45.25003478746642,-0.15896147704916075,-2.1695525366455364,10.271788595777647,18.221448552771655,8399.760644028642,8366.40735597136
BTC,2019-06-15,8589.01,8720.0,8567.63,8656.13,13944.012531,8630.3045,8626.755,8615.61785,74.14044437225606,8.247948054367953,4.123350904790941,6.8615704193695315,32.832083577193366,8659.75963366127,8600.84936633873
BTC,2019-06-16,8814.8,9333.0,8809.27,9227.31,41543.657525,9218.817,9221.956400000001,9106.870499999999,53.71437832457241,-3.181339360464335,-3.6383349538347365,16.13681826398873,28.576723629837616,9253.730175221297,9183.903824778701
BTC,2019-06-17,9129.84,9313.03,9061.43,9283.37,21282.183638,9281.125,9265.6542,9246.540850000001,52.85710355748929,5.962862616612256,7.5669878920042475,12.08104523429722,31.845815646938746,9305.879927186887,9256.370072813113
BTC,2019-06-18,9249.57,9313.33,8975.06,9140.43,30813.357014,9147.9995,9150.3102,9160.60575,45.60477419724978,-1.0754823344886972,0.09195777815836062,10.340967157749128,23.761216079747076,9165.946407783875,9130.052592216125
BTC,2019-06-19,9161.26,9206.28,9055.83,9108.65,16421.568403,9110.8885,9110.8686,9111.1248,47.33319334632162,1.1292511446408753,1.6444040115455434,6.3201268444433145,17.89647482822653,9124.115020744353,9097.661979255645
BTC,2019-06-20,9248.8,9350.0,9175.2,9328.43,14680.134972,9314.3015,9304.9002,9265.697849999999,64.01454861695926,7.626885260911877,6.230853738488587,7.669931611689746,34.377042396251795,9335.034019648836,9293.568980351163
BTC,2019-06-21,9626.44,9904.0,9607.15,9803.2,29351.442932,9775.046,9758.338,9789.662300000002,65.38177018202929,13.332393639584552,11.231366668876547,13.165317345141812,30.284328929741267,9815.232648728372,9734.859351271629
BTC,2019-06-22,10163.93,11160.0,10160.11,10580.0,61973.920457,10874.375,11000.6252,10997.23115,29.93568811079712,-137.76787042790966,-98.24957601504937,87.28317292121635,49.62933648131351,11336.990410054746,10411.759589945254
BTC,2019-06-23,10933.53,10946.79,10555.18,10773.5,21451.947984,10745.033,10728.7778,10723.9578,65.26583626703439,3.9146193842680077,2.339924247972613,13.800107619223683,18.045287520752,10776.180403166449,10713.88559683355
BTC,2019-06-24,10761.32,11023.39,10621.4,10931.91,20955.709043,10927.821,10902.196000000002,10902.5001,56.80146089771458,8.193326715827425,9.223066422476416,14.009064094916843,32.01422226158464,10948.05320690009,10907.58879309991
BTC,2019-06-25,11099.84,11499.24,11079.28,11331.96,33947.204802,11354.954,11344.436599999999,11321.29155,43.71474045804817,-1.338369973063891,3.1356970046015302,15.420106425567882,17.18802790917886,11384.104917240491,11325.803082759508
BTC,2019-06-26,11931.03,13000.0,11816.53,12916.43,64814.648205,12893.0325,12904.6776,12780.52475,56.49950383690741,3.347056348387923,-0.4916558018104846,20.146735116425,12.339868911352909,12923.233471424186,12862.831528575813
BTC,2019-06-27,13246.92,13260.8,11450.0,11829.9,91130.34105,11867.925,11796.1378,11979.18665,46.0467735047338,21.02617700940573,30.13361317591369,47.0186369256238,18.527189940124074,11960.935818188385,11774.914181811613
BTC,2019-06-28,11662.92,12203.0,10982.88,11922.54,60090.642999,11881.656,11890.8832,11894.111749999998,57.07679450602085,11.932270979730674,7.1825775209776435,27.765885752150172,16.086097088533503,11954.09266182193,11809.219338178073
BTC,2019-06-29,12342.42,12392.71,11475.02,12018.74,43319.307491,11982.7545,11972.756200000002,12011.2887,58.17723210664909,17.058400476258612,9.259067837242384,29.133021034532067,18.08168810707989,12052.09119374177,11913.417806258229
BTC,2019-06-30,12058.01,12180.0,11040.0,11217.25,44819.16069,11202.2775,11205.9322,11528.29845,50.28547898167879,0.792552924451229,-4.432962421354724,35.448347912207446,19.563326253557015,11266.798485695435,11137.756514304565
BTC,2019-07-01,11052.14,11282.28,10515.0,10571.48,42954.79625,10607.5375,10603.1776,10760.048150000002,42.02396451127291,-8.3376597218612,-5.8677112136511775,24.525308107972922,9.780625011973168,10657.664313932934,10557.410686067067
BTC,2019-07-02,10402.88,10458.54,9727.0,10432.76,65435.50868,10185.465,10100.357,10052.0206,78.88985390176987,91.25676765425487,61.817792079031605,50.046734463533056,40.372353798802074,10477.96392550239,9892.96607449761
BTC,2019-07-03,11305.03,11513.0,10878.75,11329.39,50418.519193,11330.7505,11295.160800000001,11270.0711,50.993744889555586,14.93275596075,14.845511750029065,24.611908112121654,14.72670849907152,11378.456287688827,11283.044712311173
BTC,2019-07-04,11861.48,11936.99,11457.91,11833.25,35626.053028,11782.3645,11807.3952,11744.87585,65.14908984402966,5.217551131090659,-3.466319777408848,18.892939802843355,24.470854942766653,11830.702071091202,11734.026928908797
BTC,2019-07-05,11219.84,11406.83,10796.44,11370.99,37929.339343,11316.279,11226.408599999999,11191.1506,69.15123837818135,44.93078120458267,43.25775927363436,32.056077986134994,53.94730272312375,11414.1024548359,11218.4555451641
BTC,2019-07-06,11293.71,11544.0,11262.0,11370.04,26654.784624,11349.95,11335.116800000002,11337.12,65.54596873234355,5.0443335240051965,3.718152122436031,12.145041110536551,31.9410681065793,11370.880265167267,11329.019734832735
BTC,2019-07-07,11216.88,11448.59,11094.37,11339.78,18479.391258,11340.6855,11350.854200000002,11339.8732,47.65211393989694,-4.5497900885784475,-5.029931132897977,11.272715407515003,14.105695737769667,11361.000699703654,11320.370300296345
BTC,2019-07-08,11355.79,11923.68,11220.0,11851.21,26638.270611,11835.105500000001,11833.499200000002,11829.1105,57.78906791371034,8.429838705034854,3.928320730851798,9.384090851976318,25.769899023755393,11868.917663180842,11801.29333681916
BTC,2019-07-09,12247.6,12794.73,12068.0,12331.04,57043.418258,12326.0915,12335.083599999998,12305.019750000001,50.83055994169392,-0.948864688998583,-2.4048888596617477,13.008787764996056,15.969139131805601,12342.573133748836,12309.609866251165
BTC,2019-07-10,12854.79,13147.08,12700.0,12813.06,47486.888093,12859.2865,12926.440999999999,12998.344099999998,37.938972931146445,-23.606753832569666,-22.227556796821474,33.396941051094515,25.819223272270218,12916.695521338239,12801.877478661761
BTC,2019-07-11,11907.2,12105.89,11200.0,11760.56,46618.185998,11676.7385,11650.2676,11621.401950000001,67.25857793438357,28.285409039359365,17.739351475774104,25.607369597634644,29.345104621353883,11767.067427210593,11586.409572789406
BTC,2019-07-12,11488.22,11749.0,11073.0,11653.44,31390.280811,11659.2605,11650.223,11645.56865,49.62664557441388,-2.2904104880217346,-0.7047842775512461,14.234922918473282,16.549991811558524,11685.402727505918,11633.118272494083
BTC,2019-07-13,11654.01,11712.61,11185.0,11367.69,25425.164773,11379.2655,11386.0676,11347.391500000002,40.37542280651683,-4.389711269717736,-4.007784846193743,10.836991032930646,16.152223345345117,11393.51030041757,11365.020699582428
BTC,2019-07-14,11361.46,11452.0,10505.0,10668.55,39125.741654,10662.665,10634.0348,10672.241949999998,54.00790116516069,8.497273412089271,11.451433895130476,22.32807909299931,18.581538370689227,10709.774049025564,10615.555950974438
BTC,2019-07-15,10130.05,10595.18,9860.0,10525.09,38784.084709,10538.767,10476.2286,10294.52415,52.757207823825595,10.952592942927367,21.670441085587353,29.742284822597295,35.04853920265251,10584.85165866104,10492.68234133896
BTC,2019-07-16,10961.28,10964.5,10311.13,10477.73,36395.373159,10443.397,10413.5462,10533.1957,63.26865785975829,14.12339695477931,11.901325663290216,23.700965214235364,16.987965670436598,10473.848457828704,10412.945542171297
BTC,2019-07-17,9531.77,9638.39,9060.0,9554.91,48117.690105,9579.259000000002,9557.32,9380.9298,44.441002532365694,0.011695023609718191,6.3047404213678915,19.853807552771315,21.352614405664664,9623.67535550123,9534.842644498774
BTC,2019-07-18,9634.74,10100.0,9252.0,10006.43,37407.584354,9570.375499999998,9435.338,9533.8621,81.37639795950307,161.93713618357106,101.59598687764259,82.46118204671997,48.78684161333495,10057.405896935354,9083.345103064643
BTC,2019-07-19,10638.07,10769.71,10121.84,10342.7,41479.217146,10336.1565,10331.1776,10351.5494,52.48047701872242,3.8904410117502266,2.1547208849120514,23.145322634720646,8.355120794437418,10368.09657155506,10304.216428444939
BTC,2019-07-20,10420.06,10700.0,10413.0,10551.96,21323.179351,10557.668,10545.4256,10539.7474,48.482444003945155,3.019000612433956,4.29831328013821,14.253563123523465,10.51068200749076,10569.890370637439,10545.44562936256
BTC,2019-07-21,10775.98,10796.55,10371.4,10433.13,22074.60396,10472.598999999998,10514.1548,10548.04825,33.46053221431916,-23.90174115465379,-23.970664335301635,25.443771416289664,45.768724365373295,10566.902471176438,10378.295528823559
BTC,2019-07-22,10611.43,10642.85,10407.3,10485.24,16811.717445,10515.155999999999,10507.183,10511.51025,33.23033628372216,-3.5521170216670725,-0.4001109779765272,11.654216745534914,15.281734333163866,10541.152490070566,10489.159509929432
BTC,2019-07-23,10245.89,10313.48,9870.58,9990.12,28364.76606,9974.3125,9954.6238,9978.76225,57.239354078268775,15.239389386446419,13.268176937578401,17.372316519396282,29.9399909429243,10016.61762256275,9932.00737743725
BTC,2019-07-24,9699.0,9909.0,9593.06,9839.95,20787.086562,9838.341499999999,9755.805,9734.27025,57.21223425236053,32.9903483092894,36.18825757859278,25.159148535310834,55.23115131339549,9898.464356643566,9778.218643356431
BTC,2019-07-25,10157.8,10162.94,9905.0,9986.71,20744.901416,9983.413499999999,9975.5188,10036.6734,56.47384455515168,-1.1449202920557582,-0.2749118926537743,9.391763389170103,20.607869787891847,10004.117942300885,9962.709057699112
BTC,2019-07-26,9693.82,9852.49,9637.0,9743.82,14273.073242,9749.072,9763.7548,9779.100050000001,43.06777746626797,-8.054500120173543,-8.045013439920428,11.345201426409503,38.41465657655597,9773.578951340516,9724.565048659484
BTC,2019-07-27,10120.19,10126.7,9380.0,9467.55,24785.968747,9469.320000000002,9463.490399999999,9472.69775,50.29168825085661,0.6299148400794365,0.7448260644511837,9.196868403355978,10.818904217385356,9483.10643100838,9455.533568991623
BTC,2019-07-28,9468.0,9579.0,9430.17,9508.56,10153.671592,9518.7345,9512.5968,9508.2382,43.780917904302314,3.7955733137114294,4.381374183527402,12.146154035764326,26.095460588077493,9538.740176669553,9498.728823330448
BTC,2019-07-29,9550.0,9729.0,9395.0,9565.08,17026.780369,9559.7325,9575.4594,9535.2537,51.24612696460264,-5.37538286705967,-7.258771592741601,12.91685111811968,21.175661525142782,9584.449693914246,9535.015306085754
BTC,2019-07-30,9527.24,9588.0,9402.0,9567.1,17359.148932,9568.603,9558.2456,9542.765500000001,52.6028176910231,2.3415571085170086,3.7692173033251004,7.521115783550679,32.68688700505821,9576.570835591308,9560.63516440869
BTC,2019-07-31,9652.08,10019.89,9631.06,9966.95,22556.754049,9951.9565,9952.9692,9845.86815,55.310903856771525,6.21431407511227,5.154954587938311,14.347615241378547,14.607404314398782,9986.650059214338,9917.262940785662
BTC,2019-08-01,10022.2,10060.0,9863.46,10002.27,18612.274553,10002.675500000001,10023.161,10006.5731,43.483945941157,-3.242406344079427,-5.12992742959387,8.94998603963429,29.969772572444686,10016.237052234164,9989.113947765838
BTC,2019-08-02,10372.45,10573.27,10314.8,10533.84,20188.911484,10530.9145,10531.51,10519.72355,52.2418486104569,0.6639708844941197,0.7929131437967518,9.173214277138777,12.854439191830838,10546.931449117383,10514.897550882619
BTC,2019-08-03,10566.53,10875.89,10562.98,10787.45,22367.227218,10793.772500000001,10795.449200000001,10762.749650000002,45.11057601179454,-3.30039342260352,-3.087050900207222,7.611980069242244,19.013709492113602,10816.37781519432,10771.167184805681
BTC,2019-08-04,10873.15,10880.2,10552.0,10706.97,16308.258170000001,10696.965,10681.553999999998,10674.59555,63.10462312276976,5.605003624297751,5.037394225191818,7.488775804821024,23.101872720380978,10709.789491412517,10684.140508587483
BTC,2019-08-05,11207.95,11848.0,11200.03,11795.96,40718.442642,11771.205,11751.2828,11744.622299999999,63.899448828611725,12.683515371511021,9.985863036282733,12.422376857580906,29.675006294616406,11805.600778520964,11736.809221479036
BTC,2019-08-06,11760.03,12330.7,11570.0,11706.66,50605.608656,11754.233499999998,11763.279600000002,11740.94895,28.374659861698202,-12.300063769334884,-7.138326561951579,14.259594135320869,24.936808781711314,11798.500684357801,11709.966315642196
BTC,2019-08-07,11538.45,12141.17,11463.14,12058.0,34823.275467,12050.5185,12049.3346,11878.751300000002,52.35528175686254,2.715010313297171,3.1017122775324153,17.269487969341245,12.321326189907545,12080.619395186695,12020.417604813305
BTC,2019-08-08,11904.41,12000.0,11645.0,11721.04,26082.368818,11705.313,11721.216600000002,11819.553049999999,54.00766613165258,-2.1984269599179243,-6.945854226306503,18.074102549918646,19.9871692058566,11738.652048637221,11671.97395136278
BTC,2019-08-09,11910.21,11970.0,11700.0,11817.7,22915.13968,11763.659499999998,11780.496200000001,11779.508300000001,68.81117197437045,4.801677242367077,-3.013416013124536,18.09319235306235,28.31996724205416,11801.552262092799,11725.766737907197
BTC,2019-08-10,11888.6,11913.11,11310.0,11412.14,28440.562873,11424.562999999998,11444.038800000002,11439.3872,33.79982907687025,-8.616900651859396,-7.674620188200123,9.190228607521215,23.09112872077634,11443.433876079582,11405.692123920415
BTC,2019-08-11,11380.01,11482.86,11112.11,11407.99,15728.93232,11400.738000000001,11397.418,11417.1564,54.212347051653275,5.127636124700075,4.2508493702682175,9.36220635788566,19.93555020948561,11427.699796379204,11373.776203620799
BTC,2019-08-12,11495.62,11539.3,11235.32,11388.87,10508.633994,11394.0375,11389.447799999998,11372.7898,47.01801628597299,0.2941101949327276,1.2748082036840436,7.02983644349639,12.882042095850451,11401.894285284143,11386.180714715858
BTC,2019-08-13,11412.4,11430.76,10911.0,11008.27,18803.448741,11007.883,11074.84,11213.12195,46.526335758214,-28.088267056444238,-32.68183249071869,28.814533548121435,50.96277386726374,11089.777300192187,10925.988699807813
BTC,2019-08-14,10744.89,10752.0,10410.0,10519.63,24696.614792,10529.0115,10551.2696,10588.351999999999,42.96350576294126,-4.104770186100723,-4.05801590050977,19.192609865341332,27.111606812688027,10571.996162974276,10486.026837025725
BTC,2019-08-15,10084.67,10414.72,9911.0,10345.0,29797.534257,10334.526999999998,10353.5278,10210.62505,53.831632429921555,-2.792940893321429,-5.007654132938195,13.076855200906097,18.812204661885833,10354.094751123059,10314.959248876938
BTC,2019-08-16,10383.47,10417.0,9750.0,10097.79,30410.671699,10127.024,10125.2312,10111.251849999999,34.3843880516365,-5.622349805116755,-1.117518350903444,10.778668447464131,24.078923259170526,10153.38872142858,10100.659278571418
BTC,2019-08-17,10314.55,10465.14,10252.88,10333.39,13437.19013,10340.146,10338.886999999999,10334.9737,44.72678911941558,-1.8124890012695687,-0.5296849587286953,5.844965627898845,15.697512057661934,10353.811352391836,10326.480647608165
BTC,2019-08-18,10192.03,10500.0,10080.0,10428.98,13958.161349,10439.871000000001,10451.666,10396.46895,39.49901449042067,-4.6485681128961005,-3.808436932681047,10.368042226298696,21.847705639079177,10452.623552530593,10427.11844746941
BTC,2019-08-19,10302.75,10780.0,10280.01,10700.79,22603.809196,10712.953,10705.695,10689.41115,41.5805595934586,-1.1366808460952598,1.2158234664149807,8.347737615741115,21.709305323517118,10727.262012681822,10698.643987318177
BTC,2019-08-20,10915.07,10916.94,10560.0,10626.38,19136.604184,10638.396,10654.6436,10660.938799999998,40.54590715434844,-10.007452188820025,-9.643645635381212,12.476026131376598,36.442412446786946,10675.269100981284,10601.522899018717
BTC,2019-08-21,10706.02,10708.28,9921.16,10039.42,32615.574348,10045.564,10007.4984,10046.9247,54.27989343719755,8.438939978770577,12.695498481935951,11.959926723969089,27.219899211737943,10068.02025560842,10023.10774439158
BTC,2019-08-22,10017.24,10145.0,9762.0,10057.4,22433.913703,10077.3345,10094.1268,10042.527750000001,36.013933664158586,-9.79015599115337,-7.526446656526386,11.280057383712998,19.103247445101704,10098.940524600383,10055.72847539962
BTC,2019-08-23,10079.99,10413.31,10052.0,10369.0,15806.531697,10379.863000000001,10373.8414,10221.68875,46.21168130725699,-1.1983955956093268,1.5683547635528163,9.255364149188429,18.17737993701384,10399.8362371938,10359.889762806202
BTC,2019-08-24,10384.16,10384.18,9890.0,10005.94,18145.849662,9993.744,9989.3652,9995.1972,62.07980192521686,5.247836007243677,3.498959576879038,6.821702881046695,25.548890761072094,10012.984529514793,9974.503470485208
BTC,2019-08-25,10137.89,10333.0,9966.0,10023.72,15087.563248,10075.8385,10155.1164,10170.4738,34.278563025505484,-44.72577808486676,-45.40304443248506,29.97406746963055,44.31321126890211,10238.01378323084,9913.66321676916
BTC,2019-08-26,10484.25,10487.0,10211.0,10319.7,19516.76647,10338.0525,10349.8402,10361.6059,40.87958368922412,-6.522144172531625,-5.538638329216442,15.422751298165593,36.364173102359636,10362.480731107413,10313.624268892587
BTC,2019-08-27,10349.22,10355.32,10051.08,10168.53,20108.374967,10167.030999999999,10176.710799999999,10139.39545,48.92746874485606,-0.573986079360111,-1.993740980344183,9.672001884157797,14.22257234262438,10183.540695211572,10150.521304788426
BTC,2019-08-28,10156.84,10299.0,10060.0,10181.31,14100.96674,10177.916500000001,10176.156799999999,10175.2777,52.87104235524729,1.1369734110667196,0.3163568424673521,9.223168753722296,11.517788984507684,10187.366863538135,10168.466136461868
BTC,2019-08-29,9701.43,9715.0,9320.0,9448.17,22616.79271,9443.9665,9444.1868,9457.025249999999,54.7403285471357,0.944734970897116,0.191335751517484,9.459414576344535,17.62854284942499,9450.682085676752,9437.25091432325
BTC,2019-08-30,9376.24,9630.0,9367.05,9579.23,14940.772743,9574.877,9588.717999999999,9579.6821,49.65884302957039,-2.6632504330227675,-4.148654273629508,8.655650107152045,12.985968268531492,9583.596183678897,9566.157816321103
BTC,2019-08-31,9633.46,9655.77,9520.58,9564.2,7398.913965,9574.032,9581.0918,9574.2833,33.23164604618797,-4.338395538003169,-3.629247911052986,6.055012786910446,32.034035220173976,9586.316115922547,9561.747884077451
BTC,2019-09-01,9628.25,9640.41,9545.46,9578.96,6470.54253,9571.1505,9567.1876,9570.799149999999,63.93411453464107,3.3759589051260264,2.8080731693310748,4.171454580977728,25.140442839309543,9584.055685740152,9558.245314259848
BTC,2019-09-02,9742.02,9953.99,9735.0,9927.44,15137.684646,9925.533500000001,9903.335,9839.71975,55.63289858680244,6.289593081173734,7.860599375072983,12.588444746880647,35.81894502305688,9944.722240734569,9906.344759265434
BTC,2019-09-03,10343.37,10748.0,10272.0,10741.33,29196.932908,10703.299,10692.611799999999,10554.944049999998,76.19025404120893,8.335516015471512,5.193706044765397,12.912127422644906,32.97799164075342,10729.644454181962,10676.95354581804
BTC,2019-09-04,10510.18,10650.0,10369.89,10415.76,19773.256154,10422.3405,10421.168599999999,10466.9919,44.86800797718941,-3.0113915197707684,-2.1476460230212444,10.448138572408492,14.221296953184382,10436.666250907303,10408.014749092697
BTC,2019-09-05,10529.23,10648.0,10450.0,10538.77,19236.114863,10544.711,10560.354,10561.8554,43.26867245873174,-6.747070635014097,-6.483812277665528,9.882473043696304,51.273468543383174,10563.056296836083,10526.365703163916
BTC,2019-09-06,10578.78,10905.87,10548.51,10844.86,31268.67866,10835.7335,10817.942,10834.266349999998,60.085068771540335,5.592091272183097,5.0229566772032275,12.045778853313143,19.358481425047664,10849.933693344012,10821.533306655989
BTC,2019-09-07,10366.73,10476.06,10301.11,10416.23,12886.81805,10395.2925,10384.643399999999,10386.6014,73.68425551746475,8.872756521705014,6.622242867098894,7.09793983017147,47.562579528687365,10420.785990051421,10369.799009948578
BTC,2019-09-08,10493.34,10592.5,10208.0,10410.33,15575.433886,10400.9445,10384.1968,10381.9302,60.085835253927776,5.450446747681781,5.362679928038573,10.716228476497127,14.836887215873988,10413.18516742497,10388.703832575029
BTC,2019-09-09,10386.6,10480.0,10068.5,10333.25,26809.383481,10342.313,10335.6368,10371.4344,46.587599459025604,-2.988196647625955,-0.9032673765490637,9.8012429539421,13.381354821985726,10363.311092389062,10321.314907610938
BTC,2019-09-10,10365.29,10380.0,10176.0,10213.73,12765.459761,10206.3785,10219.370799999999,10235.509100000001,49.78788518161092,1.5629713544931292,-0.8737856714297849,11.864765188226626,25.741123893413228,10233.733376914475,10179.023623085526
BTC,2019-09-11,10129.09,10141.98,9880.0,10003.63,17880.066641,10006.655999999999,10028.9586,10061.306900000001,42.25364787244538,-7.39205831126128,-8.841252753511883,11.60773662817443,41.10911970634109,10022.358178702507,9990.953821297491
BTC,2019-09-12,10158.92,10358.65,10040.0,10292.69,19386.880651,10290.047,10302.3706,10233.92495,49.720808571105806,-1.6751085253108613,-2.458862984581727,9.260021547783092,15.441928576587735,10302.257641422846,10277.836358577155
BTC,2019-09-13,10364.32,10399.19,10250.12,10298.38,17205.384588,10284.989,10288.339199999999,10301.0678,60.24560865142613,2.8416946377401473,0.25313671588055003,8.734128552601485,20.39001638354636,10299.44421760454,10270.53378239546
BTC,2019-09-14,10298.47,10358.98,10222.33,10336.45,11310.191536,10341.314499999999,10339.064600000002,10299.747299999999,45.13326787614576,2.7914456858998165,3.4221136690182745,9.303054773243538,16.755347066912783,10357.814847238478,10324.814152761519
BTC,2019-09-15,10325.0,10339.14,10260.0,10275.07,10943.819386,10281.1905,10275.9784,10291.3133,42.402389767404316,1.6426717423164519,2.5716860578497758,4.986374790456857,25.347687954521223,10291.096125623902,10271.284874376099
BTC,2019-09-16,10334.39,10355.0,10112.15,10155.33,17080.564495,10156.9615,10145.4026,10184.129299999999,51.771789494016765,4.2668155977953575,4.743945507607134,5.959249898454981,16.19180407627345,10166.377357423251,10147.545642576748
BTC,2019-09-17,10221.47,10245.0,10128.01,10189.0,12029.695953,10190.645,10190.2786,10195.126400000001,47.81464001470459,-0.9010312675945897,-1.137442792115856,6.1223270705930615,19.4675087112034,10202.835364227627,10178.454635772374
BTC,2019-09-18,10221.15,10258.02,10100.0,10174.91,15754.014203,10173.4185,10173.269600000001,10176.05265,51.24024042853987,0.35270478005440964,0.6642343615331464,6.996889040057493,17.63343423605292,10187.879024575646,10158.957975424353
BTC,2019-09-19,10171.72,10178.21,9653.0,9857.0,24252.328211,9857.711,9859.7778,9863.2661,44.387189841791646,-0.7833499738571845,-0.985827588288137,2.7922287433517843,8.844058567754299,9859.914469088768,9855.50753091123
BTC,2019-09-20,10222.76,10241.0,10125.0,10172.99,14005.697231,10177.2255,10172.8232,10184.1131,46.64845687721982,0.6822177008580184,1.6581123557889221,5.213004704272256,25.020241452965053,10189.944793179973,10164.506206820028
BTC,2019-09-21,10165.05,10173.55,9900.0,9994.68,14088.175432,9993.7955,9997.638,9999.100349999999,50.588399074066416,-0.502261132663989,-1.2566177636440552,5.191223564427017,20.159724993938156,10005.947772998123,9981.643227001878
BTC,2019-09-22,9918.33,10089.0,9853.97,9966.43,12093.032138,9966.619499999999,9970.06,10006.866600000001,47.06455815502934,1.5920079470906785,0.8211028019731628,7.64747163922791,27.35957564973986,9986.351641774547,9946.887358225451
BTC,2019-09-23,10008.55,10009.52,9711.0,9850.51,13806.798338,9838.313,9876.5764,9907.1773,49.01275013678934,-7.388245946864117,-12.832807172700921,26.16521744176985,26.125665820187198,9911.67994980714,9764.94605019286
BTC,2019-09-24,9767.11,9792.0,9535.53,9550.12,16630.520158,9562.501,9590.17,9666.3976,40.67523175703531,-11.701054328217651,-11.78790636270187,14.463215125564503,32.70430018039675,9592.829732185808,9532.172267814192
BTC,2019-09-25,8674.36,8712.38,8215.64,8422.65,35595.756599,8413.231,8412.1148,8359.84215,53.933634940776535,-0.2574312344968348,-1.0099943195001946,14.398957028596374,15.00843244065752,8430.964824067405,8395.497175932594
BTC,2019-09-26,8390.4,8465.99,8027.0,8237.99,25888.29115,8275.898000000001,8277.0064,8357.929349999999,33.073284673717545,-9.314700961011113,-4.134919211395884,17.83045216633341,18.886978527993307,8307.601849356153,8244.194150643849
BTC,2019-09-27,7969.65,8130.0,7945.25,7999.93,21149.769728,7998.6720000000005,8009.473600000001,8000.425950000001,46.92288458168833,-3.5109968892829784,-5.045085463459095,13.95294748617162,29.828435131742015,8018.264297057769,7979.079702942232
BTC,2019-09-28,8177.88,8249.0,8031.12,8096.15,16862.78387,8093.6579999999985,8098.6034,8104.2199,52.00509680516176,-1.6074882483062538,-1.2367308947133175,5.801414362827613,17.706483789475865,8107.598900401254,8079.7170995987435
BTC,2019-09-29,8174.01,8179.57,7908.08,7998.22,16400.751848,8007.589999999999,7996.3476,8018.955599999999,43.114347264304506,1.6205103157235499,3.571437859020209,8.423956779561168,28.533969879973277,8020.908722160235,7994.271277839764
BTC,2019-09-30,7986.09,8153.51,7710.0,8121.85,35519.34366,8133.785000000001,8117.0356,8058.80735,46.75332222584858,3.6886426677383497,6.418478542872278,9.56294036547394,25.398921499675463,8147.781706041448,8119.788293958553
BTC,2019-10-01,8216.07,8500.0,8193.57,8346.39,25032.425032,8339.5225,8337.3254,8339.783300000001,55.34184311960494,3.043748104775659,1.7975510007767728,8.7974725972006,18.04420906652212,8357.381899625832,8321.663100374166
BTC,2019-10-02,8328.51,8330.0,8151.22,8221.54,15313.164159,8214.114,8218.7048,8237.1451,54.610732773553835,-1.1744838717204402,-2.772637739553826,8.868019342372223,29.277433476794553,8226.390938380744,8201.837061619255
BTC,2019-10-03,8325.18,8367.57,8060.0,8122.3,15250.317457,8119.3315,8174.7466,8214.4014,43.459270804063166,-16.914790721098143,-20.826524636378302,17.089672056644254,57.202760870942406,8153.8023817836265,8084.860618216374
BTC,2019-10-04,8077.0,8186.36,8005.0,8151.35,14615.032922,8152.8535,8158.668200000001,8145.548450000001,46.60814384624009,-1.557740260464925,-1.828211082205091,5.648838375668949,18.4216344289501,8162.021014985366,8143.685985014635
BTC,2019-10-05,8108.75,8146.99,8012.98,8047.75,11521.973319,8056.3054999999995,8058.7786,8064.10135,37.1207818284288,-0.4864174739086593,0.7959209446703772,5.119435305512803,16.542397617713526,8069.8432553160965,8042.7677446839025
BTC,2019-10-06,8115.24,8117.81,7860.0,7898.87,17686.693834,7885.3195000000005,7892.7352,7924.79405,58.50068210774162,-1.157105106047311,-3.206821952630055,8.215383020280068,23.498905632182105,7897.574303914746,7873.064696085255
BTC,2019-10-07,7793.23,8199.0,7773.0,8133.94,29769.981549,8125.884999999999,8135.815799999999,8089.068499999999,54.07090823567623,-1.6004434569113073,-2.8392365324365882,6.670277840598725,14.79025796858231,8136.6170650400745,8115.152934959924
BTC,2019-10-08,8216.2,8325.0,8126.81,8180.35,22433.214914,8184.297500000001,8186.184,8190.9101,45.05558549642241,-0.5064685144343457,0.1885594737715555,6.929296040263588,16.012621445897654,8200.056445237286,8168.538554762716
BTC,2019-10-09,8169.87,8429.98,8115.0,8385.44,22767.638984,8395.822499999998,8313.128,8212.065550000001,56.88264507982585,24.642919466448802,30.207090879469327,17.175274557549937,61.89092715027873,8416.110917262966,8375.534082737031
BTC,2019-10-10,8541.27,8644.0,8414.52,8467.99,26166.380855,8479.867,8484.421,8485.58765,39.26596210388192,-5.857221375908921,-4.442831577124772,7.39510227703355,24.872825060933707,8503.643997371584,8456.090002628416
BTC,2019-10-11,8505.77,8779.51,8261.54,8326.45,36545.04257,8308.4735,8322.497599999999,8328.21435,57.378125018008795,-1.6265763624087413,-4.72269847161301,10.875045066187909,26.624381695114852,8323.874569151823,8293.072430848177
BTC,2019-10-12,8279.23,8369.98,8277.24,8322.35,11662.736356,8317.244999999999,8319.101,8323.6096,58.12985008451872,0.6493038428252476,-0.06204818055417832,3.667745949556302,11.60061617816338,8323.687414143817,8310.802585856181
BTC,2019-10-13,8332.03,8439.32,8306.46,8408.25,12773.519458,8397.513,8396.757,8383.0983,61.344269311090535,3.2521933647767582,1.8174137080390094,6.8226362843849,26.20944027975597,8408.62506749441,8386.400932505592
BTC,2019-10-14,8268.64,8333.42,8242.22,8274.18,14767.022898,8277.57,8279.528199999999,8276.527900000001,43.67359804315566,-0.924917393056603,-0.7184198799629388,4.328619434533178,16.278133762894196,8283.786680786769,8271.35331921323
BTC,2019-10-15,8352.34,8355.25,8258.4,8308.97,13724.220018,8304.812,8302.99,8300.1892,55.34170552540892,1.4652993410418276,1.0057265358593361,5.315653617682441,17.722174827017028,8310.378060006502,8299.245939993498
BTC,2019-10-16,8164.92,8181.0,7923.5,7968.1,22111.335543,7974.138500000001,7981.359200000001,8014.580399999999,43.85528277763434,-5.276635122621883,-4.592653666974318,8.930881872605319,30.259102285054702,7990.787189167719,7957.489810832283
BTC,2019-10-17,7963.59,8118.86,7929.03,8033.9,19384.603354,8044.812,8052.498,8057.2185,36.67512062655739,-5.667091260471352,-5.069844345502966,5.318373518273101,28.09859409452222,8063.63954853939,8025.98445146061
BTC,2019-10-18,8079.64,8115.0,7816.01,7922.85,22443.593484,7912.3755,7919.099399999999,7927.955499999999,57.30671001770734,2.1955667637766965,0.13273214201731226,6.579686985824505,26.28454070775878,7929.681224457777,7895.069775542223
BTC,2019-10-19,7935.74,8098.1,7866.92,8004.51,16648.599808,8004.1235,8011.0824,7976.1543,47.11611360208531,-1.5512317127895585,-2.180174234809949,5.716890768338713,19.0433526044131,8013.10797833774,7995.139021662259
BTC,2019-10-20,7913.35,8009.42,7870.0,7964.32,13828.167358,7969.200500000001,7969.076599999999,7957.7198,42.48705108859768,-1.494665673378222,-0.30530436508951697,7.530854954724762,17.202038577920813,7978.160768913514,7960.240231086487
BTC,2019-10-21,8191.45,8286.28,8189.89,8235.86,15388.14535,8238.428,8238.9082,8237.43635,44.51028042193062,-1.5109895356308698,-1.0250348015508273,3.230342316782066,19.8691429803385,8244.882061047243,8231.973938952757
BTC,2019-10-22,8191.42,8297.99,8159.96,8216.18,18691.43772,8216.098,8217.377199999999,8238.90455,49.22107803725168,-0.001455764562706463,-0.08849455847982572,4.391330901696976,15.666307030967275,8223.920034518023,8208.275965481977
BTC,2019-10-23,8027.2,8042.12,7400.0,7467.29,41359.477643,7476.486,7473.485,7684.4678,44.105618954519734,-2.3961655885004802,-0.6670270722459268,12.127740504745287,13.489958310400594,7489.699527006824,7463.272472993176
BTC,2019-10-24,7454.85,7503.68,7337.99,7472.04,20693.164092,7473.8435,7471.3012,7446.64455,48.812074647072585,-1.0510856234604944,-0.3965779887082742,7.04010134786415,17.414415015274248,7484.0023725260635,7463.684627473936
BTC,2019-10-25,7423.55,7694.44,7361.0,7664.31,28979.447424,7657.325,7665.121,7627.7035,53.689967921823246,0.7848821451962067,-0.38141375991124193,9.057371712093195,14.881591376665751,7672.542992640471,7642.107007359528
BTC,2019-10-26,9401.51,10370.0,8970.0,9178.35,106602.521161,9170.644499999999,9139.5642,9211.20115,56.349028807313005,11.011271975572527,10.224791417684312,20.23792889609917,22.989680465632464,9203.121679356764,9138.167320643233
BTC,2019-10-27,9156.55,9642.99,9074.34,9487.08,46055.7025,9458.494999999999,9453.441599999998,9385.04465,56.582569255490874,11.54202565414198,9.690053991858573,28.014358126174436,24.59568992712029,9521.99725618037,9394.992743819628
BTC,2019-10-28,9680.01,9783.47,9254.0,9396.9,42187.076452,9360.074,9339.7202,9338.15145,69.33930399016816,14.069485824964431,10.98703415070663,13.386575727490474,33.049933162341674,9396.766208655752,9323.381791344249
BTC,2019-10-29,9276.88,9550.0,9231.95,9335.77,36057.902597,9329.749,9339.6602,9354.7996,50.99597412550313,-0.3674595781867538,-2.656437679865883,12.214420594471052,18.211011706660123,9349.900303580676,9309.597696419323
BTC,2019-10-30,9330.28,9346.46,9018.0,9080.2,34521.95629,9066.132,9071.6956,9090.4854,56.66193376212146,1.6235562759775348,-0.9488311903177693,11.875745902936814,14.944114137242414,9085.847343874073,9046.416656125926
BTC,2019-10-31,9095.45,9405.0,8913.0,9194.05,35230.118599,9201.041000000001,9228.258999999998,9264.5662,42.20142115151966,-9.472176858516832,-10.169797250402608,14.739429914074998,33.81693632454079,9220.123215699592,9181.95878430041
BTC,2019-11-01,9099.8,9279.0,9030.0,9108.25,26390.795615,9123.2455,9125.5974,9129.10785,38.33657711777187,-4.340080354681049,-1.8898094931606033,9.869684202687843,17.22993906933309,9138.751634882989,9107.739365117013
BTC,2019-11-02,9225.0,9373.74,9186.21,9295.87,19191.216933,9296.664,9305.7542,9313.82275,46.20075919807207,-2.330318913433075,-3.415135583198206,7.311255692875807,34.824463526604724,9308.49563285405,9284.832367145951
BTC,2019-11-03,9328.65,9362.57,9101.0,9164.37,17385.196432,9165.857500000002,9159.1542,9153.8071,50.04942817753136,2.422641866902268,2.834120602814329,5.519206964923433,29.349163843934715,9172.294020411544,9159.42097958846
BTC,2019-11-04,9168.41,9324.41,9115.84,9272.87,20740.439827,9288.995,9293.8212,9261.188300000002,32.06364047545929,-5.316497076195446,-2.9191856095055853,7.69500733622804,28.838560897063708,9309.005489748113,9268.984510251888
BTC,2019-11-05,9449.0,9454.95,9175.76,9365.0,29435.396881,9355.3325,9346.5462,9304.708200000001,54.56500629315622,7.7996978457558725,5.913750012815804,13.906465375988773,20.691074250248857,9378.92378302999,9331.741216970011
BTC,2019-11-06,9310.57,9440.91,9276.01,9336.51,23315.82946,9338.241,9335.6456,9340.896700000001,47.631110712954154,0.1747644156421302,0.4900702790420474,5.371775202007568,17.461898289902454,9344.279969778941,9332.202030221059
BTC,2019-11-07,9308.5,9315.92,9119.0,9212.2,25566.619126,9210.513,9217.7664,9203.03775,49.926927439821476,-1.8645001234926895,-2.4475800349014905,4.615224691231051,26.0909771473418,9216.860090988037,9204.165909011965
BTC,2019-11-08,9221.02,9261.0,8696.0,8746.87,45343.4087,8762.965500000002,8761.8608,8864.280499999999,37.328129012970514,-4.063493463298073,-1.7510990012349053,8.270723376119035,15.41494257065522,8778.382785721618,8747.548214278386
BTC,2019-11-09,8814.13,8880.0,8774.0,8783.6,17805.454304,8794.856,8811.723,8836.72875,39.87301200881115,-9.20078227353406,-8.451445645599769,9.412557296746845,41.671094154179904,8817.992332812068,8771.719667187932
BTC,2019-11-10,8767.46,8890.0,8750.0,8813.47,14708.089643,8817.358,8822.119200000001,8826.02585,39.35179374489604,-0.71013439635135,-0.22880697977310047,4.462636091303576,21.285967540930113,8829.26062088784,8805.45537911216
BTC,2019-11-11,9063.83,9069.07,8618.68,8723.09,33869.612049,8734.303000000002,8737.6776,8720.06015,40.5986355984781,-5.5510905275186815,-3.5725545120498072,7.589827326185465,24.49363199210264,8758.338053650072,8710.267946349932
BTC,2019-11-12,8761.16,8888.0,8567.6,8696.77,26674.978638,8665.372500000001,8669.174200000001,8690.646499999999,56.11528279204805,12.95110562231639,8.473575575468038,22.948815745923408,38.2617214402265,8744.721722271017,8586.023277728986
BTC,2019-11-13,8738.0,8811.24,8702.0,8772.94,18081.748552,8772.789999999999,8773.2472,8760.31625,51.36770342441101,-0.9345833929783112,-1.0068410102374272,4.727224713673865,16.28001826951163,8780.882777026209,8764.69722297379
BTC,2019-11-14,8751.55,8770.28,8582.6,8640.88,25058.434191,8634.818,8645.800799999999,8648.919,52.93942504762856,-1.0609927346358745,-2.622938837585352,5.721359269447702,19.823536647202516,8643.29121804301,8626.344781956988
BTC,2019-11-15,8559.49,8790.0,8400.0,8472.68,32273.187913,8476.1775,8471.9776,8587.99155,47.97655553972265,1.5460167088331218,0.6127507260886291,10.287874074007538,11.12131006925393,8491.225235876436,8461.129764123563
BTC,2019-11-16,8469.17,8543.0,8435.18,8497.34,13980.733614,8492.9205,8489.2006,8481.144699999999,59.80024811143295,2.8164151674427558,2.18743808223901,3.4658895995603687,16.766070581984113,8500.450074954977,8485.390925045023
BTC,2019-11-17,8492.18,8591.83,8350.68,8528.02,16352.079202,8536.831999999999,8530.5426,8536.44315,38.43286063868445,-0.2344608835210238,1.5140787021630056,4.134262505131028,23.12612363335976,8545.425694432457,8528.23830556754
BTC,2019-11-18,8476.92,8499.0,8370.45,8427.37,17109.984721,8433.308500000001,8436.7098,8436.19025,40.1835115608009,-2.5937114158350596,-2.1851213214312644,4.769357902652224,39.42385494747289,8442.651408059019,8423.965591940983
BTC,2019-11-19,8209.47,8209.48,8003.0,8104.33,31487.460535,8100.3795,8092.739800000001,8076.5456,56.61579383109969,3.1251900961169667,3.5863328883735486,5.805734487579995,23.630905180869394,8115.3009322033895,8085.4580677966105
BTC,2019-11-20,8141.63,8160.0,8038.4,8109.4,18558.567261,8115.7029999999995,8126.193400000001,8098.960900000001,41.18788941124225,-4.330091453317436,-3.9853025846657077,6.306844108042852,42.64052117652825,8126.626523424273,8104.779476575726
BTC,2019-11-21,8114.39,8134.73,7500.0,7624.76,40673.898518,7637.912999999999,7653.533399999999,7822.9929,46.92278372179579,-2.1426612007471704,-3.707082260350696,23.693883229958534,19.89219925192458,7680.6792760128765,7595.146723987121
BTC,2019-11-22,7665.98,7750.0,6790.0,7108.09,86902.015701,7088.764,7079.147199999999,7050.288049999999,55.62106832416496,13.160785251163361,11.519170726337407,21.472712687303048,21.442705747659055,7140.411477537125,7037.116522462875
BTC,2019-11-23,7251.12,7300.69,7080.01,7255.07,30283.603493,7260.9445,7255.3586,7201.472,47.3822183720387,4.782895882421144,5.293823044251321,12.282620316054105,19.4741544538346,7282.900678606722,7238.988321393277
BTC,2019-11-24,7270.39,7275.0,6969.9,7024.46,33491.499371,7060.933999999999,7061.92,7125.158149999999,27.96522643241096,-7.070921604674368,-3.5700396496048548,11.402762241813619,21.27973983380995,7083.980800559244,7037.887199440755
BTC,2019-11-25,6667.37,7377.69,6515.0,7183.82,88951.253183,7183.202500000001,7187.509599999999,7209.828550000001,47.918154857557354,5.556255543269799,3.4789983109948817,13.18782813488604,21.690915662199757,7222.435955556966,7143.969044443036
BTC,2019-11-26,7166.49,7340.0,7017.48,7077.68,43251.117055,7071.3215,7076.1474,7092.65255,55.13691040141377,-1.4645461709387746,-2.4998593849345867,7.8955979100581075,16.58614106007365,7082.650315074294,7059.992684925706
BTC,2019-11-27,7153.35,7366.0,6840.0,7254.53,50059.151135,7255.4034999999985,7234.1676,7240.8867,52.923341803454655,8.30947336875397,10.048597501365956,10.70355635773067,24.72174828353058,7282.603843582201,7228.203156417796
BTC,2019-11-28,7520.95,7629.97,7414.02,7604.86,31333.908236,7575.289,7518.68,7468.4475,65.18792704605364,23.560297403696495,23.64000234698521,19.8020964590687,48.96383026889479,7615.367275861064,7535.210724138936
BTC,2019-11-29,7450.51,7800.0,7413.0,7754.85,41196.235955,7754.115,7754.139,7683.908299999999,49.91667393499172,1.4440507752033227,1.8634934366245541,9.694753804026767,14.570252651892197,7769.800387466558,7738.429612533441
BTC,2019-11-30,7735.17,7810.0,7510.0,7543.75,30484.648415,7565.064,7554.8196,7623.9135,40.56287288725738,-0.11992964492037572,2.9145604022617166,11.18812866421844,18.41071983620436,7582.496677820723,7547.631322179278
BTC,2019-12-01,7405.15,7477.29,7210.0,7314.06,37985.10363,7346.1805,7370.816,7394.79965,28.194641110541806,-12.203510062312489,-9.775816484572823,12.63136210561567,37.76859423932326,7372.298180199395,7320.062819800606
BTC,2019-12-02,7391.69,7413.19,7151.1,7316.34,33068.789649,7303.912000000001,7299.033399999999,7300.4691,62.81117302042846,2.197716997846328,0.6633445241656619,7.323746528707009,14.032024485194876,7317.707465342047,7290.1165346579555
BTC,2019-12-03,7341.1,7358.5,7241.35,7344.98,20250.586986,7336.2215,7331.975,7301.9914,58.623064910674735,5.155815796410025,4.152518484266303,7.254215136997723,29.115569662656643,7353.57400215388,7318.868997846119
BTC,2019-12-04,7157.51,7750.0,7067.0,7454.11,47265.688412,7454.224499999999,7463.370400000001,7405.67425,48.14404622157887,-1.5271681807453206,-2.6355000996655704,12.965607022557883,15.953463835431563,7471.125482783041,7437.323517216958
BTC,2019-12-05,7223.89,7485.0,7150.0,7328.25,40292.027068,7335.429000000001,7370.881599999999,7402.5901,37.401570732648324,-13.117804808226538,-14.063473412683148,11.251000993663736,49.89890308899727,7364.242178859639,7306.615821140363
BTC,2019-12-06,7405.74,7443.15,7305.0,7390.34,24965.138118,7402.148999999999,7390.1908,7373.7676,44.55428732326514,0.5830340875972979,3.500866139574198,10.02348726600524,28.60137284153923,7421.114633023978,7383.183366976021
BTC,2019-12-07,7527.0,7619.62,7470.16,7513.87,20916.052722,7520.931,7528.2668,7525.5063,40.609607498811684,-5.029180348235968,-4.014634897968394,7.495434815885704,28.899945047511768,7535.366848295171,7506.4951517048285
BTC,2019-12-08,7420.36,7564.0,7374.86,7533.23,16958.761489,7532.7080000000005,7528.3096,7515.5252,51.45366954913565,0.4593808744339185,0.8072492723349534,5.458412508728677,14.334921036707327,7539.9491231175525,7525.466876882449
BTC,2019-12-09,7484.59,7650.0,7440.04,7481.59,23672.004369,7491.9825,7522.540400000001,7510.3884499999995,39.679224885530054,-11.847415346173875,-12.409873070608256,14.1100279513143,43.272060747356704,7515.778518049256,7468.186481950745
BTC,2019-12-10,7379.95,7399.08,7213.0,7265.0,27356.840689,7272.943499999999,7287.7086,7320.96395,41.335214688606776,-6.132643470175935,-5.681993363880418,9.425462357523847,27.67077904954458,7286.254034587126,7259.632965412873
BTC,2019-12-11,7258.89,7267.01,7155.55,7170.64,18190.723559000002,7188.518999999998,7213.140600000001,7234.888349999999,36.43717606145384,-11.687610130743451,-10.859494391377892,10.537255552699122,58.16816854875334,7218.132477944995,7158.905522055002
BTC,2019-12-12,7157.88,7222.15,7115.0,7166.85,21293.206395,7164.983,7160.8448,7181.872749999999,53.63442425892305,1.0097002491093008,1.6325583608484597,5.022793875909688,18.435733327470327,7175.956907417097,7154.009092582904
BTC,2019-12-13,7208.99,7268.01,7205.67,7239.21,16473.522840999998,7246.066000000001,7239.4334,7230.72135,44.733214460049474,0.5312969788783448,2.163830178845377,6.1259767125646105,24.607931889403336,7257.6207036309515,7234.51129636905
BTC,2019-12-14,7253.37,7270.0,7090.0,7108.85,15982.48676,7121.920999999999,7134.357800000001,7149.9774,35.29645814470053,-4.963715553939437,-4.306968986498105,7.970307117028246,41.485563297141134,7137.508610336521,7106.333389663478
BTC,2019-12-15,7051.38,7200.3,7035.37,7101.37,17392.421321,7115.431000000001,7116.8966,7098.2776,32.699627720234645,-3.1422184506855046,-1.4956792005965962,5.100978424448613,22.72447902975947,7128.339979665602,7102.522020334401
BTC,2019-12-16,7096.48,7150.0,7042.49,7092.08,18422.93334,7094.586499999999,7107.2312,7112.5755500000005,43.51950569218468,-4.862891834571201,-5.734273589455627,5.786273400972555,37.7067806640868,7109.165926977731,7080.007073022268
BTC,2019-12-17,6896.81,6942.21,6685.0,6733.88,28337.974341,6742.4115,6744.967,6806.82145,38.608629025654004,-0.7156870572562184,-0.13658129294917098,5.038749627076476,14.100704792012086,6749.26786718798,6735.55513281202
BTC,2019-12-18,6678.44,6863.08,6435.0,6813.12,46511.01162,6811.9490000000005,6764.259,6634.61685,56.2913664245739,11.194737398650432,15.994740032232205,20.93279325142165,36.13840921418177,6847.27037194413,6776.627628055871
BTC,2019-12-19,7156.85,7234.0,7038.31,7160.75,33220.601607,7138.508499999999,7129.7924,7139.7601,69.50454929286057,7.803005070216386,5.7060848869679255,7.964597741679576,28.301545954299684,7160.446276801629,7116.570723198369
BTC,2019-12-20,7122.01,7220.0,7082.38,7165.76,18473.156292,7170.0725,7177.6608,7170.6146,42.79955763955197,-3.8139684827974634,-3.6723264170434855,5.324094924764736,20.742358772731816,7182.0724514581925,7158.072548541808
BTC,2019-12-21,7163.63,7175.43,7105.0,7142.42,11518.318546,7139.6755,7134.523400000001,7135.46755,60.295674451363986,2.3027679878941854,2.032214828309069,2.884168681444183,22.356274105018095,7144.837877262666,7134.513122737335
BTC,2019-12-22,7144.99,7200.3,7125.0,7184.37,10657.603916,7176.357000000001,7173.422,7171.360949999999,66.15723425183896,3.0068450474482233,1.879616431431957,4.327170770057383,41.844152160506816,7185.843660318561,7166.870339681441
BTC,2019-12-23,7612.72,7612.72,7441.6,7585.64,27475.571688,7573.548,7571.018599999999,7559.615599999999,56.57529960814956,6.1044160329456645,4.508498911865008,10.698023383534265,25.19808561903515,7601.999864332632,7545.096135667368
BTC,2019-12-24,7311.01,7436.68,7226.13,7278.13,26034.761901,7277.070999999999,7299.309399999999,7358.84725,45.13161640174494,-3.463278985267607,-6.164011512443249,11.759243674583656,32.008530637043904,7291.11925526542,7263.022744734578
BTC,2019-12-25,7247.84,7271.77,7170.73,7195.76,14652.434241,7192.028,7192.799599999999,7203.7593,56.790892902833015,0.014151235818644636,0.04403186901409121,4.677706530021067,21.204376334348698,7201.273166521116,7182.782833478885
BTC,2019-12-26,7202.35,7240.76,7176.8,7218.42,11762.49854,7213.58,7214.1338,7210.9413,58.41314611464169,1.0987212049485606,0.4141767215884844,4.052737278963667,17.40811961252274,7219.4305897138765,7207.729410286123
BTC,2019-12-27,7229.4,7271.89,7076.42,7228.79,23014.60205,7226.148999999999,7214.7102,7196.71245,59.35529533587087,2.125738825235203,2.7230261043156023,5.53456855694322,18.735819409044012,7237.584117664373,7214.713882335626
BTC,2019-12-28,7276.54,7360.0,7261.57,7306.11,14393.877661,7309.228999999999,7318.4478,7308.2073,46.110468977331465,-5.4198932638009865,-6.190519245869246,8.333514116620355,25.917621934685965,7341.583454345583,7276.874545654416
BTC,2019-12-29,7294.56,7414.69,7292.7,7395.15,14594.732133,7390.775,7385.822599999999,7377.5786499999995,56.68777825481718,4.303032841378808,3.702040148647472,4.391596820959236,25.930254218938973,7405.578656980227,7375.971343019773
BTC,2019-12-30,7349.23,7408.24,7263.0,7284.35,17963.149161,7280.205499999999,7288.93,7315.228,49.92686833358111,-0.18636945669641136,-1.2912275496721632,7.178342517006702,26.29589643943975,7293.918339932081,7266.492660067917
BTC,2019-12-31,7257.6,7320.0,7188.88,7215.05,15608.738979,7218.1125,7229.0974,7243.24915,44.60807306698334,-2.6195995381822286,-2.993140088136718,8.806755789997226,20.940127802595008,7229.191052026191,7207.0339479738095
BTC,2020-01-01,7222.87,7255.0,7180.0,7252.17,9629.257951,7228.517499999999,7225.4436,7222.51815,80.72729025899393,4.497011289643524,2.353339671101468,4.562805160288624,22.787268467549993,7243.61886268683,7213.416137313168
BTC,2020-01-02,7168.14,7180.0,7105.0,7121.84,14367.71793,7129.181500000001,7136.300800000001,7139.6526,33.271325893363,-3.576471868564113,-2.9835363196759133,3.7687297135201216,31.525480951237842,7135.998341717338,7122.364658282663
BTC,2020-01-03,6918.38,7380.0,6918.37,7269.79,44972.242145000004,7273.3725,7267.1812,7297.70345,47.87329348985163,1.4610833753258703,2.133697458724813,4.31756960787774,14.959758277735316,7277.969302690431,7268.77569730957
BTC,2020-01-04,7311.59,7369.63,7291.0,7324.97,15769.31973,7322.006499999999,7317.6252,7314.60105,56.27640318885533,2.1481929215160562,2.2803564250235286,4.269091495249626,16.31671487787322,7330.972888960998,7313.040111038999
BTC,2020-01-05,7455.26,7495.0,7400.0,7460.0,17398.489172,7458.5470000000005,7447.487599999999,7441.7634,52.7411762785913,6.251557587567731,5.874811437380021,7.001840520406539,38.24271500502286,7476.306009093949,7440.787990906052
BTC,2020-01-06,7490.67,7622.0,7465.44,7534.14,28731.84328,7533.656,7538.740600000001,7546.4136499999995,48.68663509776429,-1.2691738368039296,-1.857426322750505,4.180918429133996,22.33697784210046,7539.234520950452,7528.077479049548
BTC,2020-01-07,7918.75,7965.0,7762.0,7777.14,31516.446622,7816.360000000001,7830.5562,7850.40065,27.90062003723927,-15.646616176470161,-10.913399619670201,11.018095663590884,41.543152143825935,7864.8969669428325,7767.823033057169
BTC,2020-01-08,8360.22,8418.61,8184.0,8296.05,45404.137319,8281.662,8291.7702,8311.46135,55.76045815251646,-1.4507562969065475,-5.1286727874153515,15.524280339272739,22.553524853303998,8309.848702964106,8253.475297035895
BTC,2020-01-09,8005.0,8006.94,7852.01,7912.57,29427.033543999998,7905.9905,7901.9148,7904.1728,58.36125061923627,0.656138833548539,0.22697711226307463,6.41023747120381,16.930954721471306,7917.490206909156,7894.490793090844
BTC,2020-01-10,7818.76,8085.0,7672.0,8034.38,45254.988287,8045.957,8010.4072,7925.88495,50.94434872360796,5.6699472978825725,10.368745728106086,17.822591461125352,18.325798841412627,8074.309796758576,8017.604203241424
BTC,2020-01-11,8201.09,8217.41,8010.0,8097.21,24582.180227,8071.361999999999,8069.727000000001,8071.569049999999,69.59140767436197,5.2328319462531,2.0357740815969727,7.125920739936437,22.15180900991573,8092.059675811454,8050.664324188544
BTC,2020-01-12,8070.22,8185.0,8065.62,8158.68,18834.785713,8160.016500000001,8154.5402,8144.934249999999,50.418894630497924,1.3055457705549998,2.251745824788765,5.30831252486499,16.579733789550122,8168.486617531412,8151.546382468589
BTC,2020-01-13,8143.35,8145.29,8055.89,8087.61,19005.219506,8082.911999999999,8087.569199999999,8088.67435,55.53229368858584,0.7308809361175008,-0.30196722406908977,3.597573972919553,14.697363415360774,8091.231087930529,8074.59291206947
BTC,2020-01-14,8385.72,8740.0,8375.0,8707.49,57377.657365,8699.8995,8688.0702,8603.00235,55.469046630392704,6.769399079566938,6.839388312924654,13.73840363946612,14.47818178624687,8721.76863850699,8678.030361493009
BTC,2020-01-15,8801.26,8916.48,8564.0,8785.26,44713.176324,8800.522500000001,8830.1988,8817.4567,41.96331869471248,-12.56939291027993,-10.620749833933669,17.971876556929693,36.659745596621136,8830.984423691878,8770.060576308124
BTC,2020-01-16,8678.9,8789.0,8586.0,8688.78,29436.863025,8693.8115,8686.5496,8699.778250000001,46.800953170913715,2.184624805671774,2.9109327757741728,7.599675325258084,10.835499892194319,8704.597124274516,8683.025875725483
BTC,2020-01-17,8736.11,9041.65,8732.0,8841.17,48832.781193,8831.903,8813.143399999999,8827.58025,63.98451445549418,7.615167744017526,7.658972430463101,7.447087890355395,29.06906349924592,8848.594871195468,8815.211128804533
BTC,2020-01-18,8907.35,8964.0,8806.38,8877.06,22363.843175,8905.431999999999,8921.5766,8923.23385,32.164234358038335,-10.933327537450168,-9.567671534201068,11.459729574448147,38.35490716173438,8937.182230613204,8873.681769386794
BTC,2020-01-19,9172.81,9198.98,8524.2,8639.98,41357.872974,8636.621,8627.899,8623.20145,55.40829340208335,2.756396880171451,3.281268920400662,7.09953984633564,16.05971882876272,8649.898600539513,8623.343399460486
BTC,2020-01-20,8658.27,8694.0,8521.28,8657.21,23183.994912,8651.936,8654.500800000002,8609.5664,53.64755171346036,1.078511131257983,0.13039087978491093,7.461647577875164,13.89612051533027,8663.190693954131,8640.681306045868
BTC,2020-01-21,8663.37,8699.84,8602.8,8661.17,14660.496913,8661.4465,8660.7238,8656.496949999999,49.8962742897341,-0.29864349049239536,-0.20683494220533832,4.086682754150294,20.18451947811451,8666.741034068642,8656.151965931358
BTC,2020-01-22,8732.7,8818.0,8622.0,8660.76,18193.272965,8662.498,8657.8218,8659.266000000001,50.50900181786285,0.4144441903299594,1.0354359199054919,3.5695456903522085,15.740876721009176,8668.224872096938,8656.771127903061
BTC,2020-01-23,8586.82,8624.51,8326.0,8389.86,32046.904419,8384.617,8372.8972,8380.8958,59.35573715722383,4.76046426384346,5.2293335610347675,6.348332992482452,33.06549559385025,8395.168570689028,8374.065429310973
BTC,2020-01-24,8341.82,8507.35,8238.0,8486.25,28688.203663,8487.313,8477.6768,8450.34845,51.78506567717274,3.9550942115038197,4.704034333064996,11.057024660032376,25.7462868279651,8505.921494942007,8468.704505057993
BTC,2020-01-25,8312.41,8382.97,8282.25,8328.77,13173.848011,8330.572,8327.3604,8327.17215,50.01942759188435,-0.3570361383299314,0.2527587313217963,5.3539169997205445,16.013084879479,8338.911123695534,8322.232876304466
BTC,2020-01-26,8339.67,8488.0,8321.1,8452.09,14787.665507,8468.839,8466.1768,8459.69055,31.69894670709647,-2.7401981607472408,-0.49315753875860135,5.214687688508154,24.214979946552766,8482.096093044764,8455.581906955236
BTC,2020-01-27,8636.09,8791.55,8535.0,8780.0,25099.188913,8777.432499999999,8769.333,8749.4395,53.42639100656806,3.991999229825524,3.615198952420242,8.823710107081139,17.652092534307624,8793.113286809992,8761.751713190006
BTC,2020-01-28,9118.31,9188.0,8930.67,8980.0,39288.546519999996,9017.1645,9029.9206,9067.619050000001,33.38547939509692,-15.259571360225891,-12.110521154418631,16.380043510713104,30.552920870046954,9062.206446438962,8972.12255356104
BTC,2020-01-29,9349.55,9434.94,9216.0,9309.84,30912.072527,9302.985499999999,9307.905999999999,9306.1024,55.290214440979724,-1.4444787504289707,-2.7625145845073105,8.883325789802798,27.205292571235493,9319.171130015757,9286.799869984241
BTC,2020-01-30,9280.48,9412.35,9247.82,9372.0,24030.984962,9371.5055,9358.3526,9369.21615,53.9412831597955,5.396302057171852,6.03646144274411,7.281661925828552,35.58476413654662,9385.745354598665,9357.265645401334
BTC,2020-01-31,9433.55,9474.94,9210.01,9305.31,30807.778591,9289.617,9283.246,9275.208149999999,68.2736390407147,4.355909432930275,3.2101054386257117,6.413596300228586,19.662392030888906,9302.750596764981,9276.483403235019
BTC,2020-02-01,9443.94,9464.0,9281.0,9370.28,16816.735711,9362.046,9354.975,9340.12505,61.33041501484698,3.8117275451531896,3.61855540053285,7.351274546110641,30.33250527748029,9370.905727761181,9353.18627223882
BTC,2020-02-02,9269.65,9477.03,9120.0,9450.95,29604.417324,9445.261,9446.993199999999,9426.54245,56.14423293784499,0.08566776560473954,-0.7783552927960137,6.347299162377154,12.500265845612628,9457.355782181014,9433.166217818987
BTC,2020-02-03,9418.35,9440.0,9290.25,9305.84,23839.569145,9316.2865,9336.032400000002,9338.9139,41.67518641282417,-7.641157260117325,-8.1887463698967,13.222561146288678,32.81964945690094,9339.243539247125,9293.329460752875
BTC,2020-02-04,9302.18,9327.0,9093.01,9195.01,37140.726641,9189.257,9183.9886,9147.204,54.73944072209473,0.7176504256967746,0.3572532635614716,9.523932004001495,21.646111476995152,9205.904512846924,9172.609487153075
BTC,2020-02-05,9178.58,9479.0,9177.23,9458.03,32390.574252,9451.663499999999,9446.0308,9444.5821,60.95623466394679,3.16369266253605,2.802715904453852,5.96434984260523,10.485726384123415,9460.94239061404,9442.384609385957
BTC,2020-02-06,9601.65,9862.57,9568.57,9791.17,42582.926046,9786.992,9801.3978,9790.2426,49.631883929637205,-2.165135397683116,-2.8810412325229247,15.103508998970597,20.401105107714848,9810.357911581537,9763.626088418463
BTC,2020-02-07,9824.01,9885.0,9730.54,9784.86,28068.083729,9809.4475,9815.8198,9790.6105,28.691587209734767,-6.114375280358217,-3.5420889941465576,8.691983703620227,21.799681705329444,9829.395966482256,9789.499033517744
BTC,2020-02-08,9780.27,9866.0,9667.11,9837.66,26906.420705,9831.964,9834.7418,9820.3003,56.634156130200004,2.068815117703707,1.0000062452036063,5.030938676851618,15.976659618171677,9843.365674262508,9820.562325737492
BTC,2020-02-09,10002.3,10166.0,9970.0,10091.54,29810.103142,10092.062,10103.655999999999,10094.481600000001,47.90208911215212,-5.936981952669157,-6.0333205183743495,7.260457574870288,28.65237722944574,10112.236571717729,10071.88742828227
BTC,2020-02-10,10105.71,10134.97,9756.0,9901.23,43282.271572,9906.814,9901.796,9852.9154,45.71574608980457,2.1104358080938255,3.222035466472696,9.18223643088405,20.820147937098948,9921.062420824866,9892.565579175134
BTC,2020-02-11,9782.65,10090.0,9715.0,10058.0,27199.629308,10011.9695,9929.6074,9887.02605,67.87198928912748,41.3183964688651,39.066143767406125,22.235732964042697,72.37938162859453,10102.640821480407,9921.298178519592
BTC,2020-02-12,10255.0,10450.0,10226.43,10311.85,38537.213153,10303.416500000001,10316.2252,10340.37865,52.497393432804095,-2.749511400319534,-6.630778655157246,15.590944448785809,19.390092494529398,10343.283745841789,10263.549254158213
BTC,2020-02-13,10399.62,10500.0,10080.0,10275.52,60547.512045,10254.2235,10249.0934,10266.8095,58.97583038868988,3.6942409036091703,1.2807736582816942,14.674672116833737,16.930534426564144,10275.75296564558,10232.69403435442
BTC,2020-02-14,10259.49,10360.2,10111.37,10273.6,29090.224439,10263.1785,10260.4182,10264.1377,57.23020154428294,1.6245967710328841,-0.033851094265208326,8.375207373567868,14.246558613913768,10278.0679248043,10248.2890751957
BTC,2020-02-15,10248.43,10287.0,10190.9,10221.52,18846.859562,10229.0645,10231.9756,10236.773200000001,42.12196962685687,-3.9163742655946407,-2.7640462376120754,6.06279372935165,22.206251514596598,10243.446760566701,10214.6822394333
BTC,2020-02-16,9926.0,10050.0,9825.16,9849.63,26321.587687,9864.395,9886.882,9910.3543,43.66484737273208,-12.57362270107842,-10.742093211221759,18.524311158332342,17.62260393833019,9895.627067174468,9833.162932825533
BTC,2020-02-17,9816.0,9863.57,9452.67,9586.07,48491.089711,9564.0405,9583.611599999998,9579.977200000001,57.16055944942705,-1.6410230375422543,-5.298223717190178,15.935522808793902,15.241526774335192,9593.685603120643,9534.395396879356
BTC,2020-02-18,9750.13,9875.51,9576.01,9820.0,32461.947036,9818.199499999999,9765.851799999999,9679.16935,57.77847963040443,13.809458362338773,19.18735832376227,17.861464606917348,33.66353254098415,9864.16621599093,9772.232784009067
BTC,2020-02-19,10143.88,10250.0,9906.45,9996.17,29510.389037,10075.977499999999,10096.8626,10143.21115,17.431277630204807,-19.450594681722578,-12.419007112837516,22.1171893809123,33.34711418550902,10125.616785198377,10026.33821480162
BTC,2020-02-20,9548.12,9650.0,9500.0,9603.99,30612.306408,9590.174,9587.6698,9576.70825,67.30902179792223,5.059037250874098,2.980961680732314,6.194446337324346,25.147503254492722,9606.479892677335,9573.868107322667
BTC,2020-02-21,9644.3,9755.51,9609.93,9709.79,26004.134743,9700.124,9688.7158,9713.158000000001,61.09992061966042,5.957072362667532,4.214349757173131,7.985980689974508,15.436075592361345,9716.325354757982,9683.922645242017
BTC,2020-02-22,9638.99,9682.23,9560.02,9622.16,15265.330166,9623.216,9633.5762,9645.3207,44.344746722982414,-3.2327502919852122,-4.237160724679059,5.3473056490593125,25.97795535287362,9633.9861112347,9612.4458887653
BTC,2020-02-23,9665.79,9990.0,9661.45,9853.29,27325.42802,9864.872,9878.9588,9868.53575,34.71286544715317,-6.6004797298737685,-5.670515503336249,7.6213395043789225,41.4109084853671,9878.85613043626,9850.88786956374
BTC,2020-02-24,9912.88,9912.88,9600.0,9724.34,28509.70638,9740.495,9745.7018,9772.22255,38.752324231681875,-3.8251416618659277,-3.2263883139361926,11.085754787149954,15.284355896627675,9754.065486358351,9726.92451364165
BTC,2020-02-25,9595.18,9675.0,9360.0,9426.47,30448.570504,9407.441,9413.6412,9522.86175,56.21346193847154,3.773835269425035,1.0391328679382448,14.202907485993595,18.202988266411307,9439.680222633386,9375.201777366616
BTC,2020-02-26,9125.27,9303.36,8979.03,9031.47,45686.187102,9011.424,9021.739599999999,9127.9036,58.27140908757395,2.127761418774753,-1.9443644723490043,14.11533038018512,14.249485000836623,9033.36238407971,8989.485615920292
BTC,2020-02-27,8730.46,8941.91,8640.0,8858.17,37294.163233,8875.664,8870.5352,8837.3942,40.083374044894065,-2.5870311221624434,0.5252291280831042,10.003234810147239,12.085360580698255,8896.631603009931,8854.69639699007
BTC,2020-02-28,8862.63,8887.68,8445.0,8678.45,42656.760009,8667.905499999999,8657.3096,8608.28775,55.26290472405895,10.6430163689256,11.136760284113937,13.785604713629874,31.05891749838331,8723.526932370796,8612.284067629202
BTC,2020-02-29,8698.42,8790.0,8572.22,8640.0,22118.637793,8640.539999999999,8619.033000000001,8628.1262,54.7247095824434,7.463019989632812,9.270422627175599,9.72593149417147,36.263480119443166,8664.290806302593,8616.789193697405
BTC,2020-03-01,8633.05,8750.0,8518.0,8580.77,21861.210579,8584.866,8574.8126,8594.0713,48.4468707906779,1.2265906119719148,2.6452365160317113,7.659842478689443,16.800356464266457,8598.42437069876,8571.30762930124
BTC,2020-03-02,8573.01,8885.0,8562.89,8784.61,38069.129232,8802.669,8820.2384,8807.82275,35.111690855617894,-11.06479673848844,-10.464815847694254,10.031389824060902,23.979511175332224,8837.363940207475,8767.974059792525
BTC,2020-03-03,8835.81,8898.74,8675.45,8714.62,34116.851005,8710.814,8750.8102,8778.48685,44.32235204381392,-10.282990581667036,-12.616280480747594,18.266404827563807,21.293239979736878,8732.495085212146,8689.132914787855
BTC,2020-03-04,8831.41,8848.29,8660.0,8720.26,27316.075722,8721.242999999999,8721.8542,8717.5636,50.64833220596817,-0.5806846765917726,-0.5729906033551679,6.054787525130338,28.232039797748836,8731.607306248268,8710.878693751729
BTC,2020-03-05,8861.36,9136.63,8855.0,9049.47,34327.036891,9039.832999999999,9037.064400000001,9069.80135,58.75047780277338,3.016632759827189,2.1242145557814567,6.454769770996703,13.18474525096905,9057.389127249362,9022.276872750635
BTC,2020-03-06,9050.45,9170.0,9013.05,9045.25,26031.92112,9054.488000000001,9064.818000000001,9081.40725,38.423688057048494,-5.630202236921832,-5.011816612715005,7.488069611613237,27.839624898207017,9067.795486013363,9041.18051398664
BTC,2020-03-07,9085.51,9135.94,9050.0,9103.38,19423.447427,9106.0305,9106.8692,9097.939199999999,46.453889178731664,-0.18821101405046647,0.12289088673833888,5.3050823337806525,14.041840448536211,9114.326013185047,9097.734986814954
BTC,2020-03-08,8767.01,8769.96,8321.0,8361.91,34782.700841,8466.6555,8522.4008,8631.34975,24.492911551475387,-45.040638628523084,-35.409443712620764,31.07601731136267,51.7607875101592,8591.910837047697,8341.400162952305
BTC,2020-03-09,8071.65,8100.0,7652.0,7669.02,79950.203696,7692.5285,7711.2724,7782.079600000001,40.99068708489196,-14.031333907031694,-12.903090941974545,20.751623388647236,22.731941589653438,7738.725290916344,7646.331709083656
BTC,2020-03-10,7908.95,8149.0,7761.22,7840.0,50982.992658,7948.7325,7997.8052,8071.883250000001,29.827296966579194,-51.825398072331154,-38.49395825456992,38.10075360861634,52.61046987776498,8115.67040772323,7781.79459227677
BTC,2020-03-11,7912.36,7943.42,7750.0,7793.45,39006.669146,7786.796,7798.250400000001,7833.6094,51.0910936766459,-5.384901722610266,-5.462659139144974,11.879002536977621,20.435876109721274,7806.542925229282,7767.049074770718
BTC,2020-03-12,7640.63,7768.75,5550.0,6090.74,148844.767008,6079.3465,6073.0454,6026.682799999999,55.401379103420275,1.9384146763168246,0.6779885575194142,26.115636070618887,9.978881761080768,6106.882226085524,6051.810773914475
BTC,2020-03-13,3981.83,5955.0,3899.0,5103.56,226231.977023,5207.9135,5301.333199999999,5560.123250000001,36.40688112983384,-64.15513701252985,-62.638678076930844,66.19827630281613,31.427344798277538,5410.447373243414,5005.379626756585
BTC,2020-03-14,5454.05,5640.52,5173.0,5328.25,79916.979215,5343.432,5359.0797999999995,5360.125,40.53879631908989,-9.174853149183946,-8.620091183427988,17.481825923638233,23.129628446337406,5376.0593649563925,5310.804635043607
BTC,2020-03-15,5184.97,5594.0,5165.0,5324.49,55639.200867,5338.154,5325.888000000001,5329.3109,43.897592210508265,-0.5801451204843033,2.2338216965172197,9.342379546239266,13.463062100637934,5356.098132634541,5320.20986736546
BTC,2020-03-16,5333.29,5357.32,4442.12,5100.77,162064.57545899999,5089.989,5023.3338,4833.80945,56.991619462499465,16.05061329846467,20.36340300392423,38.9602661250051,28.361892964639683,5148.59116238316,5031.386837616839
BTC,2020-03-17,5164.18,5440.0,5051.0,5281.43,82449.409498,5306.6665,5272.1669999999995,5233.743,45.30375022151593,5.2460867017271084,11.953483036213473,19.46959993780747,27.76401608448493,5343.585488217425,5269.747511782575
BTC,2020-03-18,5331.87,5436.17,5009.37,5258.47,81684.245548,5258.8275,5270.235599999999,5220.8337,47.86803952844624,0.08482671753881732,-2.2699730492794994,15.410958812244058,19.162929216714772,5277.463093765352,5240.191906234649
BTC,2020-03-19,5358.33,5910.0,5252.53,5873.85,98578.076258,5873.5975,5841.401599999999,5808.5957,54.01118738551281,10.013102001068546,11.201992275221798,22.067169866036803,16.560231304840762,5903.97190295774,5843.22309704226
BTC,2020-03-20,6180.48,6900.0,6112.45,6548.49,119659.112004,6570.102500000001,6590.26,6585.500299999999,39.11928728343688,-6.977962632638992,-6.128254253613678,19.781807741458387,16.53809144770587,6592.810045772316,6547.394954227686
BTC,2020-03-21,6354.05,6359.88,5860.02,6192.11,70570.189616,6174.639999999999,6181.1538,6175.34745,54.83158460072872,3.212418317569245,-0.38649567698307075,16.768022357900485,18.085197207454257,6203.07893950198,6146.201060498019
BTC,2020-03-22,6277.63,6407.87,5915.0,6031.93,55675.58319,6000.4515,6021.6118,6042.467400000001,58.25514037783398,-4.24352518127489,-9.624411433631636,22.911013405495073,26.701861538396244,6042.605109703473,5958.297890296527
BTC,2020-03-23,5856.32,6600.0,5728.99,6217.44,101036.537446,6221.0335,6229.8902,6268.28875,46.601521504801454,-5.601411410565561,-5.333586885425216,13.647456997291624,22.229788071687373,6240.466236580197,6201.600763419802
BTC,2020-03-24,6602.34,6833.0,6371.33,6552.89,92859.885252,6528.045499999999,6555.2678000000005,6642.740949999999,55.392656017830184,-1.5733230544883554,-7.761743809769383,19.4265824565094,24.630371474641848,6554.046634186543,6502.044365813455
BTC,2020-03-25,6643.83,6957.96,6450.0,6627.42,93994.072949,6646.7985,6635.5314,6606.419250000001,41.0151875624596,-1.1094228113552163,2.691742933034343,13.545159736682882,15.48069662481952,6665.977241643013,6627.6197583569865
BTC,2020-03-26,6679.56,6761.79,6510.0,6607.04,47655.448368,6601.3755,6592.5064,6610.097299999999,58.19769925162743,4.3962181180995685,3.6329101545804297,8.12806841670446,13.002534135356806,6611.091553674487,6591.659446325513
BTC,2020-03-27,6779.53,6826.84,6573.41,6646.66,44784.752988,6638.673999999999,6632.538199999999,6621.680249999999,59.545861222053816,2.879074651834344,2.5592528750381187,6.875684421570448,24.439758959882326,6647.432706297131,6629.9152937028675
BTC,2020-03-28,6265.03,6319.86,6068.88,6224.79,46416.610121,6236.233,6239.5617999999995,6232.03385,38.304901368227206,-3.7859383800932846,-2.5241249376778137,7.387540980950582,16.45089470556622,6248.722645471187,6223.743354528813
BTC,2020-03-29,6222.93,6225.49,6067.6,6124.0,27034.314902,6123.7675,6131.988,6122.615500000001,46.26889004616451,-1.6193762790644541,-2.571611773557774,5.470107971344637,32.753924680075144,6131.279130648724,6116.255869351276
BTC,2020-03-30,5909.0,6395.0,5906.67,6327.67,67486.08985,6319.212,6306.2842,6324.0203,60.446398967077,5.551696256186915,4.835499761014234,9.424098265435902,26.49826780909365,6330.789043838388,6307.6349561616125
BTC,2020-03-31,6460.83,6523.23,6321.4,6460.64,45455.934747,6461.585499999999,6446.7339999999995,6413.122149999999,52.09607095762737,2.906700383030511,4.273623281261883,9.450002962438845,26.286280624082437,6476.353312939047,6446.817687060951
BTC,2020-04-01,6296.91,6381.7,6170.0,6246.09,37904.097147,6236.514,6222.6718,6241.63645,59.074890659329846,7.644639270785774,7.106764391748968,10.058922939586992,33.030575629550405,6259.138998917065,6213.8890010829355
BTC,2020-04-02,6599.1,6737.0,6551.0,6729.46,44487.319361,6674.659,6656.780599999999,6663.44895,80.93755736771342,15.90417943158991,10.763383656513003,11.115516181844542,33.73662221155069,6719.342454611349,6629.97554538865
BTC,2020-04-03,6766.5,7048.0,6746.16,6776.97,60276.230349,6796.133,6828.8976,6915.094499999999,38.102293178577405,-16.167969434208317,-14.708892534564052,16.90603886503266,44.12279199841882,6829.01777465342,6763.24822534658
BTC,2020-04-04,6772.01,6900.0,6650.01,6705.25,37942.058934,6718.393000000001,6722.049,6725.92505,37.47509502995093,-0.5915979341916682,0.5639344505386717,7.599065787395167,16.943289800504985,6734.038701134767,6702.747298865235
BTC,2020-04-05,6867.73,6873.0,6744.0,6778.37,23708.3571,6781.87,6788.062999999999,6788.850799999999,43.01922321457893,-2.6228874546377483,-2.673113903308173,5.689241201417667,36.593000475925024,6788.531387243325,6775.2086127566745
BTC,2020-04-06,6844.98,7163.0,6801.11,7087.59,65017.506257,7081.6535,7091.057999999999,7110.43115,51.983143877862126,-0.5067410212204777,-3.0477754227096208,10.821933464735023,19.73747277930352,7098.270395347999,7065.036604652002
BTC,2020-04-07,7394.65,7459.69,7226.07,7314.37,55864.112687,7309.683999999999,7320.440600000001,7364.3501,50.138920372709876,0.10836011502397014,-1.2606287187734715,11.732500905199668,21.552125277616348,7329.696574446921,7289.671425553078
BTC,2020-04-08,7182.73,7420.0,7160.22,7263.01,48265.545558,7258.6345,7250.4748,7269.2913,53.94464854512512,2.5300891162187327,2.5838210348859474,8.217419810103827,18.69561891080191,7270.33702532548,7246.9319746745205
BTC,2020-04-09,7341.63,7351.66,7108.08,7337.81,41275.689511,7315.358,7314.574799999999,7279.78765,66.79976620351634,7.559496457930436,4.499939830882381,9.992969236611543,25.887261174515444,7345.502567404466,7285.213432595534
BTC,2020-04-10,7266.66,7277.05,6800.0,6864.69,67786.815212,6875.3634999999995,6887.7816,6899.44505,40.91590231413794,-5.921258097560894,-5.063464946590744,10.088099052382361,36.31414123880661,6892.626671522237,6858.100328477762
BTC,2020-04-11,6898.18,6944.3,6802.8,6832.98,23481.620115,6829.1825,6834.3062,6861.65195,54.25434134694515,-1.2685445790530139,-2.349153422599917,6.23084776213638,26.22504561720276,6839.704033871023,6818.660966128977
BTC,2020-04-12,6849.56,6995.0,6780.0,6978.77,24990.880327,6957.17,6934.598600000001,6897.185850000001,65.44658886911914,15.130897066938815,12.595042661638612,10.871638044860203,45.63560661248582,6996.55340919722,6917.78659080278
BTC,2020-04-13,6717.03,6833.0,6603.0,6705.3,49826.841638,6711.883,6700.335800000001,6709.653249999999,47.11803544826622,-0.09792149240274739,2.486926515300764,12.197861419622548,24.240450506537925,6728.973288586999,6694.792711413001
BTC,2020-04-14,6819.26,6949.0,6754.28,6887.29,40452.640468,6900.433500000001,6903.6806,6858.4928500000005,44.643023694987114,-8.058549083587423,-5.843939161608683,15.540698261346368,27.060125870560693,6937.6307575736455,6863.2362424263565
BTC,2020-04-15,6845.17,6933.0,6680.1,6747.91,37601.365282,6745.938,6734.9619999999995,6739.043200000001,53.712898630939904,4.8750816954916445,5.781303861135331,8.565419791448251,33.26838331748395,6768.195386728709,6723.680613271291
BTC,2020-04-16,6556.5,7147.28,6551.0,6995.11,78843.949101,7004.7135,6996.3374,7013.948,43.999799154038165,0.2900524009628498,1.6563211720775766,8.305835325177487,13.113263522747353,7013.873435100717,6995.553564899283
BTC,2020-04-17,7082.28,7126.91,6972.98,7030.9,31982.501371,7034.9125,7043.3582,7065.9939,45.31527093813237,-4.538134056444505,-4.1484386993888,7.687388973367391,29.223612785899952,7048.343651662976,7021.481348337024
BTC,2020-04-18,7075.08,7268.9,7054.11,7226.0,27292.70657,7225.664499999999,7228.3124,7144.190699999999,50.39387431087074,1.7073796719623715,1.9994600355396337,7.508389333736263,15.972916709403792,7236.826248025713,7214.502751974285
BTC,2020-04-19,7215.12,7245.9,7055.6,7082.78,25849.330854,7085.289,7087.2586,7133.2282,45.872385016429895,0.5887500555409133,0.1582907195422793,7.338732976909768,23.603637278290226,7097.101218927424,7073.476781072575
BTC,2020-04-20,7147.67,7220.0,6912.34,7047.9,40760.078285,7041.3724999999995,7033.604399999999,7020.6041000000005,58.340272374557635,3.697339713479778,2.893135795069785,6.534414950875662,22.584972722990013,7050.90299815177,7031.842001848229
BTC,2020-04-21,6882.94,6908.49,6762.0,6858.66,33245.768083,6846.912999999999,6837.6848,6819.744700000001,60.3597275628013,7.026851231516957,6.783722608467403,9.642953147669346,24.99135270005696,6873.841053847218,6819.984946152779
BTC,2020-04-22,6844.24,7130.0,6831.39,7108.68,35767.008693,7085.421500000001,7069.9022,6994.0919,66.79582501001826,10.735724079528154,8.698851171731263,11.850822665346637,48.39502007542092,7113.425018546631,7057.417981453372
BTC,2020-04-23,7135.3,7738.0,7020.0,7520.38,62323.065681,7559.478,7403.7962,7211.2367,54.369565788722845,34.640381035595055,48.705523082015084,38.20877948292487,49.92886958367933,7634.02081282628,7484.93518717372
BTC,2020-04-24,7506.78,7615.96,7388.0,7456.28,40706.252454,7439.1449999999995,7460.0,7491.98355,55.949836341476406,-0.9072953833574502,-5.287686553146136,9.790251934835403,38.91942360106106,7458.22884395202,7420.061156047979
BTC,2020-04-25,7488.0,7705.0,7476.54,7546.38,34560.937754,7550.217999999999,7548.133400000001,7566.3559,47.36039475506337,0.32895784186621313,0.9571145332553462,7.245614235150524,10.638568091699053,7556.576077067714,7543.859922932284
BTC,2020-04-26,7561.38,7700.0,7525.0,7660.33,25315.19926,7663.378,7665.8812,7654.93145,44.57323597023879,0.6043285275054586,0.5681818840993988,6.1382291790309225,12.085271144061121,7671.742426100333,7655.013573899666
BTC,2020-04-27,7674.49,7750.0,7606.0,7657.16,35272.65485,7670.178,7678.0898,7689.8392,34.837285958471206,-5.002297192706465,-3.773161852831099,6.535462982781728,24.64511671217691,7685.786857229133,7654.569142770867
BTC,2020-04-28,7708.11,7764.1,7659.12,7739.4,26889.721351,7729.598000000001,7729.1098,7736.7224,63.368379335918526,2.282573815528849,1.28840579870812,4.6458181509681005,16.506671783806386,7742.338980496035,7716.8570195039665
BTC,2020-04-29,7745.2,8387.97,7710.05,8336.85,85932.627557,8303.5725,8293.667800000001,8224.54725,72.15137901500636,11.421087496672044,7.949004032918184,9.876365863424967,22.34616965230467,8340.277878283656,8266.867121716345
BTC,2020-04-30,8836.58,9460.0,8542.57,8821.05,139710.873857,8836.3785,8845.930400000001,8845.6284,40.98710310807246,-3.0878430056782236,-2.036578923159836,13.061517970938871,14.682563014190174,8866.786635935077,8805.970364064924
BTC,2020-05-01,8742.56,9059.18,8644.32,8739.27,56838.23491,8765.482999999998,8770.7474,8872.10965,36.93947956563974,-6.232821659790716,-3.192415697976463,14.126298443305279,20.04579162967519,8790.701453640218,8740.264546359778
BTC,2020-05-02,8814.28,8940.0,8753.0,8910.73,28978.995879000002,8901.8105,8902.407,8882.9971,58.247323712881254,2.999608167769111,1.6791252726647126,7.11934956847805,13.474742425682546,8914.368487856833,8889.252512143166
BTC,2020-05-03,9150.11,9177.65,8824.67,8888.34,51320.717252,8884.02,8893.4766,8954.205600000001,52.647471645257255,-5.489875323182787,-5.308622436395843,15.241270840371467,22.718210480614058,8914.014106087136,8854.025893912865
BTC,2020-05-04,8701.45,8860.0,8522.0,8818.38,50733.864998,8807.073,8814.3186,8737.728200000001,54.86653699044499,0.5703843613209756,-1.3824960088541014,11.737715453906631,16.27161689159029,8828.309086362127,8785.836913637873
BTC,2020-05-05,8864.43,9118.58,8760.0,8838.05,52478.057306,8845.0845,8871.2008,8872.3161,43.63421800365186,-11.376483219832153,-11.40821713485516,13.704786150368921,34.00001866913968,8874.036184217113,8816.132815782888
BTC,2020-05-06,8964.07,9380.0,8940.48,9196.25,68503.3295,9220.779,9222.6828,9243.882950000001,34.965848708549835,-6.2543563649287535,-2.2520015576991828,10.939922126800512,19.04696893849432,9246.82544689929,9194.732553100712
BTC,2020-05-07,9189.14,9590.0,9188.42,9513.28,56163.765615,9508.133,9509.1682,9387.838,51.304641470447436,3.543691898270481,2.967299529308626,11.99822689027362,15.892190035881177,9531.619261600901,9484.646738399098
BTC,2020-05-08,9990.31,10003.0,9705.0,9918.0,53689.611848,9924.9835,9906.7466,9884.0812,49.243287308473114,2.1511697038713464,4.636167473934294,8.930383042946943,22.42888708929096,9941.062362242546,9908.904637757454
BTC,2020-05-09,9898.21,9907.66,9520.0,9697.86,49173.144824,9685.613500000001,9690.380799999999,9652.0793,57.72072839936138,3.745194738776263,2.047334840410504,7.927473439928261,19.92901777341136,9707.752763108523,9663.47423689148
BTC,2020-05-10,8720.0,8900.0,8316.0,8749.16,73098.159661,8749.2715,8766.8964,8745.65625,45.32511914571605,-3.810542524066477,-4.742513296484648,10.692284134072155,21.756942600002013,8765.633750791412,8732.90924920859
BTC,2020-05-11,8720.29,9168.0,8478.0,8858.91,80619.599892,8885.4435,8886.6532,8912.59345,39.86889635452374,-6.652197646024433,-3.3288240619926968,17.375347398235753,16.6770798176868,8916.565743025842,8854.321256974157
BTC,2020-05-12,8584.34,8917.72,8567.22,8852.11,48250.47688,8877.0525,8813.9086,8767.6958,48.133674473808284,16.578120012172803,23.56674817844519,22.186725710253885,45.136417799512905,8910.388443889475,8843.716556110525
BTC,2020-05-13,8925.01,9135.0,8826.72,9083.54,43169.56308,9105.774000000001,9099.0604,9050.9886,40.88599246379728,-3.392863647950435,0.28222714732167875,13.10991228531516,16.428039875247418,9129.9364298456,9081.611570154402
BTC,2020-05-14,9314.29,9939.0,9256.76,9758.7,86768.665361,9722.157,9676.6756,9653.1478,70.90861036195585,16.11858501873212,15.353397484374897,14.033695192674976,39.67674994365737,9747.354672985932,9696.959327014067
BTC,2020-05-15,9755.22,9775.52,9256.12,9598.0,64252.393983,9575.949,9570.362,9569.73185,63.936103041444454,4.886362713461494,2.7794235388736652,9.913557340625822,13.28325451811101,9594.163832307784,9557.734167692217
BTC,2020-05-16,9387.77,9588.0,9315.0,9427.77,33998.532332,9445.058,9457.295,9453.78635,38.528990890175834,-8.72796266826299,-5.993302212622491,11.274786167420631,26.600221217869883,9468.465715480046,9421.650284519956
BTC,2020-05-17,9480.03,9787.0,9436.0,9752.2,34543.63745,9750.461500000001,9744.3016,9675.39405,53.43422768244795,3.4795563200514152,3.877669992142994,8.71503805738502,27.236899427290307,9764.993181629548,9735.929818370454
BTC,2020-05-18,9865.21,9950.0,9464.23,9708.58,55355.925452999996,9718.6265,9689.6944,9656.5725,48.01623026049942,7.471365138859255,10.649404214502617,9.83561785502595,20.556965557751003,9736.686119347729,9700.566880652272
BTC,2020-05-19,9635.04,9897.21,9474.0,9686.3,56087.461369,9700.6865,9691.0638,9691.022949999999,42.924666317964004,-0.43532781555404654,2.064226507062044,11.308578658960563,19.017138821214832,9715.761726400333,9685.611273599667
BTC,2020-05-20,9737.33,9842.0,9651.0,9768.21,29168.736261,9773.794,9775.616600000001,9763.38445,42.20808660009322,-1.859796165710577,-1.4622894431939022,5.921475260142382,16.1787792616799,9783.674597957772,9763.913402042228
BTC,2020-05-21,9539.96,9549.61,9082.0,9124.42,52197.133125,9172.23,9222.2888,9326.4041,38.32359712352803,-25.495299269190582,-22.955067593598187,32.737265384917194,43.247327771016046,9229.115144281259,9115.34485571874
BTC,2020-05-22,9116.76,9206.92,8933.52,9167.87,34920.191932,9148.2415,9139.1244,9155.56235,69.66112414135617,6.8107742357624375,5.054382880550101,8.413567723800522,12.65763391548368,9168.093683028399,9128.389316971601
BTC,2020-05-23,9245.25,9307.85,9070.0,9206.33,27241.617669,9186.558,9170.649,9155.25405,70.82023127800207,10.683784808912606,8.96862964559703,8.526456307150156,40.768311032308326,9217.454932274954,9155.661067725048
BTC,2020-05-24,9193.06,9298.0,9000.0,9063.81,29898.392776,9067.327000000001,9058.7888,9127.975199999999,49.34889863650093,0.5015187992594292,1.2784829546496528,11.859934712219518,13.53074740232692,9081.294415080845,9053.359584919157
BTC,2020-05-25,8793.5,8881.24,8668.29,8801.63,34953.79552,8813.979500000001,8815.9754,8770.32755,41.943495394864556,-5.228249050613158,-2.7034353005442826,10.179770685076766,22.74151267402778,8836.716021699554,8791.242978300448
BTC,2020-05-26,8887.1,9017.67,8785.03,8818.47,33936.536384,8843.397500000001,8829.4914,8840.7375,37.09196565097172,-0.7459247471306298,3.3601079522663078,11.0373289673499,22.995706970864173,8863.871101416766,8822.923898583236
BTC,2020-05-27,8859.83,9190.0,8811.73,9147.84,42960.673494,9144.3815,9140.1836,9147.149949999999,54.313567735447855,2.093086203265557,1.7870367320053184,7.569539852982404,8.598257217766522,9153.121585295574,9135.641414704425
BTC,2020-05-28,9242.35,9498.21,9110.0,9443.78,38963.730196,9455.9405,9444.7356,9366.167,46.62912935009734,-4.059147028478037,-0.6427742856050026,12.8586413649236,27.06802114897143,9489.462184608337,9422.418815391664
BTC,2020-05-29,9477.42,9593.69,9335.0,9430.19,36070.471092,9444.392,9446.204399999999,9422.6977,39.26889907046237,-3.3463157468286227,-1.83886932973188,8.203122563552341,14.484677904211376,9458.051126765258,9430.732873234741
BTC,2020-05-30,9362.27,9600.0,9331.23,9570.0,29557.3874,9552.5535,9553.389000000001,9542.2809,65.2581429468881,4.164207038498716,2.527302240021157,6.944201827189003,23.089032718137403,9570.78999886927,9534.31700113073
BTC,2020-05-31,9667.52,9672.4,9500.0,9545.39,26748.771715,9537.717499999999,9544.036,9570.3978,52.72649473870112,0.7153068439038179,-1.015283224781468,9.346759299716753,14.587779212198193,9556.039044557645,9519.395955442353
BTC,2020-06-01,9470.6,9619.0,9468.0,9573.95,24495.560613,9565.4855,9561.5158,9549.395849999999,58.76412053707976,2.911171276735331,1.8647510400432652,7.596572313506697,14.916876865767408,9578.360728114163,9552.610271885838
BTC,2020-06-02,10097.56,10190.0,10041.59,10155.39,40892.848725,10153.889500000001,10162.2306,10137.423149999999,49.08916173915392,-2.897662840277917,-3.9974527993769726,6.838130768044064,12.759024736873297,10165.533833343468,10142.245166656534
BTC,2020-06-03,9506.05,9646.43,9365.21,9542.57,28222.449335,9551.791000000001,9561.9064,9587.28885,40.36086753266002,-4.615833229088821,-4.312923784180535,9.150751231843827,23.89778695455925,9564.060508384566,9539.521491615436
BTC,2020-06-04,9642.53,9793.36,9450.0,9743.78,33508.137396,9745.183,9749.527399999999,9670.862050000002,49.32476657000036,-3.386245523701291,-2.7089172415741585,9.659458029729068,15.21199479441252,9762.442960719018,9727.923039280984
BTC,2020-06-05,9822.71,9854.75,9581.0,9706.39,32722.015975000002,9704.653999999999,9707.1456,9690.9453,52.017543383789416,-0.4603227788120421,-0.4858306018080598,8.713112598950824,17.334408042204032,9714.327829439626,9694.980170560371
BTC,2020-06-06,9596.33,9735.0,9551.0,9658.29,17703.913347,9656.3515,9657.445399999999,9671.811450000001,52.46079499303465,-0.7060680648664857,-0.9661549382875892,3.602788719918579,12.388655858697916,9661.244753621302,9651.4582463787
BTC,2020-06-07,9653.13,9717.0,9372.46,9478.27,29196.807272000002,9483.51,9469.4376,9525.1268,50.45358609036322,0.8101627985888626,2.8821448553945115,10.5409342604419,19.26093930406621,9498.047163410332,9468.972836589668
BTC,2020-06-08,9741.82,9800.0,9633.0,9692.45,24686.975506,9692.071,9687.8388,9718.7641,50.1777684835228,1.6915900750445871,1.7221474056677217,7.501801104964409,17.58453743004975,9706.37608706672,9677.76591293328
BTC,2020-06-09,9698.35,9748.95,9624.53,9705.8,20381.698384,9694.969000000001,9698.048,9705.91235,60.71016596011941,2.763135773142494,0.9155717897697776,5.467558652288979,26.045976262571784,9710.05792295688,9679.880077043123
BTC,2020-06-10,9795.57,9810.0,9706.04,9740.67,17217.169879,9741.001,9747.321000000002,9750.0851,44.08278944679123,-1.577836627533543,-2.2331288984724065,4.660278058892183,13.719469980105716,9745.731361085485,9736.270638914515
BTC,2020-06-11,9883.07,9964.0,9587.14,9628.79,40071.86402,9652.857500000002,9646.6312,9717.47125,34.04078209630917,-5.629351332894657,-1.5723256554765606,9.86326481019629,20.421720693721834,9680.43164359499,9625.283356405014
BTC,2020-06-12,9323.65,9557.12,9305.61,9471.74,30115.109018,9489.25,9505.3156,9482.004,35.98858289023633,-9.411514060333502,-7.229364877653896,9.749158615030474,38.700520649896184,9513.378844978366,9465.121155021634
BTC,2020-06-13,9435.46,9470.0,9362.08,9433.31,16059.85884,9436.692500000001,9437.428399999999,9423.53885,45.12178070953089,-1.5421519690680725,-0.5270328577126673,5.022769228704474,19.038652027661943,9444.092953702464,9429.292046297538
BTC,2020-06-14,9444.46,9461.35,9373.0,9379.99,12446.044334,9385.5345,9399.8052,9410.5946,35.84533503703111,-4.571503721046611,-4.520341344747855,4.696636679168898,37.87591935593055,9392.382435381674,9378.686564618325
BTC,2020-06-15,9297.51,9326.31,8910.45,9202.1,54054.335328,9205.1785,9196.1566,9132.14475,49.90357257591724,2.6774064763358183,3.7373749434465875,10.730143880300286,21.880352514220508,9220.045288859996,9190.311711140004
BTC,2020-06-16,9420.05,9589.0,9383.49,9494.88,33930.942043,9507.733499999998,9523.1494,9521.34815,31.84080179499181,-7.135583877723548,-6.037449314275856,7.951612101311087,39.71707341417261,9521.333593050958,9494.133406949039
BTC,2020-06-17,9488.12,9565.0,9366.09,9405.17,23749.333882,9410.5515,9433.3032,9478.75495,44.26809602744617,-11.576244749694524,-12.415398367701435,14.63515812211243,46.81315392220176,9441.668984650862,9379.434015349138
BTC,2020-06-18,9445.4,9489.0,9380.0,9414.23,18576.978515,9409.641,9405.8846,9420.8037,58.323744701753924,2.2295928116873256,1.7715174660056077,4.911705504385642,12.798639539083394,9416.338064731459,9402.94393526854
BTC,2020-06-19,9358.0,9438.3,9215.79,9376.31,27800.949992,9386.2455,9386.3136,9388.832199999999,36.348165893699715,-3.329365980816874,-2.1067785566380266,4.713651153761703,27.97295447736593,9403.41886947122,9369.072130528783
BTC,2020-06-20,9319.67,9380.0,9170.95,9289.45,17469.977702,9288.1835,9289.3086,9300.74855,52.21815518232701,-0.251888807531941,-0.5005193667319465,3.383219716209533,16.32888369240225,9290.765106283103,9285.601893716896
BTC,2020-06-21,9363.89,9422.0,9321.71,9344.3,13102.010426,9345.4825,9348.952,9349.26775,46.39755719850124,-1.8806355809938395,-1.9182365688585392,3.255324615852376,16.213292838882445,9353.068779391086,9337.896220608915
BTC,2020-06-22,9338.17,9509.73,9332.78,9462.0,27022.762594,9468.026,9469.2954,9466.0829,41.76153205837959,-2.4398280623245228,-1.8454998754381942,5.3509013745140095,15.26819514827773,9477.5066484999,9458.545351500099
BTC,2020-06-23,9656.76,9668.0,9577.03,9653.77,24340.377412,9656.802,9646.3482,9635.0517,51.63507324281103,0.8434276161897287,2.3361785895983376,7.134688684267545,28.885039379079945,9667.501801119888,9646.102198880111
BTC,2020-06-24,9623.28,9670.0,9280.0,9316.22,36817.515502,9339.6125,9353.481,9375.605300000001,26.67919265247148,-10.4643270554443,-8.312980462625868,10.222970713159073,40.93418069000333,9365.02187297564,9314.203127024359
BTC,2020-06-25,9285.01,9332.94,9009.69,9261.74,39013.145643,9253.409499999998,9230.069,9228.19745,61.688544939309594,7.277339854328602,8.097843505109976,7.236467534746541,33.419501210695046,9272.468291645042,9234.350708354954
BTC,2020-06-26,9280.1,9284.0,9045.45,9071.57,30998.502006,9081.039999999999,9121.3328,9177.21045,35.90973228483162,-10.950349995497163,-12.74886832232492,14.676337704968653,31.498365895524746,9102.225421402274,9059.854578597724
BTC,2020-06-27,9124.52,9196.24,9118.15,9159.98,13899.827539,9156.110499999999,9153.3212,9158.22345,55.87261250974486,2.6160513477097993,2.2139581221683993,3.8580607538115395,25.67977558095008,9166.080686507667,9146.140313492331
BTC,2020-06-28,8966.68,9191.0,8948.06,9159.01,22161.502236,9154.2125,9148.096800000001,9150.9841,62.53055930518965,2.791872381538269,2.7511646815423116,4.252699019066741,27.7880722672476,9161.69738310035,9146.727616899649
BTC,2020-06-29,9127.17,9148.61,9024.67,9081.82,22918.53721,9066.843499999999,9059.624,9077.89055,65.81472071113954,2.6504699235028966,1.9908795737276708,6.852402529990297,28.681009970912882,9076.653179454586,9057.033820545412
BTC,2020-06-30,9167.07,9205.0,9064.89,9164.9,19547.352746,9153.7485,9144.6232,9134.3638,64.4188831435467,6.486849500648532,5.480273213867675,5.5655051689693895,28.0391247617288,9172.187653207084,9135.309346792916
BTC,2020-07-01,9111.81,9254.0,9101.0,9230.65,21075.318627,9230.574,9223.732,9173.90915,52.01037923894648,3.242419373971643,4.313932840290679,6.586414896425883,31.554109751528692,9244.84196888155,9216.30603111845
BTC,2020-07-02,9234.01,9261.96,9166.6,9228.32,19632.144061,9227.052,9236.7572,9219.7558,47.31186418200444,-2.4313825697117863,-3.475763075269403,4.365080534869133,29.764046218777562,9234.210652386824,9219.893347613175
BTC,2020-07-03,9094.25,9125.0,9038.7,9082.0,16938.774055,9087.444500000001,9092.4518,9096.21725,40.09221844647492,-3.4120573430100194,-2.6824580223971606,4.302758456735073,27.442691565576677,9097.853020500126,9077.035979499877
BTC,2020-07-04,9066.87,9099.0,9040.04,9075.02,12765.556769,9072.349,9075.1362,9069.08485,57.72619287348565,-0.09715219439931388,-0.5556991665060728,2.5234226664121877,11.777182782737997,9075.279835375895,9069.418164624105
BTC,2020-07-05,9131.24,9132.67,8980.0,9022.48,18739.709654,9023.3685,9021.7608,9029.03445,51.10983502158969,-0.2421797402912489,-0.2435828997775751,3.2806090179450225,11.80637999992983,9031.328689131708,9015.408310868293
BTC,2020-07-06,9081.57,9278.0,9071.22,9244.85,32172.247276,9237.229,9240.7924,9232.8119,59.86658838102093,1.4232129054271354,-0.1415806824037915,4.137447173127905,26.469754243459327,9246.24293565444,9228.215064345559
BTC,2020-07-07,9309.56,9330.58,9220.04,9270.55,19629.165797,9274.8135,9268.1008,9263.176150000001,45.86452211350037,1.3522483178858238,2.3781304837384276,4.001593769765312,22.68322705629254,9279.685350879836,9269.941649120165
BTC,2020-07-08,9271.38,9470.0,9238.0,9429.96,34572.468444,9424.0275,9429.387200000001,9334.76045,55.242802348077795,0.17008430863643298,0.14416694182597253,9.261370444093219,20.082987490762626,9436.613196446431,9411.44180355357
BTC,2020-07-09,9394.64,9432.92,9326.0,9371.65,23094.549153,9366.718,9375.854599999999,9394.32385,49.362839439848976,0.9784979328196641,-0.5241935106623026,6.899379702109795,28.616606206166047,9388.000935511749,9345.435064488252
BTC,2020-07-10,9221.0,9233.01,9125.0,9184.26,23109.971458,9182.0065,9177.781599999998,9180.999749999999,54.67156582318007,2.4910153086475475,2.2802875482106395,3.9757035137984857,15.758403794925089,9191.381682718787,9172.631317281212
BTC,2020-07-11,9268.0,9291.06,9178.25,9222.82,13858.66048,9216.824499999999,9218.165,9214.6802,63.998701519773775,1.6474240005554748,0.9206468136920902,3.04041090562702,17.28569826807949,9225.67545356441,9207.973546435587
BTC,2020-07-12,9251.06,9345.0,9182.0,9219.88,18270.377063,9215.2045,9212.5884,9243.38205,54.07172470614668,2.1524150361237844,1.5260086332199292,5.876896632070777,18.296114826091696,9225.442211609672,9204.966788390328
BTC,2020-07-13,9281.05,9343.82,9244.55,9318.51,22818.178299,9321.9135,9320.3334,9309.16035,44.58887893914038,0.5828299365985004,1.3425044109678994,3.624679805507832,15.542065180624927,9331.112511414245,9312.714488585756
BTC,2020-07-14,9235.73,9246.72,9113.0,9213.35,27434.728102,9203.214,9198.779,9210.421649999998,66.42328097478132,4.760850884626052,3.4092299581234995,4.468247172388908,30.10648691940449,9219.442046585884,9186.985953414116
BTC,2020-07-15,9256.66,9257.0,9188.0,9235.32,21289.151828,9234.886,9229.229800000001,9233.9536,55.897409111353575,1.5404327082414966,1.890246975140045,3.5171240449745316,22.081574695696563,9239.326767501116,9230.445232498885
BTC,2020-07-16,9219.49,9226.15,9047.25,9109.44,28454.629748,9086.708,9082.7842,9088.8915,79.68625598869603,6.223413031302698,3.822320046552278,4.108789062935795,32.969751772697045,9105.697467186052,9067.71853281395
BTC,2020-07-17,9128.58,9186.83,9089.81,9150.02,17870.297294,9149.1165,9154.8072,9151.759549999999,49.520258912123964,-2.3424302317016554,-2.9001344870156274,3.6484886649337676,31.62983341729655,9161.330428565334,9136.902571434666
BTC,2020-07-18,9149.24,9219.3,9121.1,9162.36,12732.811007,9157.415,9158.99,9164.9798,65.36200403802762,0.8725420282407867,-0.1666864802999787,2.319027286344085,20.231961676300735,9163.064904424045,9151.765095575956
BTC,2020-07-19,9174.74,9176.62,9101.35,9128.78,12542.476181,9131.269,9128.2362,9126.7453,44.85293884835085,0.1661163142434816,0.7590575490039061,2.123369609842105,17.304064513749797,9134.841063268866,9127.696936731134
BTC,2020-07-20,9187.99,9194.31,9131.0,9176.0,19069.825223,9171.4215,9161.556999999999,9157.91295,62.60252560959396,3.5372313657280756,3.6636522308488564,3.1557769866794168,36.39239277812522,9178.47270493245,9164.37029506755
BTC,2020-07-21,9182.65,9437.73,9164.36,9386.96,42134.085595,9382.73,9396.0044,9377.68945,49.51195745209943,-3.9568603013958636,-5.459134041468006,5.229608286101276,27.45144907835462,9393.245099618913,9372.214900381086
BTC,2020-07-22,9363.28,9386.99,9261.0,9322.98,22544.845313,9321.188,9325.7374,9331.57765,51.655336553914715,-1.4371930942543258,-2.2454543500509714,2.834905200339114,41.33103523006959,9329.718441020981,9312.657558979019
BTC,2020-07-23,9505.42,9585.0,9440.33,9484.89,26533.503417,9491.7775,9492.1248,9495.53775,47.12398440243649,-2.0037120293072803,-0.539080347952004,15.800384611253198,29.57386419349753,9543.560812707869,9439.994187292132
BTC,2020-07-24,9584.08,9592.61,9463.44,9520.14,24895.77526,9521.5355,9516.103,9523.748599999999,50.86460373132904,0.4038388748449506,0.9230759811162064,2.986068142615928,15.766086355311625,9526.327724849454,9516.743275150546
BTC,2020-07-25,9542.11,9624.13,9513.0,9587.34,19591.424889,9584.99,9579.7784,9585.9476,57.660153446621734,2.568915335878046,2.675364655479033,2.9995029583605106,16.311083623994694,9592.78805873252,9577.19194126748
BTC,2020-07-26,9672.55,10111.0,9650.0,9915.99,46108.284971,9915.023,9902.7876,9919.890749999999,56.04001141285036,3.278241279123904,4.062929620622639,3.9188691280788546,39.26300759032411,9924.369578198146,9905.676421801852
BTC,2020-07-27,10029.26,10389.22,10000.0,10351.5,65768.86511,10336.869,10340.326,10290.56155,56.4716275307665,2.922620615163396,-0.2540840127057372,13.306916744440832,15.990551365823487,10367.916440408726,10305.821559591275
BTC,2020-07-28,11218.95,11221.52,10565.0,11144.95,64086.420582,11133.169,11065.145399999998,10992.760999999999,58.66481335843952,22.032917323116635,23.56514179891076,25.33474452943834,28.946060505041746,11179.139076746389,11087.19892325361
BTC,2020-07-29,10852.89,11149.66,10812.0,11132.21,38469.791881,11113.4795,11102.758800000001,11091.7134,64.34178217755284,6.941624571805733,5.711633049719255,8.855837369915267,20.887405074101338,11140.028127440482,11086.930872559517
BTC,2020-07-30,11086.04,11095.0,10831.0,10970.42,34567.265392,10979.519,10993.078199999998,10966.897050000001,41.51569236051723,-6.809181677459492,-5.949754800162271,9.998850285294195,29.537579662994208,10999.37430448068,10959.66369551932
BTC,2020-07-31,11035.21,11245.0,10960.0,11196.68,32109.222281,11177.0625,11166.4326,11178.1015,64.26432218842895,8.268037103041934,6.069674726826797,8.501456887201208,17.460441320056855,11204.55412772556,11149.57087227444
BTC,2020-08-01,11284.17,11745.0,11258.71,11560.67,49768.825566,11541.752,11543.8648,11607.8568,59.828003543902256,4.502661726050064,1.3824665823651383,11.45007640981383,19.83038431365849,11566.069011000778,11517.434988999223
BTC,2020-08-02,11828.87,12123.46,10518.5,11147.68,73598.74497100001,11123.9155,11105.2378,11092.9541,66.67578268950474,12.047139040820184,11.605179935221209,11.446330906701498,19.35909738928604,11167.9958926854,11079.835107314599
BTC,2020-08-03,11131.31,11342.42,11108.11,11301.32,27588.267866,11316.894,11301.332000000002,11248.0376,44.73954514175106,1.7795918801293737,6.4947439553895405,12.433552892544522,34.55131275451103,11344.37556720333,11289.412432796671
BTC,2020-08-04,11365.07,11375.97,11000.0,11164.74,35294.020056,11147.9535,11146.6506,11144.9877,60.722348285785166,6.6138149461021385,4.168377629139922,9.65863626741182,19.402517448711606,11174.44025085774,11121.466749142259
BTC,2020-08-05,11134.06,11644.65,11128.2,11623.58,42538.952084,11593.8065,11594.9878,11510.617,59.142937091840366,9.546005978321773,5.398151078207313,18.746767405566214,16.767183021251974,11643.192773913019,11544.420226086982
BTC,2020-08-06,11685.59,11878.26,11562.5,11859.4,34540.038941,11847.57,11849.006199999998,11772.5048,55.436436922294945,4.017098717669796,3.7830405319678913,12.34404566334377,19.784159684376544,11875.351367856303,11819.788632143696
BTC,2020-08-07,11828.23,11909.94,11458.0,11601.86,34023.355458,11600.542000000001,11656.4014,11722.0172,43.706711423201796,-10.829654857270725,-16.25218204859643,23.59172381219615,58.25715553873328,11628.997915798744,11572.086084201259
BTC,2020-08-08,11618.45,11808.27,11512.0,11740.6,22351.700212,11731.1625,11734.3226,11755.81275,55.5054689304238,1.2455113066607737,0.7930757063983657,7.806898978453145,16.290007364190057,11750.34865425239,11711.976345747611
BTC,2020-08-09,11721.41,11777.0,11550.0,11590.0,22506.635312,11603.8655,11604.388400000002,11646.2922,42.95058195822544,0.6050019434660499,1.0377601406300654,10.26551793219744,16.02400864040056,11619.770423106223,11587.960576893776
BTC,2020-08-10,11775.0,12067.35,11450.0,11923.66,58823.00723,11936.347,11915.869600000002,11836.0615,47.633890245578726,5.447678412734604,7.980207446948689,13.858733239798678,13.804792333577058,11955.848773355532,11916.845226644467
BTC,2020-08-11,11890.61,11935.0,11539.0,11587.6,44119.42272,11578.4535,11598.776800000001,11657.302349999998,52.020807566473096,-3.3349338070329395,-4.550608632531301,15.711743210267855,11.837083750799886,11604.070316565545,11552.836683434454
BTC,2020-08-12,11376.76,11576.19,11150.0,11559.1,40358.370507,11548.0125,11553.0496,11496.63395,56.028292708064185,3.4516701024604117,1.65170697474246,10.003472351099326,16.941847133201044,11567.75392738046,11528.271072619542
BTC,2020-08-13,11639.84,11640.0,11270.36,11539.0,39627.73176,11524.204,11509.320600000001,11502.865,60.51365727544197,12.211694385014198,10.832473403014388,12.215322245962634,30.19070407632125,11558.315167906665,11490.092832093334
BTC,2020-08-14,11760.78,11800.43,11634.03,11692.45,32133.747043,11685.6735,11687.580800000002,11711.79645,55.58844836640965,2.378268958262197,1.4115993281511106,8.560507948192019,25.064787925748345,11697.083871204093,11674.263128795908
BTC,2020-08-15,11916.15,11945.0,11680.0,11813.78,30168.960224,11814.434,11804.053,11809.811450000001,53.0002401166858,3.046985753773697,4.709619651940982,7.359358416087371,13.96000487943013,11826.423469379797,11802.444530620201
BTC,2020-08-16,11865.01,11931.72,11686.0,11803.63,24834.440610999998,11804.1075,11816.1742,11780.91905,44.322742943346405,-2.4266860598272615,-3.1525639776899803,6.088184835483833,26.155870520011078,11813.617645898112,11794.597354101888
BTC,2020-08-17,11800.43,12197.99,11769.78,12155.2,42497.630284,12142.038499999999,12143.411800000002,11976.9718,54.00849352905179,1.2332355321141222,1.5912613361221948,19.35452916219325,15.317168750560107,12182.812190181709,12101.264809818289
BTC,2020-08-18,12357.61,12387.77,11817.93,11913.14,46485.123657,11946.247,12050.2588,12175.22805,42.626928276142245,-42.75692951826204,-49.806653409919164,49.33869914541316,60.24200486305417,12075.904521663715,11816.589478336284
BTC,2020-08-19,12004.97,12004.97,11612.71,11867.29,44965.574281,11863.8875,11854.398399999998,11844.57925,56.620483936638294,3.753933226744266,3.865229194115771,6.879616012446342,18.058449885902558,11875.227827815015,11852.547172184986
BTC,2020-08-20,11787.32,11844.88,11668.0,11811.25,25105.891149,11819.355,11811.625999999998,11791.999650000002,45.585824463599934,0.7362501987263386,2.529996246317734,5.252262062838575,15.822891070716576,11831.969080227895,11806.740919772104
BTC,2020-08-21,11826.96,11872.63,11626.0,11723.7,33778.684599,11719.932499999999,11711.061599999999,11717.0777,55.001548058211654,0.2791265242794907,0.6832452897844831,9.665337401095815,17.916986810204545,11737.198840522444,11702.666159477554
BTC,2020-08-22,11444.03,11640.0,11411.87,11590.41,23525.305695,11582.943,11585.2656,11577.392799999998,57.30542128427379,3.2874185641467193,1.990453507948995,3.9394156707564107,20.475098794039248,11600.514955042645,11565.371044957354
BTC,2020-08-23,11632.41,11669.89,11514.13,11602.93,19449.989297,11605.3515,11600.5202,11569.1746,49.204168652829225,-1.4164226868797414,-0.5566268006962776,6.671164550061442,10.360572208700377,11619.512843545483,11591.190156454519
BTC,2020-08-24,11607.49,11824.9,11604.25,11765.47,28525.956165,11777.0475,11769.2398,11786.75695,46.43329649592259,-3.468138175237982,-0.7282056322056707,8.971384367534549,27.592477961381608,11805.779773752542,11748.31522624746
BTC,2020-08-25,11739.96,11767.85,11328.03,11419.51,36432.631732,11405.403499999999,11406.205,11501.501400000001,55.57557820008396,6.028081692520573,3.3084841169131005,14.808087445222357,19.280979216012668,11434.260832014394,11376.546167985603
BTC,2020-08-26,11311.4,11500.0,11244.0,11483.46,32695.810408,11462.858,11437.6648,11370.7411,63.815803499443696,10.135088690958582,10.36931196711125,13.693339712488154,34.11431937693653,11481.359688139502,11444.356311860498
BTC,2020-08-27,11448.93,11592.2,11256.06,11324.04,38163.351543,11318.935,11339.7158,11363.70365,49.34373341382518,-2.7447894493161584,-6.247347549762882,19.083062284475,19.309353108493127,11344.623699071804,11293.246300928195
BTC,2020-08-28,11352.86,11483.0,11338.58,11414.7,26441.75052,11434.915,11444.383999999998,11446.958200000001,23.68606967437801,-6.604703757173411,-4.393071406209967,5.53403805658945,27.8759557334762,11450.653935795885,11419.176064204117
BTC,2020-08-29,11482.05,11580.02,11417.04,11472.73,18240.744728,11459.68,11451.4314,11460.2323,60.80435721302019,7.085373676774907,5.7398046719416564,6.554324423155775,32.688422113490184,11486.13978382362,11433.22021617638
BTC,2020-08-30,11515.59,11665.11,11513.11,11612.01,23757.522474,11614.047999999999,11616.2612,11607.187150000002,45.70970947511756,0.19922055529241334,0.19207652293711514,3.3137038349527024,16.407296427669248,11621.300082732636,11606.795917267362
BTC,2020-08-31,11694.38,11800.77,11570.0,11717.66,32930.658888,11700.721000000001,11705.291200000001,11701.536949999998,58.706586228216516,0.7580735509382066,-0.7369131879392867,8.45872041802438,26.093707748419618,11714.77737350118,11686.664626498823
BTC,2020-09-01,11601.13,11950.0,11591.0,11864.94,43106.889109,11847.155,11846.488199999998,11871.826599999999,62.478093743420914,4.6531699700117315,1.4514896749597497,9.063706311155544,22.4204872907637,11867.10994775686,11827.20005224314
BTC,2020-09-02,11888.34,11925.32,11160.1,11307.11,57382.478606,11335.7555,11339.283000000001,11385.29765,33.58583933851728,-11.075479726920094,-7.228965713161583,11.621768165999619,24.820729054027236,11374.541363132505,11296.969636867494
BTC,2020-09-03,11394.19,11462.6,10645.0,10849.41,63104.469615,10854.742999999999,10881.708,10954.9023,44.161822225835316,-8.182112617738312,-7.358124360529646,13.578173178050358,16.993608863007545,10874.075759860161,10835.410240139836
BTC,2020-09-04,10311.91,10528.97,10093.1,10222.0,48129.711348,10291.6675,10338.703,10408.217349999999,31.581924465886345,-31.439498872785407,-25.63205399627613,33.228547856192286,37.56601681148165,10370.602804364005,10212.732195635994
BTC,2020-09-05,10443.26,10516.76,9975.0,10281.67,44131.265777,10254.949499999999,10270.2696,10184.6407,58.010240793398964,3.8952920664396515,1.1415052606680445,17.10167898245496,16.555761208787125,10290.327216984888,10219.57178301511
BTC,2020-09-06,10189.13,10300.0,9994.86,10192.51,34362.289538,10199.786499999998,10221.2946,10237.4631,39.79662043560955,-6.8364040575525,-7.087481224177547,9.248055033492887,23.37332554521433,10211.063085076043,10188.509914923954
BTC,2020-09-07,10263.81,10285.06,9875.0,10058.5,38712.085794,10062.6765,10066.181199999999,10015.198999999999,47.917502617076856,-1.2704446816114796,-0.16178340647822614,12.29077952994966,9.721287739185822,10078.097543123698,10047.2554568763
BTC,2020-09-08,10362.44,10370.44,9920.32,10131.78,42367.765539,10109.0885,10055.0498,10001.7104,65.65991495557995,19.064689559781982,21.639677411481788,20.11149128528558,50.19142463476628,10147.86524214036,10070.31175785964
BTC,2020-09-09,10098.0,10274.59,9981.01,10227.04,26575.302074,10241.0955,10226.1426,10218.9444,45.03466419383637,1.5662143569898035,4.76157755944705,9.77479871007466,19.342795885415182,10259.123142636074,10223.067857363925
BTC,2020-09-10,10290.89,10483.35,10230.31,10425.82,33480.267151,10430.819500000001,10438.594799999999,10362.224800000002,45.40396933922301,-2.5794401393304724,-1.8872407517315928,11.478112682544436,14.089715361250386,10445.354622256604,10416.2843777434
BTC,2020-09-11,10324.31,10343.65,10200.0,10271.7,26671.983625,10280.2295,10275.565200000001,10277.0658,44.19251976233738,0.2943943509599194,1.4502528994908463,7.2562266494449865,16.629432807762306,10290.493507939924,10269.965492060075
BTC,2020-09-12,10364.67,10380.89,10269.25,10342.49,17845.346014,10334.906500000001,10312.7588,10318.9906,62.60980526841614,7.789309455620241,7.659715020785748,6.34413981853859,49.48300877617245,10345.975204124374,10323.837795875628
BTC,2020-09-13,10426.92,10580.11,10258.0,10312.24,27191.0809,10315.449499999999,10315.525,10334.0877,45.52743300430378,-0.15757239050981298,-0.4541325696777847,5.633530569382942,15.84072774508206,10324.671756720265,10306.227243279733
BTC,2020-09-14,10296.95,10688.0,10212.34,10605.99,41105.077286,10624.296,10639.275,10537.76765,39.8618257996107,-10.123712566768518,-7.850706423097762,12.692679142338822,22.713955422855772,10653.677273218786,10594.914726781215
BTC,2020-09-15,10659.5,10930.04,10606.48,10861.78,37257.840493,10855.4065,10844.605800000001,10863.293700000002,54.639501935009186,7.964403782014415,7.016442419000446,9.32386147844744,19.25405792821836,10886.32849623232,10824.484503767679
BTC,2020-09-16,10699.54,10955.0,10670.36,10877.65,33272.341809,10885.0235,10902.0466,10901.17885,42.78705229329342,-10.768283930816324,-10.472240588687537,9.175633492122499,32.27951450817082,10918.259577550658,10851.78742244934
BTC,2020-09-17,11006.58,11026.81,10745.83,10833.44,33338.717187,10825.280999999999,10824.5332,10826.049749999998,58.099977490675755,2.73080476504947,1.8129699506832297,7.1042449255373565,17.628675363916845,10838.630029777709,10811.93197022229
BTC,2020-09-18,10900.28,11038.03,10870.01,10945.18,25198.73785,10936.7035,10933.023000000001,10967.359749999998,58.00620867591059,0.8147996945499472,-0.26311652696290383,6.662235356692772,15.511156180256522,10947.421356642046,10925.985643357953
BTC,2020-09-19,10942.84,11179.79,10887.37,11072.37,23640.375548,11075.3585,11087.621799999999,11080.982,37.561081135329005,-4.109985245464486,-4.686087095936954,3.5102385192767667,26.727078926893526,11081.157673303429,11069.559326696572
BTC,2020-09-20,10989.01,10995.31,10775.0,10839.3,20399.379605,10841.281500000001,10851.041200000001,10882.538250000001,44.35003664024459,-2.5850551687581174,-2.8150200945759996,5.716683979279612,14.045414339470238,10850.634607024444,10831.928392975558
BTC,2020-09-21,10948.35,10988.86,10361.29,10387.96,43302.541006,10483.656500000001,10545.7948,10582.01625,15.781946479655998,-42.98899035137765,-34.04661887717569,24.11134141965752,66.85376693848872,10588.124775045491,10379.18822495451
BTC,2020-09-22,10420.57,10520.0,10360.0,10480.74,25110.319477,10490.206,10481.8346,10477.517,42.2016289439099,-0.04639354025493958,1.792107068307983,8.061439440431991,15.916417484586244,10502.649461576046,10477.762538423955
BTC,2020-09-23,10514.23,10537.15,10380.47,10475.69,24332.911755,10473.092499999999,10482.508,10492.93885,50.02106719020191,-2.250327972447849,-3.1274817212115713,6.240219506989517,26.216327519176808,10482.6687599699,10463.516240030098
BTC,2020-09-24,10299.89,10440.0,10271.0,10371.36,25874.386323,10387.522,10391.3864,10389.16755,35.723933451290506,-5.6917047187562275,-3.605272543521547,8.301474056770727,28.23616769475764,10407.004410118563,10368.039589881439
BTC,2020-09-25,10726.53,10730.82,10556.24,10626.96,29073.257058,10612.772,10603.1034,10619.8344,61.305247398064154,6.572484205084038,5.530478971640971,11.069072348640228,17.297917060323215,10630.781547023611,10594.76245297639
BTC,2020-09-26,10676.34,10820.94,10661.7,10718.58,17651.442398,10720.4435,10704.4328,10694.526100000001,55.2375300236158,2.6589850489981472,4.40778687826426,4.802066451149674,24.274446992995564,10727.953312979816,10712.933687020182
BTC,2020-09-27,10787.08,10794.99,10594.82,10672.52,16531.410406,10665.950499999999,10669.523000000001,10659.8498,54.98618131206557,1.4160838639527356,-0.08957012633989458,4.760178748736518,16.67469346350544,10677.042739583012,10654.858260416986
BTC,2020-09-28,10926.44,10947.84,10830.0,10885.38,27186.778264,10902.6625,10894.149,10895.2458,37.00472438593634,-3.377812291817463,-0.20490527726452812,6.5749475241179836,20.73988102047031,10921.810246472976,10883.514753527024
BTC,2020-09-29,10689.39,10797.0,10660.85,10752.17,21661.350007,10774.641,10768.1948,10758.4506,29.77980196487482,-4.3482657232561905,-0.39421715457095813,5.4505861811401894,43.4066903761415,10798.05728655419,10751.224713445808
BTC,2020-09-30,10811.27,10827.56,10665.13,10748.99,22657.110452,10744.321,10744.8778,10726.8828,57.68376979647406,-0.323894226226912,-0.577924690928275,4.450687120794687,10.673358660353344,10748.906254190022,10739.735745809978
BTC,2020-10-01,10802.89,10920.0,10789.01,10858.54,25090.695605,10850.725999999999,10849.778999999999,10871.37985,59.126209964261236,2.059959065170915,0.6822904578010616,4.939796570001312,20.662225399956426,10863.59090326446,10837.861096735538
BTC,2020-10-02,10618.36,10664.64,10374.0,10513.51,34392.249863,10525.2155,10531.871799999999,10485.980050000002,41.57781311617112,-3.5552299255377875,-2.2770211687644757,9.631826708159497,12.508049246288763,10542.694142367527,10507.736857632473
BTC,2020-10-03,10542.88,10564.0,10496.46,10532.0,12045.258407,10536.2195,10533.4522,10534.694150000001,41.20428622172119,-0.29709002718664124,0.5994814039093573,2.078301504700199,13.830942880645077,10542.24759248441,10530.19140751559
BTC,2020-10-04,10530.88,10637.35,10517.99,10609.07,12180.134796,10599.9445,10603.3582,10598.58875,67.22132827594352,1.19178252778147,-0.30783495453829973,2.178888398767856,20.19425340289569,10607.778555080777,10592.110444919223
BTC,2020-10-05,10701.46,10777.37,10615.64,10732.5,19616.274779,10735.338500000002,10730.4672,10698.9559,47.97387119838103,2.8283568790338904,3.10754729014191,6.3287247797023305,26.834906823254965,10746.561330793285,10724.115669206718
BTC,2020-10-06,10764.08,10792.59,10650.46,10675.0,23632.910063,10688.3695,10687.9526,10699.31765,36.02120734462858,-5.16676707284023,-2.9057654462955917,5.08330394652579,29.267873529533727,10707.425124339994,10669.313875660007
BTC,2020-10-07,10580.29,10639.0,10546.17,10614.24,20058.002071,10615.346000000001,10611.278799999998,10612.78265,49.862308996887144,1.4837968876727246,1.5958287586582918,3.815395823901579,16.888420342928228,10621.186967043212,10609.505032956791
BTC,2020-10-08,10638.87,10888.0,10530.41,10848.84,27298.526353,10761.6165,10738.526399999999,10669.8499,83.62407036630493,27.88328969671238,15.414193632023899,17.15586451827119,33.70468697896411,10845.281946219167,10677.951053780833
BTC,2020-10-09,10884.68,11104.64,10829.0,11059.67,30313.436469,11057.682499999999,11066.8606,11061.2258,50.797520896208454,-4.202283370246732,-5.101630371901272,6.1882545368455615,35.61810740321886,11078.365970575003,11036.999029424995
BTC,2020-10-10,11067.08,11491.0,11065.62,11348.1,30123.058885,11333.8275,11340.537000000002,11324.7274,62.47392372790283,1.031251187552698,-1.2469711790424607,5.780146791847395,18.577006754368888,11347.80615354685,11319.84884645315
BTC,2020-10-11,11316.02,11410.0,11301.0,11395.0,14035.334969,11386.051000000001,11381.768399999999,11370.6505,58.556303503032474,2.329669981792904,1.3721977104356722,5.831557649922468,18.481304179293122,11397.912598374105,11374.189401625898
BTC,2020-10-12,11359.92,11528.87,11172.0,11450.0,29789.16305,11475.031,11479.864399999999,11335.82935,35.99521023801213,-3.711932928450551,-0.0560677146423566,10.023141015108742,19.173631642765532,11493.682585348135,11456.379414651867
BTC,2020-10-13,11470.37,11557.0,11300.0,11381.09,26038.407418,11367.799500000001,11354.86,11434.363900000002,60.36730449773618,8.40915630856216,6.393902431799507,10.945840239468724,20.90643612888915,11390.552915105674,11345.046084894328
BTC,2020-10-14,11458.17,11547.98,11350.92,11389.55,23005.046041,11421.3545,11479.105,11424.185050000002,36.990272124122214,-29.972849453004528,-29.826133286266007,18.721879249959386,58.83842819679654,11517.964311401309,11324.74468859869
BTC,2020-10-15,11411.99,11422.93,11250.83,11370.16,24713.509976,11380.539,11387.361400000002,11361.22955,36.70911777246741,-4.701883488025487,-3.53768471070747,5.696593683794132,19.07578512102461,11396.372926739981,11364.70507326002
BTC,2020-10-16,11524.04,11541.15,11200.0,11328.42,35132.871278,11360.0705,11355.601999999999,11351.959299999999,25.68657089824113,-6.67674541067754,-2.0063905600671594,7.036054094253677,29.019034306001995,11391.885385493848,11328.255614506152
BTC,2020-10-17,11315.37,11379.92,11295.17,11297.99,11317.181675,11328.5495,11326.595800000001,11334.1476,24.13213716933517,-4.713068309933078,-1.4411250869467667,5.7683195452912175,19.710775121455438,11349.767233597246,11307.331766402753
BTC,2020-10-18,11375.29,11482.24,11364.51,11442.86,13450.161004,11448.8155,11444.291200000001,11429.31205,46.71323287684554,0.13382197284227004,1.6019192351044227,7.501109384054412,18.094259745206273,11468.813463371234,11428.817536628767
BTC,2020-10-19,11477.42,11681.87,11407.96,11646.84,23730.465109,11644.2755,11648.1782,11569.5956,52.36356514536954,-1.7188041203935427,-1.3769638989918245,9.60728621206424,19.873126046561516,11658.932059589644,11629.618940410355
BTC,2020-10-20,11725.22,11955.0,11677.59,11903.83,33096.637812,11924.1385,11913.6152,11857.89535,43.4310726548131,-1.05939339573888,2.988247778863315,13.138631373269707,20.327707933474247,11948.579316905303,11899.697683094695
BTC,2020-10-21,12005.12,12840.0,11949.62,12686.55,58036.097435,12712.2315,12554.231399999999,12396.195799999998,55.35525139911971,48.015401242702865,60.3915281524558,37.51581504426474,46.28842109247485,12824.330611374771,12600.132388625228
BTC,2020-10-22,12868.69,13024.52,12678.08,12882.29,35221.509151,12870.3355,12890.704399999999,12907.2474,52.892641438813406,-6.077074152392015,-9.059354392532482,11.192133894750478,28.033917962442285,12896.491584932119,12844.17941506788
BTC,2020-10-23,12921.09,13027.69,12851.11,12947.75,26226.133813,12945.594500000001,12948.508,12969.4251,50.139140180938874,0.1173433195308462,-0.6008749191055077,9.66709584017249,29.164359512320996,12959.683944950504,12931.505055049498
BTC,2020-10-24,12940.92,13090.0,12906.42,12990.75,18664.746189,12999.0335,13001.0622,12985.9401,48.048656283138,-7.818345443913131,-7.709381902539526,18.581879583248746,30.51036311525767,13075.993436661916,12922.073563338083
BTC,2020-10-25,13129.33,13350.0,12888.0,12996.0,27514.414368,12993.550500000001,12989.0156,12973.266000000001,54.11519286333242,1.5837887286779733,1.3021996901609056,5.202330122378439,12.517437998953197,13005.258670605699,12981.842329394303
BTC,2020-10-26,13090.02,13238.81,12930.0,13033.74,30633.385984,13093.7375,13128.2748,13157.967349999999,29.484962902516415,-23.075626775320416,-17.32887086816498,19.287108668779844,46.33901989817962,13151.673153228374,13035.801846771625
BTC,2020-10-27,13099.97,13497.0,13054.37,13477.25,41577.649325,13452.491,13429.075,13403.12865,61.82635253293356,11.648627950977243,10.551335492233985,15.462596715784976,21.625571342393155,13491.23106293323,13413.75093706677
BTC,2020-10-28,13763.23,13859.48,12888.0,13200.58,64985.94361,13161.4895,13122.826600000002,13171.4872,69.1889037764012,19.559637645359544,17.266224217037735,16.503863187070216,25.85505504069031,13215.716600411648,13107.262399588351
BTC,2020-10-29,13257.71,13481.56,12920.77,13419.23,43272.431629,13433.381,13429.325,13255.259750000001,45.95777154305274,-3.9428739332506666,-0.3097804262862253,15.371772939769993,19.460154670457726,13461.59786580688,13405.164134193119
BTC,2020-10-30,13547.43,13562.58,13115.0,13498.38,43701.188409,13462.7505,13427.351999999999,13335.2162,67.70752676648208,17.66530319164667,16.02079883186927,16.649894000133425,30.393522420010953,13501.5718397375,13423.9291602625
BTC,2020-10-31,13687.51,14100.0,13411.5,13808.68,49163.772169,13796.0875,13789.938800000002,13844.57555,58.22784735719897,7.226272908586907,5.374124636308685,11.609377581501285,23.956127805226874,13818.316925431296,13773.858074568703
BTC,2020-11-01,13761.7,13860.0,13603.0,13821.45,20327.638758,13830.5715,13819.53,13780.190700000001,47.415613428761176,-1.5592786302840977,1.24649212956505,11.05446575219481,20.05166943134359,13848.760539859679,13812.382460140321
BTC,2020-11-02,13695.14,13759.26,13195.05,13530.05,43953.236376,13488.704000000002,13480.139400000002,13404.500650000002,70.1808468614947,10.840176898924256,6.458475039673221,12.64213110245664,22.506596793040913,13524.080221618755,13453.327778381248
BTC,2020-11-03,13621.0,13798.0,13284.99,13747.66,45883.94282,13746.176000000001,13750.9912,13643.427249999999,49.998613314394724,0.3176032407209277,0.8733959010583485,12.867252509872058,12.171476928684683,13767.176688940548,13725.175311059455
BTC,2020-11-04,13838.13,13954.99,13525.0,13883.02,45041.579956,13897.628,13867.243199999999,13826.6737,49.04359463162884,4.493498575298872,9.338581568261757,16.095971898366166,22.54564457648381,13922.686874356585,13872.569125643417
BTC,2020-11-05,14211.1,14970.0,14143.16,14931.19,78118.391109,14917.502499999999,14907.9006,14872.466400000001,55.4788405414182,3.7160312584292114,2.3442189056177276,18.412339549616174,14.994158542241221,14949.327329218962,14885.677670781035
BTC,2020-11-06,15816.69,15836.85,15274.05,15484.51,74788.033976,15490.526500000002,15458.266599999999,15508.506000000001,50.934964451204614,10.502194927274104,10.871823831451415,20.599532770602234,13.230710835979291,15514.678715861248,15466.374284138756
BTC,2020-11-07,15636.69,15670.22,15170.0,15367.19,35250.163803,15308.8815,15300.0712,15424.306550000001,62.91025813841834,21.43330814521505,15.623382977607145,31.906713606363073,30.794806720950845,15418.524799708775,15199.238200291224
BTC,2020-11-08,15054.39,15443.0,14848.0,15341.01,31850.525653,15351.443,15359.2374,15253.195049999998,46.144481516851165,-9.186188504925667,-6.497452313241059,18.38515956497009,16.33568848557339,15388.652590753918,15314.23340924608
BTC,2020-11-09,15443.09,15840.0,14940.54,15092.0,68431.698484,15099.770499999999,15109.6404,15325.70575,48.91995869201699,-4.842857557880052,-4.914758737714883,40.37906106681641,16.323402829329947,15146.46477993817,15053.076220061828
BTC,2020-11-10,15378.08,15460.0,15072.46,15139.28,38505.678206,15143.558,15189.502199999999,15242.892149999998,43.60644291950787,-16.07966642438805,-19.472880372592858,26.071538190336792,28.605380849996266,15187.669458194132,15099.44654180587
BTC,2020-11-11,15424.9,15718.91,15322.02,15680.76,35755.172437,15657.016,15635.555,15624.086949999999,63.35667915837126,11.59341972650327,9.724106396841902,14.210175607562302,20.392548514575424,15682.220415804435,15631.811584195564
BTC,2020-11-12,15609.27,16160.89,15591.54,16064.99,59034.517881,16045.631,16016.2462,15947.6201,57.65879721492379,14.58195210298436,15.335299456752225,22.202493318416543,15.865541850669,16084.769981539537,16006.492018460462
BTC,2020-11-13,16427.87,16480.0,16066.09,16091.25,43646.00017,16106.38,16135.2576,16216.13895,40.235805961860954,-5.630477231225086,-7.548871836100452,19.483023774561175,30.771986625504688,16143.17667593549,16069.583324064508
BTC,2020-11-14,16185.87,16230.0,15750.0,15966.91,34836.54941,15979.835000000001,15995.4272,15947.217649999999,43.47359431775288,-9.38058209540759,-8.317866091197699,14.565312674885739,17.438624483395422,16008.103635268879,15951.566364731123
BTC,2020-11-15,16021.93,16180.0,15868.31,16015.69,23215.466531,16037.529,16048.8596,16038.95165,31.24236189206196,-8.271946073127765,-5.952804259548449,9.411152806108879,30.39199963448159,16056.974059938351,16018.08394006165
BTC,2020-11-16,16006.47,16469.0,15922.57,16437.48,40201.892781,16407.018,16400.1824,16353.0774,61.42498473907846,15.38242365226688,9.76831964752289,16.414927227541494,18.647815242108564,16464.867376695165,16349.168623304835
BTC,2020-11-17,16720.49,17255.0,16538.0,17218.29,54584.005721,17197.336499999998,17174.689400000003,17060.362899999996,57.752531835103916,17.987210811181285,17.89768778994197,25.12218065726145,26.450444681653263,17260.895564585007,17133.777435414988
BTC,2020-11-18,17699.49,18476.93,17214.45,17714.99,103714.826517,17559.173000000003,17609.365599999997,17893.8675,62.86938541065378,41.34814906297106,16.96039744044145,61.25499169554581,30.53746895924885,17823.288664140193,17295.057335859812
BTC,2020-11-19,18024.88,18179.8,17335.65,18020.27,58572.004423,18097.375500000002,18089.139,17915.78905,34.796652039161586,-9.377192770960391,-0.475603130512523,29.94619420199128,18.177295092945187,18163.039923692966,18031.711076307038
BTC,2020-11-20,17983.4,18730.0,17931.62,18681.98,55291.347424,18674.475499999997,18626.6398,18366.70695,56.11433361203776,17.91135739074889,21.48976859553564,31.63183088430605,12.454786659811596,18733.08189059594,18615.869109404055
BTC,2020-11-21,18942.84,18965.9,18308.58,18765.01,43550.572223,18784.05,18739.4998,18714.62205,50.02852404949807,9.890595215918438,13.797899629087999,22.885099224186874,20.392152455095292,18816.270382990497,18751.8296170095
BTC,2020-11-22,18493.58,18611.0,17610.86,18317.88,47233.351801,18247.679500000002,18233.068199999998,18177.0326,74.76709864218924,18.391705839243514,8.564886041627334,17.213116440717908,26.247896029502023,18313.74957476214,18181.609425237864
BTC,2020-11-23,18288.54,18766.0,18180.14,18372.18,48531.554434,18354.7025,18449.578,18533.2186,48.83734596163637,-25.638158902147552,-35.626763884400646,40.68107966767856,25.601470884927025,18435.203419963553,18274.201580036446
BTC,2020-11-24,18418.58,19418.97,18018.0,19308.36,74791.966753,19311.265000000003,19341.2376,19242.67085,48.26494657300124,-14.4508035722356,-13.760167512615345,26.952078604708372,18.13668658406964,19358.16444584135,19264.365554158656
BTC,2020-11-25,19065.79,19484.21,18625.0,19275.01,51161.38735,19271.3075,19254.14,19243.3895,52.43818690290601,11.170870648293203,12.414138996570893,20.84440601691964,23.77436703991785,19324.906474197058,19217.70852580294
BTC,2020-11-26,18671.28,18707.72,16334.0,17176.2,122521.941429,17160.038500000002,17025.2014,17124.7393,56.33677717971582,27.343990036431933,39.19485820300385,48.432314636998456,25.19300409228027,17208.70912288037,17111.367877119636
BTC,2020-11-27,17219.48,17340.49,16573.62,16601.25,49768.249641,16672.3715,16721.1934,16892.612250000002,35.23104879738928,-28.372476740347338,-21.301412783009496,42.56596627634703,38.16181168191827,16742.486575776875,16602.256424223127
BTC,2020-11-28,17071.11,17438.79,16865.56,17383.82,31194.203808,17363.030000000002,17364.488999999998,17267.15465,56.489010609820205,-0.7480777766213578,-2.5834296848006644,19.806907046570515,9.099635782568685,17388.685984092677,17337.374015907328
BTC,2020-11-29,17655.6,18250.0,17616.55,18094.2,33125.769124,18108.3385,18077.2022,18064.0969,48.16369854555052,3.0270239755991497,7.454683559187664,16.577273482201875,14.41159431300592,18135.439423434767,18081.237576565236
BTC,2020-11-30,18492.81,19863.16,18326.03,19398.99,75335.317579,19472.697,19461.608399999997,19372.419299999998,40.85762597675642,-26.238930060408165,-11.25561574528233,53.9477550757277,32.93583651057389,19583.86408273655,19361.52991726345
BTC,2020-12-01,19614.5,19888.0,18001.12,19256.94,89798.124884,19332.624499999998,19331.1032,18926.27085,40.77905527729227,-16.40274187977775,-3.6582797469266914,50.118276578012335,14.880699392417533,19424.69703455336,19240.551965446637
BTC,2020-12-02,18769.24,19342.0,18330.0,18793.67,49767.1664,18863.284,18893.656000000003,18999.1797,40.781703266687714,-23.31716613280878,-19.220380787545096,46.81698003834097,26.45871035952776,18957.178363707164,18769.389636292835
BTC,2020-12-03,19040.86,19450.0,18867.2,19386.55,38998.612001,19387.250999999997,19354.4954,19334.748550000004,53.631070883684544,12.22694640195914,13.118801469519504,15.987071565491672,32.765946070505194,19413.64463173254,19360.857368267454
BTC,2020-12-04,19346.05,19447.14,18686.38,19002.51,45956.765071,18976.0055,19012.7218,18990.206000000002,53.88364097321151,-6.040376629174716,-12.025995104974562,20.23131469240835,22.698491011678097,19009.177575287547,18942.83342471245
BTC,2020-12-05,18751.15,19177.0,18708.5,19083.21,25428.572643,19075.945,19092.975,19032.11575,50.23749725067873,-3.4010895988358243,-3.797207064035021,15.200545110641512,14.222848583525746,19092.45020342359,19059.43979657641
BTC,2020-12-06,19263.9,19288.06,18857.0,19130.75,17934.667974,19116.2235,19113.5474,19030.06945,56.11334754127992,2.177510478606564,1.3412169327720902,14.739162406327907,18.67935241818019,19138.66389596403,19093.78310403597
BTC,2020-12-07,19231.96,19399.0,19090.0,19214.83,22005.722211,19221.772,19208.2174,19197.76635,49.54685440277305,1.786332259671326,5.033431619557918,14.566364591629254,12.218625538670297,19249.407036167693,19194.13696383231
BTC,2020-12-08,19202.21,19294.84,18610.0,18849.92,34484.852989,18844.6,18861.3344,18847.2964,49.22820808688804,-0.927817717391008,-2.30928617373054,17.800050374018472,20.898846839802683,18875.78263491303,18813.417365086967
BTC,2020-12-09,18181.5,18523.99,17650.0,18322.34,50156.70532,18342.553,18380.1348,18346.5052,33.97848126738993,-11.090029137256352,-11.04020166016952,17.424112169926932,28.74493618691213,18369.748713706882,18315.357286293118
BTC,2020-12-10,18456.59,18500.0,17911.12,18049.99,31891.834533,18004.124,18026.921000000002,18122.33525,60.52611126953339,1.092331533007382,-6.064661851528802,25.261915741710546,20.851370093184432,18052.915317834442,17955.332682165557
BTC,2020-12-11,17944.35,18097.23,17572.33,18040.0,43382.763053,18054.1425,18048.5288,17937.8897,46.0463640902633,-2.7711256423899613,0.5603995154199203,17.092419108836978,18.046514059922814,18080.41297839332,18027.872021606683
BTC,2020-12-12,18306.4,18525.33,18261.32,18410.0,22723.667493,18388.435999999998,18366.2364,18413.64175,62.20229944855721,10.26607657591012,7.660220869538632,13.102541599074438,28.866367413267433,18412.73228728788,18364.139712712116
BTC,2020-12-13,18782.03,19411.0,18757.08,19208.06,37033.27978,19163.2875,19232.1028,19307.911799999998,56.40134368626984,-14.297390638610523,-25.303968835930018,23.331241785309395,46.1830619819692,19217.55857549285,19109.016424507146
BTC,2020-12-14,19118.84,19347.0,19028.97,19200.04,29652.273328,19224.9215,19236.9618,19149.35825,42.34813613456565,-12.982310250634328,-7.883721705370645,20.957000508100283,35.92096418479737,19271.95140379533,19177.89159620467
BTC,2020-12-15,19521.16,19570.0,19050.0,19399.0,34241.901462,19402.46,19383.9756,19338.7675,51.0295025910394,6.661861317188595,7.783295085584067,16.52149499709179,26.936782936422905,19420.19121428525,19384.72878571475
BTC,2020-12-16,19461.31,20799.0,19300.3,20600.0,64412.250922,20607.233500000002,20621.891200000002,20230.8809,47.743155353091794,-9.49505060498268,-7.432444341111939,32.509296049549,18.82791886440566,20659.513556340436,20554.953443659568
BTC,2020-12-17,21800.82,23800.0,21703.67,23149.98,111300.930253,23029.502500000002,23071.9092,23048.774299999997,64.12592732347642,19.81635083769288,-2.1264671079382733,48.15464821866007,21.064797272518263,23161.545695034412,22897.459304965592
BTC,2020-12-18,23112.35,23285.18,22350.0,22517.68,48813.540039,22472.796000000002,22496.005799999995,22709.314150000002,55.86208751617599,15.659115110174753,5.741119117835398,37.04530858931254,24.179250466949142,22570.956526364425,22374.63547363558
BTC,2020-12-19,23049.27,23650.0,22750.0,23449.86,43246.899045,23543.067000000003,23469.602000000003,23251.7248,42.50389933161445,-13.166259798861574,11.054134016390202,60.538968406918066,24.859610502225042,23665.288183122888,23420.845816877118
BTC,2020-12-20,23433.35,23791.0,23060.0,23723.05,33361.255104,23647.302000000003,23599.393400000004,23510.86855,66.21249111258086,38.211909199693764,32.025964619761794,35.78953442146822,31.263899775033053,23771.99436938969,23522.609630610317
BTC,2020-12-21,23709.05,24102.77,21815.0,22766.2,71421.540922,22761.825,22825.037,22663.433100000002,46.04214192784939,-7.416620341933594,-11.076126067948639,43.05112718467695,23.072612682828627,22847.52669998154,22676.123300018462
BTC,2020-12-22,22855.43,23628.89,22353.4,23540.45,51442.537817,23520.8735,23468.674,23347.1636,57.41570897330736,18.165988632470544,21.20995326212791,33.15239404347632,10.035988841707638,23581.2845967533,23460.462403246704
BTC,2020-12-23,23652.39,24100.0,22810.0,23715.14,69011.620448,23679.735,23702.5438,23686.3147,55.19690601984426,4.021902329142904,-1.258032505733103,32.28361137263136,9.445626405141674,23743.0865403126,23616.3834596874
BTC,2020-12-24,23110.0,23479.26,22703.42,23179.49,37413.731627,23157.8845,23209.2,23236.319250000004,51.52095465090041,-14.97426622441344,-22.718144205556737,31.211448212672252,21.648664537711536,23213.469314283793,23102.299685716207
BTC,2020-12-25,23506.27,24681.0,23451.79,24160.41,52581.190295,24204.792999999998,24146.041199999996,24257.64725,42.8669287691731,9.234592489370698,21.99546434490274,36.08003721189594,23.584569487991068,24298.184457018313,24111.401542981683
BTC,2020-12-26,24906.54,25556.67,24562.5,25498.0,41051.391875,25457.0375,25416.068,25081.342999999997,60.15312772926164,32.60703128162277,30.506399058664762,35.19640373788639,33.558418072689776,25552.239678518683,25361.835321481314
BTC,2020-12-27,26775.49,28422.0,26427.16,27315.99,90333.503536,27221.154,27315.636399999996,27355.608600000003,54.862046056962434,-13.814982016705471,-33.13292469396766,67.31516228524455,28.80154092843607,27356.493727854602,27085.814272145395
BTC,2020-12-28,27014.56,27500.0,26557.73,26998.38,43274.78285,27054.3675,27144.7562,27196.474050000004,39.681745536672395,-41.42532494661282,-36.948074988645914,45.647836935993546,42.11433130402254,27141.435384750752,26967.29961524925
BTC,2020-12-29,26853.76,27100.0,25880.0,26590.08,38339.425995,26541.262,26622.3436,26810.5531,52.199420912499335,-13.295617097039212,-28.484353749520317,41.11440772114952,32.610946834795634,26635.280649341767,26447.24335065823
BTC,2020-12-30,27616.05,28598.74,27320.0,28100.0,55836.679133,28141.3695,28150.5662,27979.74385,41.692431295152296,-17.454125186486635,-10.660382410888694,37.69707791653691,14.659937269019867,28207.053371833008,28075.685628166993
BTC,2020-12-31,28656.02,29285.0,27850.0,28748.04,42913.683437,28602.77,28537.284,28494.902850000002,79.25212408898017,38.36283751314477,27.797202831520956,31.565905653736085,36.98567966862248,28691.972462522164,28513.567537477837
BTC,2021-01-01,29321.06,29600.0,28806.54,29060.37,29594.120308,29244.939000000002,29293.334000000003,29375.575699999998,25.387619445885203,-56.47338131381912,-35.294490566570246,44.75351309405567,41.13000572516992,29400.690934678103,29089.1870653219
BTC,2021-01-02,29379.38,31567.89,29220.0,31440.0,52222.175794,31386.944,31334.9968,31025.67185,62.92738351410727,28.987030344782397,23.42826970607348,44.17821008078847,23.609223678226925,31450.337843990706,31323.550156009293
BTC,2021-01-03,32663.96,34778.11,32404.0,33342.65,73905.55559,33228.059499999996,33421.72,33917.11610000001,51.27726630005879,-18.188771883498703,-64.0520948307511,131.06715205346129,27.649474645287977,33559.433860473655,32896.68513952634
BTC,2021-01-04,33120.89,33600.0,28130.0,31801.55,98394.621067,31850.586,31918.2098,31443.797450000002,46.26639907741603,-35.46791866752392,-26.605171249431653,85.93759725387864,12.11092213553833,32014.55639712962,31686.615602870377
BTC,2021-01-05,32586.84,32617.47,29900.0,32072.24,59366.799342,32114.7755,32138.3102,31775.279599999998,48.48151626518399,-26.88451507395439,-13.998163711731369,74.31513555834923,19.639955601902685,32280.65520285423,31948.89579714577
BTC,2021-01-06,34116.4,35766.58,33357.9,34693.58,69786.660151,34696.0675,34508.768800000005,34535.4761,55.211842099746164,51.694711654992716,64.07137520263085,60.338040138412985,26.845663204094947,34795.75859706951,34596.37640293049
BTC,2021-01-07,36722.34,38644.76,36300.0,38510.49,61128.523228,38363.6235,38332.4496,38244.48825,66.11430483299372,60.7288661481216,41.32272916518272,62.73799424122485,21.933760506808564,38587.2155310973,38140.0314689027
BTC,2021-01-08,37790.9,41950.0,36500.0,40429.48,84612.706035,40645.508,41129.0128,41253.55255,43.50010220811382,-233.57978366538737,-254.99214455891973,306.23704917441836,42.625764872160005,41477.92635601089,39813.089643989115
BTC,2021-01-09,40410.95,41380.0,38720.0,40574.33,44056.973596,40565.8565,40676.478,40862.1571,46.77783680468479,-8.044117944977188,-21.330865178660073,91.80561518996063,35.09369879742481,40685.63056852522,40446.08243147478
BTC,2021-01-10,41068.3,41127.01,38450.0,39695.27,48014.350777,39706.059,39509.3846,39642.3399,54.576673066491,47.973402702431486,62.66867224938407,72.5124581226001,23.553827548933754,39811.58725553111,39600.530744468895
BTC,2021-01-11,36338.62,37150.0,31115.0,32377.86,148103.334383,32682.889499999997,33010.301400000004,33452.6044,39.09971285966265,-187.76836424210705,-181.78267265762804,254.23991769527902,22.99877950069845,33339.803145876765,32025.97585412323
BTC,2021-01-12,33763.91,36628.0,32531.0,33780.37,79687.167987,33986.416,33776.7436,34173.167100000006,45.551536131980725,8.53217311703338,40.79721587668948,150.52944590538792,17.786877549338367,34307.07708578647,33665.754914213525
BTC,2021-01-13,33347.41,35250.0,32566.55,34687.67,64935.022976,34582.7325,34488.1312,34523.4161,62.37768210924651,55.545346080987656,47.1643245086148,75.74609061372608,20.130864685207538,34758.404126266934,34407.06087373306
BTC,2021-01-14,37316.73,40100.0,36701.23,39760.7,59027.162333,39802.506,39671.0838,38937.923449999995,48.24976468092855,70.40864096071164,82.98746120356537,106.74105629895543,22.326246806370865,40090.466396539174,39514.54560346083
BTC,2021-01-15,39308.06,39479.65,36036.0,36274.03,55270.701344,36632.187,36701.8668,37280.65119999999,37.615145252295314,-100.50157818703883,-33.22885518671919,166.4896546842599,28.819070498341585,37121.830515757334,36142.54348424266
BTC,2021-01-16,36950.34,37950.0,35520.0,37563.72,47980.144485,37283.1285,37225.5876,37254.7254,67.47323027973768,107.48818434022542,64.6147471900053,92.10479012211553,28.051222922279152,37641.42067637389,36924.83632362611
BTC,2021-01-17,36478.02,36541.88,33850.0,35819.89,50908.643022,35757.404500000004,35399.549000000006,35209.5392,62.37042176225804,90.29271209064609,109.6469906969177,95.31789246770121,45.1840943727103,35859.27403862279,35655.53496137722
BTC,2021-01-18,35978.52,37469.83,34800.0,36340.97,45423.978481,36324.2045,36380.0454,36742.1522,50.03982474261948,-28.223492501594592,-33.18835355878963,58.982676180218064,29.558120867375983,36436.69642441493,36211.71257558507
BTC,2021-01-19,36818.02,37535.27,36002.01,37099.98,42185.457874,37093.8765,37035.8778,37022.195900000006,52.80055868650822,21.95440561723808,24.882724166427142,56.12161625206831,12.61673498140834,37166.254163206366,37021.49883679363
BTC,2021-01-20,35725.0,36100.0,34000.0,34580.7,54757.826998,34632.896,34804.787599999996,34753.747800000005,41.30810849301326,-73.5448058048496,-82.23264809520519,86.83319091837667,27.61730275873462,34838.480689741795,34427.31131025821
BTC,2021-01-21,34585.69,35019.01,31037.0,31432.14,81523.989,31590.959500000004,31571.145,32043.957350000004,41.633775197432634,-37.88703023520429,-23.182549075409057,153.33672643365483,16.22022539897068,31850.753355854875,31331.165644145134
BTC,2021-01-22,30364.74,32767.44,30217.76,32383.1,74649.591046,32443.813499999997,32501.6398,32131.340149999996,42.03587102075992,-43.83179610829393,-36.31218967360462,72.09250111272799,15.09805711149773,32583.03327162473,32304.593728375265
BTC,2021-01-23,32432.5,33456.0,31390.16,32062.2,39731.887909,32057.7995,31941.1578,31842.41315,57.500728332355635,18.084993368316646,25.704230374031653,58.346254158127515,19.732007455501453,32146.085281522453,31969.51371847755
BTC,2021-01-24,32109.09,33071.0,31929.31,32215.9,31001.732668,32153.828999999998,32137.2798,32269.688400000003,59.108018759398675,25.470317735405843,16.231547679581986,40.3525409375861,16.464635764155744,32255.930108691162,32051.727891308834
BTC,2021-01-25,32711.57,34875.0,32580.3,34453.02,48942.260567,34421.5125,34410.898,34347.358649999995,53.665250328125474,16.435773948571295,10.963802247106267,59.4526455551403,19.773247075707214,34514.19731361107,34328.827686388926
BTC,2021-01-26,32521.97,32544.2,30837.37,31818.1,52452.596058,31586.5805,31457.347999999998,31497.740749999997,74.1751457601464,101.32063364330679,78.52049779622436,71.8871091159299,35.36481247596396,31875.447485823708,31297.713514176292
BTC,2021-01-27,32194.41,32263.56,29241.72,29898.65,51256.059209,29829.021,29729.1592,30285.745349999997,55.44536153022454,40.08753070827879,35.07311176102022,94.38071142572684,13.011546022734723,29962.519773162177,29695.522226837824
BTC,2021-01-28,31050.03,32203.38,30812.26,32040.48,47908.946925000004,32046.7735,31938.145999999997,31675.9511,53.99785508548868,19.635909077926044,32.22666603255017,81.72418317687553,25.283749885191874,32159.585660031033,31933.961339968966
BTC,2021-01-29,33918.58,38531.9,31915.4,37130.0,150843.630463,37143.696500000005,37180.446800000005,37449.0917,47.87235872867454,-13.633712409347936,-13.515523867658338,164.5931177797833,28.102405992624384,37324.76932614741,36962.6236738526
BTC,2021-01-30,33812.93,34443.96,32825.0,34292.78,51476.165928,34218.8165,34169.381,33978.774300000005,62.736540375957155,44.16725897068682,35.11862999443996,48.05678492337346,29.96786645431932,34350.27392006937,34087.35907993063
BTC,2021-01-31,34000.18,34220.0,32554.0,32741.99,35625.285482,32989.297999999995,33200.3278,33618.602199999994,34.90917990077438,-135.08009238387604,-113.84346208139934,108.72581187887903,49.564499013319995,33326.19317720542,32652.402822794567
BTC,2021-02-01,33653.24,34717.27,33284.24,33573.0,56538.679817,33542.9115,33525.525,33739.618500000004,54.79494160482372,17.526146391966904,11.95052262895414,49.70311422068445,22.13710512554001,33618.59031745322,33467.23268254678
BTC,2021-02-02,33673.61,35668.1,33500.0,34614.65,47575.071797,34820.438,34811.8062,34829.9987,31.12880163182997,-69.04435515048681,-44.464789805964124,79.13554786557899,31.514254311768006,35203.143465629764,34437.73253437024
BTC,2021-02-03,35989.2,36899.0,35511.0,36806.1,43862.306145,36761.72,36651.8914,36474.44235,56.8816299737825,42.99376039503113,50.28476802483544,72.83090566274319,37.26325738337269,36905.17670273437,36618.263297265636
BTC,2021-02-04,37713.58,38708.27,36161.95,36557.79,56519.962479,36406.247,36632.0244,37277.2614,52.88100918268545,-29.678924890649796,-66.51760655181147,103.322848556848,34.996075522900995,36597.59138263295,36214.90261736706
BTC,2021-02-05,36742.21,38310.12,36570.0,38194.92,39030.209827,38132.3765,38097.31,38034.94125,57.84681396856411,43.596018609146995,29.262328078695262,53.42631627736594,21.020361902365927,38277.67211607754,37987.080883922456
BTC,2021-02-06,38907.09,40661.81,38600.0,40630.69,50882.291206,40528.165,40411.8438,40270.370149999995,66.07235847581197,45.30851105542388,38.34265103069907,61.73951338249025,14.295814086036376,40621.7554840203,40434.5745159797
BTC,2021-02-07,38629.84,39700.0,37580.0,37997.9,46766.968632,37871.737,38073.374,38517.60185,52.7020971824016,-25.092752093361923,-53.76392917497653,99.43405181159457,20.814628609102368,38056.723432486324,37686.75056751368
BTC,2021-02-08,38447.07,44918.0,37988.89,43643.22,78705.311083,43652.571,43623.408200000005,42825.27560000001,50.88747513661844,1.1999026161356596,6.989809792967707,111.26920259400488,6.760847875789433,43789.167961303225,43515.97403869678
BTC,2021-02-09,45903.18,48142.19,44961.09,46853.89,66790.338044,46864.4035,46614.0856,46127.43364999999,54.95762625247075,81.1738892505964,99.10253825175377,124.53227818052204,35.21075239597484,47123.71948549035,46605.08751450965
BTC,2021-02-10,46540.85,47310.0,44178.37,44341.22,59436.453898,44553.372,44804.449400000005,45397.8152,38.22178673513156,-155.1324601529268,-146.081364642106,178.93956285694355,36.34861098376194,45016.92901227096,44089.81498772905
BTC,2021-02-11,44586.5,48399.0,44397.62,47618.43,54451.294143,47582.554,47707.54439999999,47769.617999999995,48.567380749942416,-11.213523229373095,-29.935230998851033,84.5459843617481,21.51334078534353,47703.413545318406,47461.69445468159
BTC,2021-02-12,48225.02,48422.54,46125.0,47035.92,48863.065302,46919.3075,46779.3878,47436.98575,63.51446168346311,43.556743474531686,36.349519023822026,75.99707072655038,12.765345946847276,47024.17776973646,46814.437230263546
BTC,2021-02-13,47571.78,48150.0,46202.53,47175.86,41668.847005,47054.4635,47058.717000000004,46934.1279,61.81522262323207,21.38820728744031,2.7855373807423005,80.27561851113478,21.95926159823065,47195.32329131851,46913.60370868148
BTC,2021-02-14,47480.0,49707.43,47204.98,48372.66,48888.667664,48364.3855,48616.3008,49008.158650000005,45.04752486802251,-80.78758791062864,-100.24804480106543,115.45651725462675,44.159318316956366,48565.88723472877,48162.883765271225
BTC,2021-02-15,47228.0,48219.23,45570.79,47806.8,48178.807502,47791.384000000005,47750.6444,47838.22455,53.33533795485453,13.434999631041137,14.632631711302345,57.4748045896815,15.381980053968732,47835.58205397453,47747.18594602548
BTC,2021-02-16,48391.08,50689.18,48310.07,49144.48,56966.000861,49277.517,49319.0192,49343.73465,32.295642398129004,-45.24044692937605,-29.858531277594082,71.86323560784818,28.399731712130023,49435.14506401077,49119.88893598923
BTC,2021-02-17,49881.64,51678.36,49106.75,51021.54,56313.585883,51162.0855,51236.3788,51075.82955,36.09773489475417,-56.11723312077811,-42.738892366865976,86.91895681660951,30.410747764534253,51312.452584226354,51011.71841577365
BTC,2021-02-18,52119.14,52399.73,50901.9,51683.95,36535.281736,51712.14,51912.54880000001,51720.44550000001,44.50666786601371,-86.16509050596505,-100.42837635749767,83.79055467429268,33.48495067819693,52015.0063770044,51409.2736229956
BTC,2021-02-19,51190.07,53747.98,50800.0,53655.5,38755.361637,53394.799,53192.9422,52806.5706,67.09955079095519,142.69888016644836,113.34112020161635,92.20360474334002,35.805350819618496,53712.65296186982,53076.94503813018
BTC,2021-02-20,56321.13,57700.46,55030.0,56045.01,41557.856213,56139.029,56395.80439999999,57024.275,39.41692799781183,-79.12451135025185,-97.10401363934763,143.668828872609,42.1185802144173,56341.68777191947,55936.37022808054
BTC,2021-02-21,56572.56,57827.0,55821.03,57349.5,32431.470346000002,57344.5785,57342.0624,57183.784949999994,51.29642714686862,-9.303720492207503,-10.25965917762567,72.90731433780861,15.987295713672989,57473.534980451994,57215.62201954801
BTC,2021-02-22,56651.33,57277.99,47622.0,53372.62,89617.524721,53074.396499999995,53198.6698,52811.539699999994,57.261093421441146,26.945657327814843,0.2835463518083863,272.5816116389623,12.90761492174991,53430.14526024004,52718.64773975995
BTC,2021-02-23,52448.2,52571.09,44892.56,48916.1,127296.028525,48579.428,47895.9732,48191.436850000006,61.84967990765592,204.27096573646122,189.3190676949329,272.1376721039447,20.815368574484044,49006.82973470088,48152.02626529912
BTC,2021-02-24,49900.11,51374.99,48450.0,49377.69,55866.494071,49086.1325,49144.4692,49781.918399999995,57.572439525114675,115.75768650222017,64.27245679005355,165.4192064259311,25.292192753404766,49732.78450300971,48439.48049699029
BTC,2021-02-25,50770.93,52041.73,48581.71,50909.52,42084.464172,51008.474,50999.6288,51094.041849999994,45.14320821350396,-56.198572452056396,-43.062690797413005,111.98935720118243,22.968750835364126,51345.872913952546,50671.07508604746
BTC,2021-02-26,46956.8,47800.0,44106.78,47457.84,63299.712367,46715.731,46736.9876,46662.362850000005,73.8621546799213,142.6489884064431,45.405382247791735,174.24816949589845,26.234745462583913,47309.53968511324,46121.92231488676
BTC,2021-02-27,47733.34,48394.0,46224.84,46433.5,36571.173979,46876.3225,47021.063799999996,47259.5907,32.48191231909361,-187.77769817376975,-126.26526280662262,148.8070013678853,39.73904121261497,47474.41391504882,46278.231084951185
BTC,2021-02-28,46059.61,46111.93,43353.47,43449.03,50064.506307,43739.5285,44080.0282,44392.37649999999,30.011603429306057,-145.54572758929862,-140.4999764367581,147.13640610563445,37.46478573908735,44012.53085920518,43466.52614079482
BTC,2021-03-01,46281.26,48999.98,45641.02,48877.15,48450.834251,48757.521499999995,48489.405,48136.63940000001,61.244309649652685,109.9387282834723,118.65520349644146,119.51923358085936,30.562642202828947,49045.27166839605,48469.77133160394
BTC,2021-03-02,49417.93,49777.0,48270.69,48386.29,33227.744915,48614.274,48788.710999999996,48943.20715,30.557124938863705,-74.43646065611392,-66.34565896632049,103.14067150527373,39.570008904437266,48783.19911387039,48445.34888612961
BTC,2021-03-03,48687.92,52640.0,48494.53,50673.99,53784.997397,50751.4615,50800.840599999996,51388.0879,42.71023038999645,-23.402862930750416,-15.840861857316654,90.45600264497928,10.368602439306756,50902.34354310504,50600.57945689496
BTC,2021-03-04,51470.03,51575.0,48524.86,49466.08,47682.480405,49247.654500000004,49243.0396,49414.12365,61.52852329000556,54.66399131757498,20.555944114046,121.67788480825885,17.811552904740985,49510.89768600473,48984.411313995275
BTC,2021-03-05,46860.04,48728.21,46418.12,48069.64,39567.190649,48199.821,48269.51699999999,48025.03285,39.622367718185394,-74.08952276568743,-58.740046139113694,120.60660912305497,17.200602743708306,48423.946300571006,47975.695699429
BTC,2021-03-06,48682.37,49117.32,47070.0,47732.0,27150.849965,47732.722,47713.9,47568.34109999999,52.01827967578767,2.7262673219665885,6.273798888220324,66.78842660203688,17.5526581822625,47807.142348445355,47658.30165155465
BTC,2021-03-07,49347.77,51250.0,49111.11,50601.87,31980.516488,50657.6645,50622.3734,50632.14715,45.05566849982897,5.4582522314813104,12.07686985898539,56.094840690592186,11.92907637490949,50714.19307135202,50601.13592864798
BTC,2021-03-08,51158.41,51367.33,49274.67,50967.92,38982.314149,50980.420999999995,50865.3918,50669.754850000005,51.07832311771631,44.09831507951458,52.371164635447705,97.89517128929303,21.9089798228007,51118.07221472999,50842.76978527
BTC,2021-03-09,53400.82,54815.84,53274.96,54314.29,41784.108174,54319.543999999994,54389.822,54260.48144999999,47.2980851353568,-17.46328890114819,-16.360052281033767,62.680826891779226,19.24278883394874,54426.96905730058,54212.11894269941
BTC,2021-03-10,53985.12,56489.66,53005.0,56123.28,40885.541126000004,56223.797,56194.1336,55850.2809,42.54165457675146,-29.59751776811754,-17.269691282493483,86.30927041376205,18.183248122881153,56430.47887991227,56017.11512008773
BTC,2021-03-11,55963.28,57238.5,54272.82,56190.0,45376.527681,56454.8905,56674.657199999994,56612.34535,38.83171870732533,-164.60538723436184,-139.97004879534464,163.2877754168253,38.907200599530505,56948.84791713076,55960.93308286924
BTC,2021-03-12,56926.1,57430.0,54962.84,56339.7,41783.018849,56272.9775,56233.9498,55979.7258,56.457148905211916,5.005674058957084,7.864239611652916,87.2842203124372,18.798597377712422,56346.72249165896,56199.23250834104
BTC,2021-03-13,56147.41,60500.0,56106.31,59600.19,50245.874832,59785.813,59842.242,59883.66735,27.75014866969764,-62.17972268591984,-41.111367468572816,70.48782137161768,25.08967701449427,59965.35233253539,59606.273667464615
BTC,2021-03-14,60982.53,61595.09,59354.62,59841.96,29519.48211,59933.43550000001,59970.212,60153.597,40.899232621623725,-26.699895420111716,-11.771402471781755,74.67594982849538,23.610524634098677,60147.217431551624,59719.65356844839
BTC,2021-03-15,60212.16,60633.43,54600.0,55954.42,71505.536737,56397.85850000001,56493.706,56608.6108,24.6571169012267,-147.9715023145618,-96.55146556585343,140.1687899422399,31.618970699215254,56842.52190925803,55953.19509074199
BTC,2021-03-16,54435.2,56400.0,53607.93,55548.94,42237.607967,55559.7455,55623.5212,55384.38635,46.87135658172513,-11.647581904202525,-19.86238579633364,80.45169964656642,9.90963060700425,55648.34467076079,55471.14632923921
BTC,2021-03-17,56090.01,56326.53,54123.69,54714.14,35160.194314,54934.354499999994,54846.7174,54984.31215,38.563612735117914,-51.89004855951498,-20.02115172427233,115.18231520683268,28.969172645635215,55241.497828983396,54627.21117101659
BTC,2021-03-18,59269.53,59300.0,57500.0,58752.97,30818.520468,58504.134000000005,58154.270599999996,57959.351200000005,74.45163109107676,181.27258496203285,163.20497103870093,103.27202162003228,50.46642948722342,58878.807686100256,58129.460313899755
BTC,2021-03-19,57375.45,59249.5,57269.28,59075.39,29718.488355,58882.13100000001,58756.4568,58609.301550000004,66.81995176713232,79.06784158929804,64.77043794538749,93.11070105554377,30.827033358521952,59076.27809082515,58687.983909174865
BTC,2021-03-20,58718.13,59880.0,57980.0,59394.41,25517.299276,59384.880999999994,59426.64399999999,59282.9945,49.20395146388837,-11.072699461881712,-21.60140599957486,77.91199742072581,19.99529857757252,59560.77091670083,59208.99108329916
BTC,2021-03-21,58122.08,58125.47,55450.11,57210.01,30929.332184,57330.398,57286.775,56917.240150000005,39.78502734931322,-26.814077399729285,-4.099133332671013,62.05146963460549,24.166524135713786,57475.17542995355,57185.62057004645
BTC,2021-03-22,56789.0,58430.73,56521.01,57145.55,27099.909499,57119.833,57061.3828,57105.38100000001,54.65338842794745,28.48845184460515,29.672845063312874,79.04797865106403,15.582544078530368,57219.79052039741,57019.87547960259
BTC,2021-03-23,54849.99,55450.0,53000.0,55232.24,34321.672277,55130.494999999995,55141.2238,55142.1564,59.0994859439884,27.281187582950224,14.86709456556705,76.81453147152745,11.32650221803577,55272.69299851455,54988.29700148544
BTC,2021-03-24,54417.44,57200.0,53700.0,56246.59,39165.667987,56366.2605,56505.430199999995,56725.49955,35.950130280996206,-83.20473966640566,-74.50583253600975,84.19885686337285,40.45624848202572,56596.5963553489,56135.924644651095
BTC,2021-03-25,51989.42,53287.0,50427.56,51307.75,50761.79864,51143.4715,51060.619000000006,51274.649450000004,56.886030295233844,111.74108238020563,88.63123123980859,140.30664857635622,28.369892629682397,51621.64517268715,50665.29782731285
BTC,2021-03-26,51886.41,53826.48,51551.0,53324.02,36262.596824,53320.864,53330.6172,53141.329699999995,50.73471987628527,5.468375476739311,0.4155847229403258,61.98451725184478,12.552236721205588,53399.88966605919,53241.83833394081
BTC,2021-03-27,54841.24,55378.7,53950.0,54824.86,23749.691888,54890.712,54769.0734,54461.692,47.75316680772093,9.953299397137016,28.418856501425367,58.3294132012374,17.503466358564033,54991.727342123035,54789.696657876964
BTC,2021-03-28,55958.0,56559.75,55291.13,56168.65,19579.65475,56160.5405,55914.0198,55710.9558,60.38849872776684,82.1007355913971,96.59253064092857,72.31633480901657,29.98531969536486,56378.90469738399,55942.17630261602
BTC,2021-03-29,55153.86,58405.82,54800.01,58150.0,39527.299341,58065.069500000005,58019.096600000004,58002.3722,63.34861360235391,34.02682164836733,24.958743933750327,49.88891848478007,23.708395309992046,58162.93653110395,57967.20246889606
BTC,2021-03-30,57452.97,59368.0,57071.35,58808.26,36993.731259,58823.483499999995,58817.390400000004,59011.86745,46.97729380171887,12.485495783497754,13.537406741792447,58.75490249948381,17.354481006690378,58956.545148014746,58690.421851985244
BTC,2021-03-31,58842.31,59800.0,56769.0,58586.65,35248.708805,58569.28200000001,58545.8572,58248.6773,52.073729910502884,24.97095194414578,20.232447208805873,62.490942435696326,21.550689825994702,58679.59387036663,58458.97012963338
BTC,2021-04-01,59307.3,59490.0,58115.0,58900.11,27834.538497999998,58976.201,58942.3654,58750.77735,42.60271567769475,-6.966265482471499,4.396952415047342,60.60462311069772,15.55235523467919,59067.56384778901,58884.83815221099
BTC,2021-04-02,58765.57,60200.0,58700.0,59107.9,29131.270135,59135.952999999994,59175.74100000001,59338.0413,43.90748139677166,-29.300776759184373,-27.935915051594556,48.74929403145233,12.552312181270974,59226.024441221794,59045.881558778194
BTC,2021-04-03,59345.01,59791.72,58750.96,59300.21,19705.36529,59332.621,59351.351200000005,59316.4033,41.2194637186008,-6.084123098276905,-3.4812572349088096,24.43185697180712,13.029624799602693,59380.38897542318,59284.85302457682
BTC,2021-04-04,56956.0,58300.0,56612.82,58093.94,21492.378798,58104.152500000004,58135.4562,57842.927149999996,47.41620119705433,-8.202809054215322,-7.067400684840799,49.70593129953732,11.36143672141396,58162.17333242066,58046.13166757935
BTC,2021-04-05,57729.99,58888.0,56777.77,58816.36,29154.102585,58616.5965,58353.04699999999,57981.597649999996,74.02497833550385,143.72458384554193,137.48841241735983,113.37652338068476,26.501898877910016,58981.73558743059,58251.45741256941
BTC,2021-04-06,59224.6,59269.64,57413.02,57818.77,32087.230285,57659.132000000005,57979.535,58452.932649999995,52.37141630974857,-60.57745119509491,-107.62166721763272,119.24357521171058,43.610783182512264,57879.354394647795,57438.909605352215
BTC,2021-04-07,57525.15,58655.0,55612.0,56903.14,46670.574148,56813.984500000006,56766.581,56451.70925,59.731384856754865,30.435425703428336,29.541339524962694,69.95159644237522,10.52261860746656,56940.441604103835,56687.52739589618
BTC,2021-04-08,56542.3,57912.02,56200.3,57749.23,27464.069996,57766.643000000004,57590.698,57131.8713,54.25709598111574,40.792685870750574,58.398616035409475,67.07436773105773,32.10828599317872,57867.35098798284,57665.935012017166
BTC,2021-04-09,58164.48,58894.9,57654.0,58325.99,24850.609043,58234.0745,58370.4418,58537.02255,54.02142087529402,-35.84726850898005,-60.18013253479129,74.53523756270668,33.31603435023575,58399.8912065742,58068.25779342581
BTC,2021-04-10,58239.88,61500.0,58116.0,60374.95,46943.947487,60416.73299999999,60402.941,60386.971900000004,44.262293668330244,1.3930626332439715,10.694561035265057,38.12597761381024,15.286620291127168,60493.795940795724,60339.67005920426
BTC,2021-04-11,60151.76,60699.0,59232.52,59586.56,22692.069358,59490.177,59431.7338,59575.6334,63.81338398123395,55.34576853098406,40.62135259495054,46.44536923158701,24.61728387187158,59669.04675352048,59311.307246479526
BTC,2021-04-12,60117.22,61300.0,59350.59,60152.79,36594.589986,60225.22900000001,60217.3404,60275.295999999995,43.96167920799765,-5.6075356746441685,-1.6518411659617485,56.50196442665812,19.732278834148598,60311.7851660176,60138.67283398241
BTC,2021-04-13,60283.81,63287.88,60215.0,62944.99,56319.017113,62830.316999999995,62780.6098,62841.86425,64.35546653561096,40.083481280373235,31.124813789536013,53.27877756267035,19.17178519346989,62956.520961443144,62704.11303855685
BTC,2021-04-14,63249.93,64854.0,62550.0,63279.23,48328.148953,63131.686499999996,63322.27220000001,64004.7274,52.40014568490059,13.750795217310952,-25.984877536348076,165.93353544633422,25.540989853711757,63491.6723309604,62771.700669039594
BTC,2021-04-15,62955.05,63460.22,62020.0,62724.07,26588.097247,62798.2135,62844.0626,62675.0673,36.50225777916804,-21.312095514331304,-11.791229197823078,61.85642499127495,18.887742255629785,62900.16716423445,62696.259835765544
BTC,2021-04-16,63328.43,63334.71,60000.0,61192.71,61369.010667,61201.992000000006,60909.6902,60782.82595,54.83870100143352,78.45886979842908,105.39991897010435,102.63718863092907,19.512303589315767,61534.595037665465,60869.388962334546
BTC,2021-04-17,61700.05,62506.05,60369.12,60728.12,34699.180608,60886.9355,60985.719800000006,60946.958099999996,32.77761887402012,-54.250523275237356,-43.793013850518506,75.14323319264741,14.54150053725107,61023.877448205916,60749.99355179408
BTC,2021-04-18,59094.3,59737.31,50931.3,55591.7,91778.147522,55491.895500000006,55287.78779999999,54668.391749999995,60.48749855480979,100.68851713466574,110.81626960535158,113.540611456334,24.624545972465164,55884.34405380115,55099.44694619886
BTC,2021-04-19,56888.65,57526.81,55370.17,55370.17,44420.305335,55871.154500000004,56190.66079999999,56614.67380000001,28.782432402892706,-193.31491578438,-156.21178744490965,155.76291949023835,34.89557078353315,56334.37128425839,55407.93771574162
BTC,2021-04-20,55009.79,56455.93,53329.96,55761.13,45822.411732,55693.659,55503.315,55552.83725,59.94652271109811,101.43387143873406,106.3707749655345,89.92214248986187,34.721996036140766,56008.82000576767,55378.497994232326
BTC,2021-04-21,55597.79,56333.0,54276.85,56264.93,35105.787876,55712.778000000006,55565.11979999999,55203.3459,78.30500083339419,204.36516821142868,138.93363764011843,108.6870822615193,46.5572815490702,56398.59469231938,55026.961307680634
BTC,2021-04-22,54630.38,55521.48,52561.0,54651.61,50572.060391,54597.4015,54583.00319999999,54882.287749999996,53.5227547293621,-4.455455329371034,-10.906809514347387,93.27168942972561,13.963292033227207,54721.893586217324,54472.909413782676
BTC,2021-04-23,50944.39,51500.0,47500.0,49774.81,97059.256136,49511.149,49306.0734,49499.001299999996,64.61947428865139,151.47891671069374,118.4599994174024,115.76895205866997,36.197021914177185,49904.54649210615,49117.751507893845
BTC,2021-04-24,49889.1,50631.16,48657.14,49318.72,32724.749976,49361.2245,49379.213800000005,49381.18140000001,45.1545807828081,9.009372801119753,9.481757579463284,74.34745355999564,19.087859879760305,49482.919206452185,49239.52979354781
BTC,2021-04-25,50015.12,50567.91,49161.94,49595.3,31874.750512,49676.1035,49653.94260000001,49921.595149999994,42.437792445471366,-17.562747010095336,-6.447815101067295,62.642251828907725,12.619299119858656,49774.07939423906,49578.127605760936
BTC,2021-04-26,50493.02,53950.0,50437.37,53538.69,49141.57056,53529.5135,53590.16739999999,53593.90165,49.70312476885888,-28.702141371861217,-32.12191372739935,77.46031695809208,22.81112547399314,53657.10711602536,53401.91988397464
BTC,2021-04-27,53707.01,55281.16,53222.0,54815.67,33581.398997,54816.223,54657.162599999996,54842.25825,53.39554871071948,67.41967057450529,80.1330828996737,102.52825090968415,21.69832676241966,55094.028931260706,54538.41706873929
BTC,2021-04-28,55616.37,55738.0,53813.16,54598.69,30576.738735,54672.235,54723.596,54906.46300000001,41.61202713325082,-23.547506961192994,-21.541025920050057,62.066544944427285,9.786606097391882,54760.28700928766,54584.18299071234
BTC,2021-04-29,54576.95,54752.12,53482.22,53695.8,28967.336929,53733.003000000004,53717.6594,54094.456000000006,48.662977590046886,-27.955072141601704,-20.917502896719807,65.57329039347003,19.59894397135739,53906.338165284404,53559.667834715605
BTC,2021-04-30,53226.88,56308.16,53183.27,56170.82,35704.364492,56091.110499999995,55978.9934,54906.8634,59.07072942663394,72.88690540463722,79.45303885210063,100.05571469669638,29.566726238690062,56313.07933992562,55869.14166007437
BTC,2021-05-01,57672.84,58458.07,57116.16,57464.0,24462.077123,57505.95850000001,57513.00619999999,57722.19864999999,45.51589814736172,4.153155552594399,5.535946905821775,68.62332049633733,17.465646345511125,57627.76683588316,57384.15016411686
BTC,2021-05-02,57403.66,57700.0,56035.25,56880.16,21848.618242,56815.8905,56783.45,56801.566450000006,59.240983849082205,6.013039887533523,3.17491226698914,43.7843619060527,19.040774912392596,56876.173536908966,56755.60746309104
BTC,2021-05-03,57619.56,58981.44,57260.0,57922.26,32247.174052,57906.847499999996,57816.27099999999,58397.960250000004,52.69237685972305,10.703796604087984,6.770243134710611,85.02038014608884,19.47769632130864,58005.404667141614,57808.29033285838
BTC,2021-05-04,55600.01,56637.89,54410.0,54819.36,42580.77317,55155.930499999995,55253.396400000005,55771.123600000006,36.62795729758326,-154.6400437748889,-102.38376972325555,180.3864224392464,25.85470170121598,55693.914219362785,54617.946780637205
BTC,2021-05-05,54957.49,56325.42,53922.84,56045.04,36473.738415,55871.31499999999,55954.244000000006,55605.253899999996,59.264559314128576,25.344642067633686,1.3296946470374627,99.64165524330006,14.451320141320627,56062.59934473291,55680.030655267066
BTC,2021-05-06,56776.69,58360.0,56331.66,57276.29,34775.995406,57207.780000000006,57208.3908,57566.72375,55.32404732175068,16.26255984218733,9.76436298967384,77.20178238089379,17.98069149500106,57329.08250319071,57086.477496809304
BTC,2021-05-07,56153.47,57680.0,55241.63,57183.14,38928.25983,57030.17999999999,56982.17220000001,56919.288550000005,65.31333642738365,44.11488106830802,18.396815331280436,69.58674596630178,19.327228511815843,57205.48957520848,56854.87042479151
BTC,2021-05-08,57533.77,59438.64,57424.01,58962.29,38440.626164,58784.486,58821.575,58765.041,65.98532011373503,29.834009883539693,-1.4399095558680868,64.16555156546333,25.186305005969423,58944.84198490881,58624.130015091185
BTC,2021-05-09,58494.44,59300.0,56235.66,57245.01,47604.374028,57301.402,57285.3674,57314.011,43.76783744504589,4.7259598929740605,12.024797507365667,57.309539326831825,16.61598584287814,57370.451351213,57232.352648787004
BTC,2021-05-10,58770.31,59500.0,57181.26,57417.75,39046.569433,57320.822,57429.87,57741.897800000006,53.17589971853082,-34.16913740398013,-42.851024082351714,114.88110161578952,11.051469614695197,57428.89504836755,57212.74895163245
BTC,2021-05-11,55432.62,56190.0,54370.0,55666.65,39562.50608,55723.56499999999,55685.399,55422.0222,48.228921434529695,-15.366615374507091,6.227667062421499,92.36830310983679,22.18372501967392,55882.346314453775,55564.7836855462
BTC,2021-05-12,57120.99,58000.01,55700.0,56687.15,37107.707455,56755.765,56689.3656,56397.00895,47.743066359169866,8.69815139680577,24.35956871531182,66.20217209226793,15.703643978347301,56877.52132805057,56634.00867194943
BTC,2021-05-13,50389.93,51367.19,48457.12,50452.03,73874.277501,50527.1155,50567.448200000006,50116.640849999996,45.0910926067766,-45.52730646058626,-26.559873945881996,113.37644061779851,22.629526489674067,50700.27575103694,50353.95524896306
BTC,2021-05-14,50300.01,50977.6,48799.75,50724.89,45760.931337,50615.027,50711.2162,50510.4004,58.74724796956474,-12.02732956915861,-26.279754801211165,79.57573139813786,12.553573179301221,50727.982136067454,50502.07186393255
BTC,2021-05-15,50301.62,50700.0,47721.84,49050.9,46827.311413,49038.291,49099.37359999999,48984.695349999995,48.04485827408729,4.9833814403027645,-14.106845888809868,107.77300505526105,14.149005757078774,49208.87252501022,48867.70947498977
BTC,2021-05-16,47960.2,49795.89,47687.74,48185.37,36714.351238,48612.958,48747.83900000001,48879.1846,29.892963906156144,-190.01156689843629,-136.51551963537722,134.93731984815713,35.03117086036136,49357.93738875129,47867.978611248705
BTC,2021-05-17,44900.0,45800.0,42196.97,44277.95,101512.07499,44118.208,44440.8216,44971.155750000005,52.994162140563226,-73.12159570709628,-106.05121005579969,149.00427122997226,37.697693612655776,44327.583152163395,43908.8328478366
BTC,2021-05-18,44727.61,45799.29,42666.66,42668.33,59943.131999,43100.4105,43252.20279999999,44226.746100000004,30.8907904876304,-140.88618077604042,-104.9862733276668,157.77569398779164,33.795903228294755,43551.800558088864,42649.02044191113
BTC,2021-05-19,41662.24,41993.0,30000.0,35170.63,215619.998246,35287.01700000001,35264.5332,36278.5829,49.26584162596996,-38.17604225174,-9.252057388659177,426.0018490578904,10.64600769990913,35829.42921166344,34744.604788336575
BTC,2021-05-20,36221.56,42451.67,36186.17,41655.6,115949.957066,41650.0555,41741.93059999999,41348.0708,48.224110243919306,13.138341149082407,-2.8326292928226207,142.29525875834383,14.801481732496391,41881.32145741341,41418.78954258659
BTC,2021-05-21,41601.99,41814.23,36683.46,36683.49,81656.99627,38103.792,39793.022000000004,40591.52615,21.348113709869484,-777.0137191569011,-699.6998347943074,528.0390636457221,57.90778651775878,39401.59650590369,36805.98749409631
BTC,2021-05-22,37343.94,38829.0,35200.62,37810.14,80933.965595,38154.7045,38245.101,38269.487049999996,34.55443812506442,-151.31436833443877,-94.50759193041215,138.01115200937093,34.78775508595685,38717.96527656625,37591.44372343375
BTC,2021-05-23,38140.29,38190.0,32600.0,33582.53,116623.392414,33507.971000000005,33495.760800000004,34230.3974,53.997770699827434,39.49472365179827,36.04982466511853,142.36315709718068,16.889630191801537,33768.69813253027,33247.24386746974
BTC,2021-05-24,34766.9,38637.7,34031.0,37454.52,96075.139969,37580.9075,37667.0636,37792.2782,40.41525867683735,-97.05209486300737,-84.6392836941078,126.12103671150967,26.75582500084984,37915.65241165024,37246.16258834976
BTC,2021-05-25,39415.79,39425.74,36419.62,37807.58,68932.066286,37918.561499999996,37737.2874,37248.47375,47.29966084004016,37.86992019912577,49.43785375990286,118.77193877473347,25.52756824243581,38099.23643055392,37737.88656944607
BTC,2021-05-26,38391.35,40841.0,38314.58,39211.68,63886.588928,39150.0285,39032.9382,39574.71055,55.80009229219939,53.77677441614651,45.215802290402046,101.54607052912202,17.30086669299871,39298.623419195326,39001.433580804674
BTC,2021-05-27,38240.96,40411.14,37134.27,40103.98,51955.848517,40179.663,40102.1748,39789.129400000005,45.42721719261621,5.674610220012255,18.84105572450877,81.18715928773068,15.282709846222359,40301.346291230235,40057.979708769766
BTC,2021-05-28,38034.01,38416.74,35100.0,36730.05,80151.082185,36788.596000000005,36865.9194,36448.338149999996,43.46310236130386,-25.952301148878178,-20.592667927404293,89.49423184803287,11.482347191692867,36885.85646954726,36691.33553045275
BTC,2021-05-29,36222.89,37338.58,34125.68,34522.74,59917.095411,34681.7035,34817.312999999995,34888.9723,38.066441009082375,-82.44417010530015,-52.86384680171806,115.25062571187276,25.147839281408984,34940.87647407586,34422.53052592414
BTC,2021-05-30,33813.87,36488.0,33500.0,35422.65,45893.035532,35303.1735,35485.9864,35723.04455,55.21140504417987,-30.1408667288415,-64.43358325571504,82.67102035010446,37.237663516450155,35505.15756949752,35101.189430502476
BTC,2021-05-31,35150.55,37278.03,34153.84,36534.63,62490.187736,36461.004499999995,36562.075,36821.17715,54.24102841357804,1.0671172824731912,-17.873651257781777,68.75085896555949,14.58942802361959,36577.12985974883,36344.87914025116
BTC,2021-06-01,37627.22,37639.82,35666.0,36825.98,49378.320718,36840.916000000005,36972.0278,36557.6835,45.00087716795162,-33.905128316277114,-36.1721328677701,89.72192062839709,25.84857539263379,36942.82851255629,36739.00348744372
BTC,2021-06-02,36092.59,38100.0,36046.29,37932.75,41105.30852,37827.141,37654.6598,37397.8604,66.9443364870189,94.05127316831204,90.69253886360616,68.77424328204626,39.11165220813512,38077.06891815934,37577.213081840666
BTC,2021-06-03,37539.33,39476.0,37170.0,38528.27,51765.569799,38476.6625,38508.2926,38762.8634,53.461884074508255,-0.19045086551341228,-7.85095035910421,59.11189946729678,12.37903140552383,38568.51791701491,38384.807082985084
BTC,2021-06-04,37862.24,38133.23,35555.15,36474.97,63157.849809,36432.332,36501.183,36512.23,51.23165323993719,3.788634590920992,-7.816505536816855,82.66822387808551,23.34722923856174,36573.19682919603,36291.467170803975
BTC,2021-06-05,37580.58,37925.0,35250.0,35794.4,40467.068595,35844.195,35754.3262,35904.29225,50.60778021516859,-1.3606011974115972,13.779883745389894,76.08373560842372,18.77137858915849,36015.29298508227,35673.09701491773
BTC,2021-06-06,35861.07,36480.0,35450.0,35698.98,25477.431695,35667.5175,35624.647600000004,35827.30115,57.90338884979452,15.253044629454962,14.443104792169907,38.09378925768615,12.41421337923957,35719.36652771308,35615.668472286925
BTC,2021-06-07,36222.83,36900.0,35850.66,35996.19,33190.488566,36033.1925,36128.162000000004,36399.7783,40.98809700724941,-38.67487151618843,-40.67459916717199,48.78059548759534,47.7811682049451,36106.73136887126,35959.653631128735
BTC,2021-06-08,33739.98,33961.9,31603.0,31858.9,67130.863131,31891.400999999994,32093.452599999997,32701.81855,43.20328937629022,-39.15146486163576,-55.48359476791103,94.46915270950085,35.86625424718076,32021.67470277823,31761.12729722176
BTC,2021-06-09,32991.1,35450.0,32396.82,35090.71,70863.424869,35032.923,35073.8318,34968.28485,52.978632705533876,4.831336758405087,-9.14236470033267,63.000450891364814,17.172538706811704,35183.10341964586,34882.74258035415
BTC,2021-06-10,37250.15,38491.0,36242.57,37241.77,65736.690996,37263.45599999999,37538.102600000006,37664.3665,44.15193446917209,-78.53133252451516,-95.61093957045145,114.71512043669247,30.241105471169973,37399.098701891664,37127.81329810832
BTC,2021-06-11,36185.45,37680.4,35936.77,37338.31,43860.009737,37255.5245,37326.9452,37324.22585,58.23670863699215,-1.8099262647010619,-20.157553730089433,52.62958870548507,20.686971659909737,37350.05179647497,37160.99720352503
BTC,2021-06-12,36974.02,36999.99,34600.36,35618.88,63514.145345,35630.9035,35744.724,35762.575600000004,43.41790821603389,-20.395242364698788,-23.949682165225212,57.28039122098075,31.854644054286485,35752.030664627455,35509.776335372546
BTC,2021-06-13,35748.12,36150.0,34757.0,35758.57,33471.047024,35777.2885,35851.6002,35908.11255,41.16704827504024,-12.945207312746788,-19.155171903313335,45.19534471589655,21.046519494543485,35856.68091935453,35697.89608064548
BTC,2021-06-14,39027.0,41064.05,38730.0,40838.67,65523.212547,40866.354,40713.8438,39909.058300000004,53.18585102340674,28.064514286103076,45.6053651789772,75.38787680836208,25.759512795532796,40948.496259392705,40784.211740607294
BTC,2021-06-15,40186.92,40600.0,39531.0,39942.01,38375.780674,39992.545,40099.4234,40077.92185,40.12365854847692,-44.914758584534866,-49.81107517158609,56.71645000867648,29.81861850872826,40118.39530671318,39866.694693286816
BTC,2021-06-16,39768.06,40527.14,38870.0,39249.99,45515.916363,39202.348,39213.888000000006,39137.5887,55.677411768409286,2.0049087173392763,-3.6202628027236576,42.63680209842069,12.072838767564727,39268.51302387513,39136.18297612487
BTC,2021-06-17,38680.12,39559.88,38411.39,38832.57,40061.968632,38774.387,38668.5008,38849.65355,58.48369614590455,63.97639389400865,64.16397571169665,52.093629032683836,36.49110285609623,39034.80045726373,38513.973542736276
BTC,2021-06-18,37745.66,38148.11,36533.69,36834.69,50452.979882,36772.587,36927.046200000004,37358.8467,51.43639162440972,-14.1714288804651,-38.5488304351269,71.50068369547753,25.327072048145247,36872.30281301307,36672.87118698693
BTC,2021-06-19,36242.49,36457.0,34803.52,36245.55,43351.726114,36101.676,35943.133799999996,35915.5011,67.51734613651462,91.27935156670719,78.5074910112331,62.480309320875335,54.85986320684959,36312.32212214796,35891.02987785204
BTC,2021-06-20,35627.92,35922.0,33336.0,34120.01,53010.047481,34151.0965,34063.0372,33907.05425,49.13805823372429,19.064652169850888,27.37766954844947,53.71907311035587,29.147444372048916,34196.746005259476,34105.44699474052
BTC,2021-06-21,35380.34,35487.07,31710.0,32810.0,115080.538849,32745.128999999997,32860.9938,32518.609650000002,50.527705894866806,18.851799418145674,-4.410018629703972,104.48748104136881,21.48271731114729,32959.60331202048,32530.654687979513
BTC,2021-06-22,32606.12,33260.0,28805.0,29832.41,113208.851921,29694.129500000003,29439.02,30092.08625,60.914483652956484,81.5356104636885,91.52795139816138,141.19122576602462,16.05096241808386,29970.617838811064,29417.64116118894
BTC,2021-06-23,33969.15,34881.0,33574.11,34130.07,69513.880465,34069.9575,34027.1626,34107.6153,56.960862587649125,24.087093268906756,15.370521359580632,74.44057856059706,12.955509592585138,34161.58175767887,33978.333242321125
BTC,2021-06-24,33249.52,34260.0,32286.57,34011.63,46907.860251,34000.3465,33963.1262,33894.8603,53.88861502586356,13.836824298501597,15.227329478438051,44.032487221222944,14.148064955176114,34053.634723944844,33947.058276055155
BTC,2021-06-25,34413.1,35500.0,32640.27,32928.22,57611.428805,33162.591,33177.9918,33191.81905,32.508153192670974,-57.39997113319987,-28.33036796250236,80.84885347988524,18.346507331503684,33363.93920772616,32961.24279227384
BTC,2021-06-26,31795.01,32730.0,30151.0,30903.99,70796.450993,30846.5925,30788.7548,31362.343500000003,54.653049715479824,27.023858349886723,26.642404106970623,93.98813397097176,12.99568079586457,31008.941931028876,30684.243068971122
BTC,2021-06-27,32481.49,33574.32,32268.0,33107.42,54540.910361,33010.3125,32982.9656,33151.681,58.94289378348868,48.09445708043495,32.51421501257468,71.43369547044813,21.66571705951736,33206.81627542143,32813.80872457857
BTC,2021-06-28,34540.43,35297.71,33862.72,34430.72,50060.307057,34426.422,34377.8852,34279.5908,53.564561737121096,8.459577447101765,10.333791032403736,46.46605960503019,12.776154607874185,34482.08248242874,34370.761517571256
BTC,2021-06-29,34731.53,36428.0,34225.43,36383.87,57073.269967,36250.06800000001,36253.390400000004,35945.90025,66.19642471625849,40.83192807184969,20.37118343648813,49.479736134118575,26.140052152296132,36410.097332636426,36090.03866736359
BTC,2021-06-30,35775.87,35950.0,34401.01,34521.0,43767.852685,34588.2465,34670.6514,34708.9609,35.40086915900686,-40.187250066454,-34.820366156545674,44.981367514955636,30.98273319498238,34671.159936129334,34505.33306387067
BTC,2021-07-01,34830.01,35034.54,33001.0,33114.12,44432.130711,33198.9985,33386.8756,33561.7948,32.351844376587906,-84.25198769258714,-89.03106074393422,58.19702718883567,47.240002247740485,33373.1753901187,33024.821609881306
BTC,2021-07-02,33605.97,33724.34,32699.0,33567.05,35771.023227,33540.545,33469.3518,33227.6984,56.36187287160257,40.308591181077645,44.48449246809734,50.44918586357086,28.353353661848743,33686.17570067899,33394.914299321004
BTC,2021-07-03,33623.62,34816.5,33316.73,34707.68,26487.080674,34681.909499999994,34658.6464,34588.49895,55.61451306073096,17.950788377180288,17.221438398375607,32.42255535181224,28.237162840215593,34764.0917619529,34599.72723804709
BTC,2021-07-04,34440.9,35727.0,34357.15,35345.58,26436.587833,35366.498999999996,35382.4406,35423.9027,44.586815144556944,-17.231082982150838,-14.625819176404963,23.024310604616858,20.88074044960616,35436.16924842706,35296.82875157293
BTC,2021-07-05,34873.72,34899.17,33300.0,33647.87,39232.837262,33656.391,33651.403399999996,33600.7971,48.8210787638858,1.011248398644966,-0.4949092581118141,36.14818871011666,14.054911212417828,33715.64341089758,33597.138589102426
BTC,2021-07-06,33844.44,35118.88,33700.37,34103.64,39199.608988,34077.413,34096.6976,34134.68565,50.88438449117827,11.285820806602715,4.243304371614138,49.42201744398605,17.26728494378615,34181.2615988539,33973.564401146105
BTC,2021-07-07,34250.99,35059.09,33970.62,34650.0,34758.441706,34735.0515,34765.717800000006,34810.717000000004,31.60862033910854,-34.05594033939997,-23.418730809759346,28.98975273924151,33.763494880333695,34848.55020929118,34621.552790708825
BTC,2021-07-08,33392.91,33512.53,32077.0,32580.0,44324.106158,32598.642499999998,32589.7556,32597.1801,45.50655227863998,6.8259041291203175,10.844250773722885,43.217195259999194,17.70456011208481,32678.90644156205,32518.378558437948
BTC,2021-07-09,32387.71,33682.43,32384.19,33464.01,28900.141091,33497.745500000005,33422.6526,33056.23615,51.26530052554814,6.5634637404218665,13.501333549454088,43.56088022731414,26.569699300129752,33612.01298102305,33383.47801897696
BTC,2021-07-10,33925.61,34000.0,33458.84,33765.77,17788.941845,33733.028999999995,33717.283200000005,33784.0691,56.00676411026715,20.303247674368322,14.10555549886963,25.47712042507989,26.175195456051494,33815.06617618295,33650.99182381704
BTC,2021-07-11,33648.73,33992.68,33306.47,33845.0,14830.677314,33842.002,33861.5074,33779.2881,49.70944069812965,-1.818111499749648,-2.179804850487016,24.171357208186855,14.920574523595173,33874.69292693812,33809.31107306188
BTC,2021-07-12,34144.37,34678.43,33335.76,33502.96,25961.852002,33460.76849999999,33499.7042,33539.44005,57.12805531143664,2.2249216572454316,-6.681191929143878,23.48436693477907,17.756061756686364,33511.27940626095,33410.257593739036
BTC,2021-07-13,33018.0,33340.0,32280.0,32587.66,24998.623012,32538.517,32534.1348,32691.64265,58.986492109737995,18.787864521258598,11.981703160977709,31.423712396559843,18.05825704541508,32613.642631871837,32463.391368128163
BTC,2021-07-14,32304.45,32959.21,31550.0,32869.79,31818.855352,32815.8495,32821.66,32575.582449999998,56.8425740661401,18.837633989125607,10.822887761980791,44.27615119214065,28.502885183712515,32915.17955677668,32716.51944322331
BTC,2021-07-15,33076.56,33104.91,31455.0,31872.56,29178.684926,31778.820499999994,31825.1454,31807.48045,64.30211005642059,-0.6165995736446348,-14.121604679788474,40.32282843512999,13.558742209755815,31854.61542422436,31703.025575775628
BTC,2021-07-16,31779.43,32049.45,31020.0,31910.43,28921.663147,31869.799000000006,31840.128000000004,31551.0285,59.01948121997959,7.789153016212367,8.251094703075374,32.24539045300975,10.467842402338684,31923.033214523257,31816.564785476756
BTC,2021-07-17,31462.8,31955.92,31190.0,31733.01,20237.383812,31671.912,31656.417200000004,31495.6725,64.63481503447721,13.96418923127203,11.475695513984935,27.3794866332857,20.861643809410985,31722.491894661034,31621.332105338966
BTC,2021-07-18,32027.33,32435.0,31470.77,31497.59,17953.675127,31663.2555,31691.094399999998,31719.7245,13.331896575824048,-33.135762377194624,-16.83781736828728,30.638011684330746,28.571568166636197,31761.194631806673,31565.316368193326
BTC,2021-07-19,31474.44,31899.0,30407.44,30768.58,30830.229587,30657.529500000004,30628.8298,30905.16565,65.65215603435468,32.09807052893302,18.311568245796135,51.931819565390995,26.095467265136715,30767.663807365636,30547.395192634373
BTC,2021-07-20,30632.47,30695.11,29278.0,29641.83,42612.236004,29626.548499999997,29580.0936,29642.3666,53.89973010197456,9.068136104360747,13.901140355841347,66.52198764467776,12.827978581507608,29756.214857285155,29496.88214271484
BTC,2021-07-21,29575.99,31792.4,29550.57,31663.26,39229.686101,31664.889000000003,31629.154,31545.886899999998,52.71495318434733,-3.775141534071736,-2.1275667401611638,39.313690790064086,24.835080384130595,31769.99280618884,31559.785193811167
BTC,2021-07-22,31992.16,32344.9,31708.0,32218.97,25754.179605,32118.1615,32090.387799999997,32008.9515,66.97464941927787,23.627055814758933,9.52316698308513,42.61446660593136,23.037930637637288,32234.734751524433,32001.588248475564
BTC,2021-07-23,32345.28,32915.0,32210.0,32443.41,24825.867571,32506.855499999998,32516.2228,32411.478199999998,32.08898095055126,-17.257087932415743,-6.695009497043978,24.118622225438997,22.342570980209686,32580.89688801409,32432.814111985906
BTC,2021-07-24,33573.32,34065.71,33414.95,33834.7,24294.918335,33792.7385,33779.714,33798.8674,63.89372163378588,13.225248096459836,8.42147602030488,19.10659692657299,21.40105658701959,33840.60570893425,33744.87129106575
BTC,2021-07-25,34036.98,34800.0,33851.12,33969.99,25950.273845,33947.724,34055.176,34236.31965,46.836573589555016,-21.200629008752003,-31.76901916681268,40.63388642827766,38.839356871030155,34030.98397871795,33864.46402128205
BTC,2021-07-26,37915.98,39265.17,37438.99,38298.86,67446.028096,38398.652,38400.5094,38437.055049999995,37.35612178881915,-25.5833005112072,-12.307447548212537,52.05216959281257,19.852872075568143,38519.22611804955,38278.077881950456
BTC,2021-07-27,37090.64,38771.91,36383.0,38292.41,51998.486087,38141.436499999996,38157.7962,38145.8455,58.82722654234342,74.35211353340856,47.78805445159777,91.3324497079548,34.778476433937165,38505.84430361113,37777.028696388865
BTC,2021-07-28,39334.86,40900.0,39181.73,39679.7,61856.762971000004,39676.8045,39650.158200000005,40082.03765,51.628626156871015,-14.43291868367669,-6.984264754169876,61.42111075332866,15.866214924072612,39777.59662736485,39576.012372635145
BTC,2021-07-29,39508.89,40640.0,39200.0,39810.33,31827.030393,39737.2825,39809.7388,39790.60045,53.37213324168594,-6.891383453250455,-14.771655909941371,65.91986798508137,18.95100287841744,39904.0245930514,39570.5404069486
BTC,2021-07-30,39961.03,40250.0,38313.23,38943.87,34389.215474,38980.8575,38966.757600000004,38834.863699999994,42.451577204371915,-11.007825280124962,-2.8555043464539214,32.11873993995864,26.160315319821187,39032.100488159005,38929.61451184099
BTC,2021-07-31,41920.1,42199.24,41000.15,41359.49,24317.000115,41447.9775,41389.4522,41516.5515,39.93610541059762,-4.177164125321724,9.565324143485784,46.49567524939205,12.791454471709315,41517.91734955044,41378.037650449565
BTC,2021-08-01,41804.95,42599.0,41313.3,41369.29,23213.642044,41385.726500000004,41432.192200000005,41538.11750000001,44.06337092211482,-26.51462109649583,-25.996473304679576,38.653952059612564,18.76774995654043,41460.45637843419,41310.99662156582
BTC,2021-08-02,39644.82,40480.01,38907.51,39535.97,29763.026497,39595.0415,39604.92860000001,39433.949649999995,37.09635897272041,-6.987955667565984,-0.2258922327511932,39.74322235752306,14.160442106332933,39640.26651444479,39549.81648555521
BTC,2021-08-03,39115.6,39191.03,37703.75,38534.24,32584.640903,38580.146499999995,38531.8028,38422.09255,45.090327315375276,12.522429084812757,22.260952606153204,46.59519890386655,18.664209062733494,38669.3971058856,38490.895894114394
BTC,2021-08-04,38516.82,39237.73,37508.56,38940.34,30175.354236,39043.3915,39033.6434,38669.696950000005,35.92744779205586,-24.665955302785733,-10.017547385367392,50.96958314248358,15.127353775921001,39153.76903200501,38933.013967994986
BTC,2021-08-05,39422.2,39591.99,37332.7,38492.82,40610.918539,38389.606,38226.262200000005,38002.811,62.008636561105234,51.51951669484697,52.873051847538306,78.99216666100351,26.854263229039514,38488.80741982441,38290.40458017559
BTC,2021-08-06,40103.23,41199.99,39853.86,40803.74,31861.769402,40741.10799999999,40782.9916,40762.593,55.15826105239459,2.6334217499752413,-11.635149779808925,51.42270518125551,17.993318341310857,40834.85994197442,40647.356058025565
BTC,2021-08-07,42895.38,44555.0,42873.02,43611.63,42971.122257,43464.483,43390.014,43658.17855,66.42472644631084,42.54733508513891,26.155703490288914,67.48312771610216,19.46199200400099,43592.0909170102,43336.8750829898
BTC,2021-08-08,44144.59,45310.0,43785.0,44344.56,37927.008331,44394.3245,44555.27480000001,44699.26440000001,41.28566667583734,-73.78237018024083,-79.00418371753403,82.8215119027457,33.6216101140219,44578.38755424766,44210.261445752345
BTC,2021-08-09,43039.62,46250.0,43023.01,45725.28,40736.089858,45809.4725,45767.32619999999,45730.052800000005,44.782915064243134,-54.15904445783963,-37.426772788986135,95.93219153476578,18.383447133888353,46079.10426547659,45539.840734523415
BTC,2021-08-10,45707.36,46171.42,45188.22,45433.19,29362.010072,45462.783500000005,45476.3526,45595.6807,46.734588730963935,-23.087346276319295,-21.01618129683485,66.12017148218204,15.832679634394646,45550.179400424866,45375.387599575144
BTC,2021-08-11,45662.53,46571.42,45341.14,46436.93,27466.631399,46391.1655,46332.3632,46128.93425,60.35038633289594,28.608578956424026,25.486919483767604,45.42313943230215,18.91844905674574,46452.53086725858,46329.800132741424
BTC,2021-08-12,45825.37,46218.12,44043.48,44271.41,34495.024912,44265.015,44368.072,44640.13434999999,46.682594926920565,-17.499046875338536,-33.29589915841776,89.64324797434844,15.258613760574828,44409.56928274549,44120.46071725451
BTC,2021-08-13,44669.91,46666.0,44666.53,46404.33,31424.46802,46458.936499999996,46522.217000000004,46456.01515,37.99124856932693,-36.86932368409907,-30.40570826243454,41.80756397600411,34.0473573135592,46543.69517607865,46374.177823921345
BTC,2021-08-14,47701.69,48144.0,45971.03,46736.03,30558.68798,46746.469,46620.7734,46422.64074999999,55.791581136044464,23.84354572828306,35.4938177153363,46.58780470875006,38.33504939161179,46821.09257372533,46671.84542627467
BTC,2021-08-15,47195.0,47372.27,45500.0,46231.34,24409.209574,46295.6575,46220.0888,45959.25565000001,45.510105314958516,3.0865414812069503,22.494901496640193,55.97433074992237,31.891229681168625,46394.898078774706,46196.4169212253
BTC,2021-08-16,47554.52,48053.83,46232.23,46349.49,29720.200538,46346.333999999995,46399.3558,47056.058300000004,48.16797690123132,-29.351044293238374,-32.18952953720431,59.4890444339165,35.82848554523831,46406.57637624445,46286.09162375554
BTC,2021-08-17,45966.47,47160.0,45636.97,45932.23,27799.684013000002,46020.0,46205.47800000001,46631.0329,36.61440119333534,-66.61875422993762,-76.93686495042496,77.90242859463802,33.80237080480723,46183.53112914743,45856.46887085257
BTC,2021-08-18,44564.57,45560.0,44278.18,45348.99,28568.59153,45311.856,45286.6344,45075.844000000005,57.074942376105724,-3.9071604486816796,-5.544550545262945,50.60057444803249,17.971674651531984,45438.70135772493,45185.01064227507
BTC,2021-08-19,45026.0,45480.0,43927.7,45361.29,29144.282814000002,45311.284499999994,45208.0184,44644.836,59.77001373575106,28.69431469578558,28.93962277953866,69.28020834175737,21.653435250939573,45454.87356483351,45167.695435166475
BTC,2021-08-20,47115.68,48390.0,46700.24,48244.61,27896.649187,47948.172000000006,47824.8192,47304.31005,79.88598751962073,59.762202606128994,45.940454390904435,88.21411062541031,29.058785741387183,48101.66339358138,47794.68060641863
BTC,2021-08-21,48987.81,49405.52,48222.0,49056.68,28028.917691,49021.066000000006,49053.0804,48877.003300000004,54.63916323967157,-10.525189797423081,-15.598225126689005,44.72402486495912,26.773467349973693,49066.81012023541,48975.321879764604
BTC,2021-08-22,48951.39,49500.0,48411.93,48612.79,18327.22869,48744.774,48804.013399999996,48923.7604,37.30585261053776,-68.43110055020225,-49.52030176828781,64.99968775272463,37.852777207470275,48968.99174358031,48520.55625641969
BTC,2021-08-23,49411.08,50500.0,49409.91,49754.33,33016.272609,50033.001000000004,50121.90060000001,50238.27215,28.690345439315905,-116.54068845024449,-87.69334515690647,89.1265613287249,53.4451257793874,50445.5577689368,49620.44423106321
BTC,2021-08-24,48876.98,49860.0,48300.0,48696.19,25281.002169,48601.593,48558.67020000001,48994.78715,59.757941918309285,31.638332458402147,22.83499716507532,63.7721527638549,13.983280992603769,48720.76584256232,48482.42015743768
BTC,2021-08-25,47881.14,48603.84,47126.28,48364.3,27092.833431,48098.2875,47770.2306,47696.87375,73.41273992174398,165.5345030164899,151.3009647966111,108.53113359124373,50.96247876804303,48427.189895605334,47769.38510439466
BTC,2021-08-26,49046.38,49131.99,46250.0,47067.77,34367.28298,47135.143000000004,47211.948200000006,47061.12025000001,39.927504761662824,-56.045270788119524,-48.537342120281934,65.98432720132983,30.559670095451644,47308.666041367476,46961.61995863253
BTC,2021-08-27,47462.3,48184.99,46572.36,48017.32,23162.280277,47985.372,47718.12,47458.66180000001,59.0153472309795,98.55443014697084,117.74739350141631,76.39693896949656,34.95704330846224,48228.1791393186,47742.56486068141
BTC,2021-08-28,49091.23,49200.0,48500.0,48500.0,14548.656571,48582.725,48630.70680000001,48741.142850000004,35.19608503185743,-29.68743243773497,-23.894417009216983,39.675136934529114,14.725569786796058,48661.3219094791,48504.1280905209
BTC,2021-08-29,49508.78,49561.98,47762.54,48344.53,18045.79512,48327.2445,48361.204000000005,48376.62279999999,50.270477238344114,-10.629411652065755,-14.85132258378773,38.84870535251169,9.079110555393287,48380.76745076722,48273.72154923278
BTC,2021-08-30,48484.99,48700.0,47370.0,47865.55,20106.39282,47850.6265,47823.8358,47714.9406,56.73986616157373,-1.7911167251731968,2.4231839090946043,32.86637767618409,20.348994775624917,47920.94174422808,47780.311255771914
BTC,2021-08-31,46941.37,48246.11,46750.0,47462.26,29287.57352,47504.0205,47717.4094,47817.961299999995,42.22081108775193,-75.79801459414739,-81.26596836020198,75.89034269959484,46.557337740619374,47643.777253463515,47364.26374653648
BTC,2021-09-01,46570.88,47836.69,46512.0,47443.15,22197.13451,47537.364499999996,47502.972,47629.67175,39.90988355609608,-14.65332870783459,4.5319973985418365,47.2749255269635,20.999717019746047,47650.95768033611,47423.77131966388
BTC,2021-09-02,48750.32,50450.13,48742.15,49812.01,36617.450849,49941.498,50051.8608,50034.053,31.148443989877606,-78.28805738098163,-63.220496630821756,69.91486396050557,30.11347287001673,50129.316000160696,49753.6799998393
BTC,2021-09-03,48589.26,51000.0,48316.84,50510.01,38847.992427,50810.902500000004,50741.4996,50496.2233,32.94475337013829,-39.27993774881179,9.179687884898897,131.3350246938613,30.815906073785836,51088.490225512076,50533.31477448793
BTC,2021-09-04,49809.83,50535.69,49575.83,49972.33,19230.86963,49941.7795,50014.299600000006,50066.67375,49.89478970007328,8.760682435691706,-6.289631907117891,41.348246752750796,27.695125331642412,50053.90088912296,49829.65811087703
BTC,2021-09-05,50042.98,50494.11,49450.0,50409.99,17746.02817,50413.8965,50308.094000000005,50174.6485,54.79370615009024,27.587197918372112,36.96758333006789,45.660587267242086,27.763912045686233,50466.45502139343,50361.33797860658
BTC,2021-09-06,51809.0,52188.8,50969.33,51541.35,28654.701319,51636.852999999996,51579.4488,51427.93495,37.26941094076177,-7.948392150770815,9.926419220217525,36.25020289384098,24.669329007926674,51742.347308870136,51531.358691129855
BTC,2021-09-07,52608.63,52920.0,49692.43,50076.08,47929.700599,50088.452999999994,50411.0008,50833.684199999996,44.26818921786217,-105.88113343010627,-129.4970845168605,147.5203445224418,55.78834121949732,50300.58461425118,49876.32138574881
BTC,2021-09-08,46831.28,47340.99,44412.02,46175.71,42829.82818,46236.333,46219.96119999999,46389.735949999995,44.895475467495906,-6.723377732800145,3.6080282686203455,66.9731595401312,18.361427336751525,46324.506373098695,46148.1596269013
BTC,2021-09-09,46038.8,47240.68,45513.08,46998.0,31935.06636,46991.052,47001.3384,46606.6314,50.15208440855784,-9.75379627289658,-9.739299639431387,51.000232979405325,9.230078918046113,47039.10955699496,46942.994443005045
BTC,2021-09-10,46668.67,47033.0,45023.32,45246.56,27107.97979,45386.696,45636.879199999996,45949.89405,39.09928125249447,-116.300330412334,-122.64526537358589,145.0361874144595,44.135492329139296,45756.945333363605,45016.4466666364
BTC,2021-09-11,45302.99,45796.93,44765.52,45676.78,17090.15147,45680.27,45617.420999999995,45584.81205,52.3430038942657,25.88542212374159,29.130618034959898,39.73962212605834,27.017344769146597,45791.60978156938,45568.930218430614
BTC,2021-09-12,44800.0,46270.56,44742.06,45953.78,16351.630220000001,45929.7875,45926.9214,45990.18949999999,53.83511393829981,8.065729170200939,3.577657369664035,33.45938512352963,12.434008188364746,45978.55948001429,45881.0155199857
BTC,2021-09-13,45393.96,46880.0,43370.0,44080.12,47129.334389999996,43956.726500000004,44672.022000000004,44831.70625,47.16904013545816,-131.11935314343282,-196.89253643547448,225.0842577036246,29.675196219038828,44311.65088069555,43601.802119304455
BTC,2021-09-14,45262.9,46750.0,44976.84,46374.11,23904.59097,46303.1735,46324.5646,46264.2381,55.741103554752215,12.638149365215213,-4.131977043700751,60.58320208729137,16.651868690636395,46406.7071001999,46199.639899800095
BTC,2021-09-15,47265.21,47870.0,46682.32,47675.46,22416.87772,47742.0785,47773.694,47578.4573,38.35402963126323,-22.699010603377246,-14.036292136847443,41.97784724905442,12.240880778885545,47812.91173380525,47671.245266194754
BTC,2021-09-16,48034.0,48557.0,47211.35,47587.76,24603.87448,47549.8615,47519.19,47847.1016,54.54429763947872,17.643648094963282,13.290310933381964,63.702761067271794,17.714023140643175,47650.492218825515,47449.23078117448
BTC,2021-09-17,47685.88,48150.0,47126.1,47410.69,19414.71508,47452.5895,47397.6954,47403.36905,45.980296997410285,-4.744447601515276,6.4010183647773,28.841199651370733,19.60805706701265,47536.21741028661,47368.96158971339
BTC,2021-09-18,47493.34,48843.2,47403.97,48414.23,19081.08098,48462.110499999995,48455.657999999996,48478.3926,43.285211367696206,-16.62430856564606,-5.169591498610555,31.713137310285436,25.44796740891322,48545.58974496049,48378.6312550395
BTC,2021-09-19,47777.33,48333.0,47069.01,47473.7,16030.91485,47486.402,47438.34180000001,47398.8171,50.28448252412685,5.395346551660623,11.205533693022327,28.870148354865623,18.71960140212823,47525.21135072136,47447.592649278646
BTC,2021-09-20,47069.99,47312.93,42500.0,43988.72,52398.174433,43894.1685,43951.418,43686.322250000005,57.572462546917336,9.014315789827378,1.4043375799790763,68.90217849353122,14.169991894309447,44057.675636030275,43730.661363969724
BTC,2021-09-21,41822.66,43639.0,41761.27,42706.21,30265.650429,42700.3995,42814.669,43140.99325,48.87999346802395,-28.408856007059512,-38.212299741863944,77.53248687326838,39.27511944681299,42803.41376764752,42597.38523235248
BTC,2021-09-22,41961.01,42749.4,41820.01,42513.15,26929.43446,42480.634,42416.254799999995,42196.22785,57.459631373335625,29.680085678206524,30.68469780874602,52.47677129035204,26.33927764842094,42572.58063004009,42388.68736995991
BTC,2021-09-23,43214.99,44386.6,43186.76,44139.99,25522.28452,44112.265,44078.3992,43742.8656,56.45330881534674,9.488565760926576,9.397326784004484,51.701767669341166,25.7554663487171,44187.346818439095,44037.183181560904
BTC,2021-09-24,44629.67,45200.0,40675.0,42569.99,63973.375612,42356.1665,42163.7574,41545.99145,65.48366453756373,115.27157282553526,103.11536847072527,110.4588655391164,42.98482547851451,42643.498822951464,42068.834177048535
BTC,2021-09-25,42475.58,42966.84,41646.28,42363.61,21367.39518,42305.9315,42429.6496,42454.389050000005,50.44743618231474,-21.093069059657864,-35.53011627780013,72.30446188504061,16.733025590466177,42404.51438477686,42207.348615223134
BTC,2021-09-26,42548.99,43746.9,40750.0,43195.89,33283.44659,43235.563500000004,43204.217399999994,43218.4129,47.61100342041713,-6.5050948034840985,3.104166699552062,42.725658166265056,16.9630735070352,43350.606441769654,43120.52055823035
BTC,2021-09-27,43869.52,44350.0,43260.75,43345.01,20682.11869,43611.3635,43552.119000000006,43567.754349999996,35.76162388790933,15.774999091139762,48.4178454261838,106.79929638240756,32.200413189609186,43949.04544273786,43273.68155726214
BTC,2021-09-28,42269.28,42787.38,41278.49,41574.06,26978.87145,41479.021499999995,41671.9548,41961.6683,51.796266887829255,-36.475599939440144,-60.89756332190942,105.39227420644137,21.79932530456961,41600.05432980843,41357.98867019156
BTC,2021-09-29,41697.24,42590.0,41334.0,41450.99,20760.32315,41517.159,41648.9234,41983.66435,35.75925827118319,-51.71299074088165,-53.77800874684985,56.58494036352611,25.139602468566586,41620.168394504006,41414.14960549599
BTC,2021-09-30,43014.79,43830.0,42697.01,43047.63,26705.98891,43078.558000000005,43083.52099999999,43209.8399,45.94835101960679,-3.5181366054093814,-3.9463679742317743,56.79679493501314,12.272301743719849,43141.74437751992,43015.37162248009
BTC,2021-10-01,43545.92,47886.11,43283.03,46945.03,42799.02685,47058.857,47123.8416,47312.30850000001,31.815948121088038,-34.99756241202704,-27.697735751666098,55.346735318952796,28.376941921736528,47149.71581776221,46967.998182237796
BTC,2021-10-02,47999.99,48336.59,47430.18,47913.48,16602.74316,47882.243,47935.5566,47758.075549999994,52.7561472829559,-21.44289045127516,-23.613149058988586,56.63763937615706,16.541776656962025,47962.15116531714,47802.334834682864
BTC,2021-10-03,47367.1,48150.0,47231.42,47985.06,11496.1833,47985.0665,48017.4872,47987.274750000004,47.77106455087129,-10.617873234223225,-12.159821738222913,24.61896184286766,29.54643340456173,48009.40390764238,47960.72909235762
BTC,2021-10-04,47928.24,48500.0,47234.21,47743.61,18983.53783,48152.3765,48113.8742,47791.97435,24.440628415408902,-59.31584269904124,-13.630492006086529,85.99264655116956,26.45342856461939,48423.52281152044,47881.23018847956
BTC,2021-10-05,49394.54,50388.0,49050.36,49697.28,25313.31588,49981.365,50122.02940000001,50006.516149999996,23.90830632992949,-90.41144616468227,-64.87688638516393,73.68699267211072,32.43453445754331,50213.50268039675,49749.22731960325
BTC,2021-10-06,51195.3,55555.0,50382.41,54239.68,52449.017887,54221.69500000001,54094.538,52922.141,54.67047040205414,35.058373079918965,39.77808832327676,90.59757329437969,15.100432540767446,54299.07528727325,54144.314712726766
BTC,2021-10-07,54752.25,55237.04,53357.0,53720.72,34154.35602,54270.928,54432.107800000005,54185.93475000001,29.49822897292108,-209.01562496995757,-117.95804930064848,138.43676196269826,36.58213846329095,54940.512191736714,53601.343808263286
BTC,2021-10-08,54063.82,56100.0,53617.61,54569.81,32301.31368,54446.668999999994,54359.691,54806.13545,67.35218599557402,55.84484727619565,37.350232322132996,65.14657448888788,23.035292184514113,54600.28876511875,54293.04923488124
BTC,2021-10-09,54034.23,55489.0,53841.41,55175.67,27620.23991,55135.880999999994,55180.7576,55059.3814,53.035294943936805,3.583149623198551,-4.411646674620382,45.954399746455906,10.127619962614125,55221.898628168616,55049.86337183137
BTC,2021-10-10,54638.24,56074.43,54080.0,55181.93,47053.56024,55274.840000000004,55269.4646,55090.50855,37.122835930859374,-25.85597298630455,-11.40198324688422,49.040695884336614,16.517894156647436,55389.733499902155,55159.94650009785
BTC,2021-10-11,55346.14,57678.0,55278.0,57500.0,32669.924154,57413.12849999999,57296.5958,56737.17775,58.58568432225478,82.2698189671064,74.77186400442963,89.87612650985392,30.13045117107424,57660.943484640986,57165.313515359
BTC,2021-10-12,56918.3,57680.0,56400.0,56888.02,25211.27553,56934.15449999999,56971.7008,57086.0466,43.43281043316592,-28.438597197928175,-24.095898085518133,71.75849936508246,16.25270792035005,57038.75360410047,56829.55539589951
BTC,2021-10-13,56314.48,56469.99,54167.19,55583.8,30731.22281,55252.77699999999,54957.609599999996,55041.42600000001,69.772011305189,208.27965771128947,171.63007171955567,116.97366720740253,49.133504891667755,55839.88781799291,54665.666182007066
BTC,2021-10-14,58150.01,58532.54,57189.0,57398.44,23602.838204,57498.538,57487.238,57619.4923,41.61583877766839,-42.965515968542604,-23.709395321834215,65.26305934088813,31.479711631324413,57679.634369217354,57317.44163078265
BTC,2021-10-15,56913.4,60361.5,56850.0,59899.98,45600.409587,59952.3485,59998.5522,59611.70235000001,46.977259182295796,-40.63895901340584,-33.686406408208214,96.51118788480154,19.984731019712083,60161.411047989626,59743.285952010374
BTC,2021-10-16,61480.79,62378.42,60398.73,61041.96,22885.87086,61124.234,61052.497800000005,61185.76445,41.38204903534392,11.37774722326867,22.548262609779663,47.126027602588486,13.33287608887586,61180.28022570779,61068.1877742922
BTC,2021-10-17,60995.0,61465.9,60299.33,60790.88,15767.26289,60846.3505,60876.596600000004,60936.0329,40.45555015200848,-13.88167695177981,-15.171527822931766,45.91952621422292,16.226209337876618,60946.26333030271,60746.43766969729
BTC,2021-10-18,62315.73,62695.78,59844.45,61881.56,32621.62821,61961.652,61884.5756,61174.31025,45.86998444078679,2.659426823622198,28.17803766936064,76.39535210403925,19.463400323736423,62104.3227384976,61818.981261502406
BTC,2021-10-19,61838.25,63278.61,61322.22,61859.0,27790.230654,61927.518000000004,62328.65239999999,62323.69665,42.218185116809245,-144.88573629313032,-169.131942678697,154.94334541612446,39.282621571386656,62463.687915329414,61391.34808467059
BTC,2021-10-20,64172.46,66600.0,63481.4,66450.93,27961.380939,66211.102,66040.7864,64650.533899999995,68.26164958837084,173.7254398768273,156.59249701456406,127.80785261708327,33.95792860170849,66733.05421404206,65689.14978595794
BTC,2021-10-21,65550.64,66639.74,62888.0,63765.48,41529.46398,63755.19750000001,64383.0446,64897.0408,45.30511471816618,-224.63478077827313,-273.4157313084148,237.66691288819143,50.246883712888156,64442.94769581078,63067.44730418924
BTC,2021-10-22,62899.96,63732.39,61111.0,61453.14,24563.53294,61715.210999999996,61981.6716,63036.754199999996,36.65210227884434,-156.8810341074277,-134.7194079752478,177.25172620439855,49.15651044796242,62063.02181891711,61367.400181082885
BTC,2021-10-23,61126.75,61747.64,59562.15,61173.14,16795.81145,61170.355500000005,61245.9568,61420.6046,48.121547809603285,-24.804004289617296,-27.39013659118453,52.3149362318604,23.53613374522427,61238.43587969115,61102.27512030886
BTC,2021-10-24,60979.99,61289.9,59803.61,60311.57,15035.87188,60334.6345,60432.363600000004,60432.90779999999,39.822647836483505,-31.76362676784629,-37.22745499644803,53.35181951876269,24.35182461150791,60392.74991085658,60276.51908914342
BTC,2021-10-25,61979.24,63388.99,61637.31,63096.01,20673.70821,63094.534499999994,63132.083,62960.344900000004,50.207508253667996,-18.179357493048883,-21.52236070338887,42.912586951859744,19.513380897041692,63216.76128814262,62972.30771185737
BTC,2021-10-26,62969.99,63110.0,61801.0,62023.0,17671.81255,62067.167,62087.11319999999,62450.925149999995,44.4654295707995,0.9442563364500529,-0.8235382363086151,63.391686349314064,11.497444558868494,62147.65364015774,61986.68035984226
BTC,2021-10-27,60727.53,61496.0,58000.0,59195.12,41866.49313,58905.705,58938.6818,58892.455350000004,71.93299482397249,44.631713200651575,8.132106358317728,75.35064631123421,19.723082759850033,59113.760626267795,58697.64937373221
BTC,2021-10-28,58790.48,61800.0,58551.69,61400.36,29845.44401,61340.509999999995,61423.2882,61184.8508,53.1094576492455,-10.110234439722262,-25.428832406666334,57.55578958077696,14.957189510701234,61426.950770014875,61254.069229985114
BTC,2021-10-29,61262.54,62100.0,60350.44,61073.19,24385.63705,61108.31999999999,61163.5192,61027.955200000004,45.512459488279674,-10.630418589440524,-15.080781962972196,76.93014252210827,13.363387801660084,61197.42889495559,61019.21110504439
BTC,2021-10-30,61966.98,62253.0,60673.0,60932.43,17433.04141,61076.172999999995,61322.810999999994,61532.84225000001,35.77420964274621,-110.81051501227921,-104.66227291794735,105.11306820308975,42.402168740960235,61269.615924201535,60882.730075798456
BTC,2021-10-31,62375.57,62380.0,59945.36,60491.9,25052.04283,60597.559499999996,60444.004199999996,60434.35859999999,46.46505942641142,28.383351256372407,51.33705934879869,90.30465473748038,14.601573823940248,60708.14566576504,60486.97333423495
BTC,2021-11-01,60700.75,62437.74,59405.0,61523.88,30118.02383,61516.50299999999,61495.9966,61734.420150000005,50.858777689675115,6.60873370225454,3.7864892758391697,53.73021026438574,11.60654648358916,61588.74169713933,61444.26430286065
BTC,2021-11-02,61128.01,63988.0,60770.82,63771.99,27505.84878,63529.48049999999,63433.94440000001,63273.46230000001,68.20299140995806,79.40954191278433,49.704061222225825,120.30133744989519,26.51062231774473,63776.21466994286,63282.74633005712
BTC,2021-11-03,62894.18,63500.0,61579.57,61963.01,22351.05338,62023.54,61955.960999999996,62171.04430000001,46.49263976759928,12.214084914034174,25.32168906100265,48.199092169817455,20.69899829629832,62096.94700810838,61950.13299189162
BTC,2021-11-04,62406.42,62826.95,60775.0,61304.91,22009.37609,61105.7405,61367.6304,61752.25230000001,55.847471462696056,-18.00314358070318,-55.704708852605066,114.00849274441437,25.109711493101038,61398.075931479354,60813.405068520646
BTC,2021-11-05,61868.27,62595.72,60841.3,60900.0,19528.18585,60998.801,61091.364199999996,61434.20375,35.92422864815724,-27.19282425101119,-21.446840288251156,73.98795108683031,26.099864595731635,61157.816190459074,60839.785809540925
BTC,2021-11-06,61009.02,61560.49,60050.0,60611.55,17148.91738,60655.688500000004,60659.639,60503.251800000005,43.509823621144676,-20.214396069459326,-12.257784788262821,45.47832620388497,29.130045794663804,60758.388706286554,60552.98829371345
BTC,2021-11-07,61835.04,62350.0,61468.48,61777.01,11351.38766,61802.801,61836.7204,61891.61455,43.18639035946411,-18.144139532021654,-22.675313367405877,33.812983641998116,24.76578859415278,61913.79742118595,61691.80457881405
BTC,2021-11-08,65261.26,66423.0,64966.27,66138.31,25724.01445,65805.48250000001,65584.04239999999,65626.7039,76.80837776452921,167.27137253606634,127.79421702084898,86.92631372365925,62.80397363084807,66253.99124943062,65356.973750569414
BTC,2021-11-09,67610.37,68524.25,66622.4,66983.26,27536.050298,67110.758,67151.8516,67581.3063,41.9526041067068,-28.856017876649275,-23.887681646236874,122.6847168055125,15.035741544109515,67248.27351863224,66973.24248136776
BTC,2021-11-10,67044.76,69000.0,65888.0,68453.68,25564.464856,68336.281,68324.55219999999,67569.3432,61.604426231600925,21.60673535737442,5.926404109537113,67.29003621867886,12.257234901205573,68460.05975146455,68212.50224853546
BTC,2021-11-11,64420.96,65600.07,64100.0,64824.48,22643.1255,64876.064,65075.895,64900.931099999994,40.5546646305348,-87.73843548940931,-90.94244624580627,80.03500551232483,44.02240109604427,65092.25475219786,64659.873247802134
BTC,2021-11-12,65279.3,65341.17,62900.0,63086.1,25520.36078,63121.824,63288.32519999999,63663.16065,43.872079857260374,-51.80948281168821,-57.93564748091156,108.6546320536598,21.845170428381415,63283.05206137862,62960.59593862138
BTC,2021-11-13,63801.63,64843.0,63360.22,64729.99,13242.29841,64631.005000000005,64653.6026,64020.62105,59.683541193689486,20.222803265569382,7.135667289004042,52.00678432661531,15.321720629280627,64759.39279607172,64502.61720392829
BTC,2021-11-14,64853.05,65201.72,64000.0,64093.83,11982.57083,64149.468499999995,64197.3588,64456.93665,41.76605215173112,-22.507145900206524,-21.268424990652893,45.2314124786734,14.69388697965177,64219.81317151548,64079.12382848451
BTC,2021-11-15,65840.01,66401.82,64400.0,64456.03,18964.39677,64600.2785,64686.8366,65293.70415,34.79452563368034,-55.77902898190223,-45.424018388957144,69.94923857187626,29.84569905200873,64731.12451977988,64469.43248022012
BTC,2021-11-16,62156.99,62178.11,58574.07,60848.25,49932.79683,60856.5735,60924.9592,60671.367999999995,46.527003551429644,-12.260086143389344,-19.50525865730993,67.49757533747129,9.902537665591142,60939.91541509216,60773.23158490784
BTC,2021-11-17,59425.22,60840.23,58373.0,59585.86,29553.19383,59486.58400000001,59580.1992,60119.99480000001,55.92314428115053,-25.52522783880704,-46.293447904721674,81.72364034001129,22.31090268566369,59628.54644325882,59344.6215567412
BTC,2021-11-18,60430.0,60767.37,57650.0,59055.15,31075.87668,58691.8625,58784.1716,59072.51930000001,57.891805198867026,128.1765389406719,66.54729684577751,277.1298671850742,28.482028692476035,59554.74299341402,57828.98200658599
BTC,2021-11-19,56780.23,58087.0,55600.0,57831.0,32559.23305,57786.823,57805.2026,57515.02925,55.249753823022324,-3.8861158645595424,-8.477030194727059,75.38921476604274,12.837677364525433,57891.886497006315,57681.75950299368
BTC,2021-11-20,58914.24,58979.97,57736.0,57781.56,15593.32693,57924.41599999999,58037.098399999995,58400.865300000005,36.2678589773484,-46.19602150689025,-42.07484850340533,79.50131605294527,24.541670955848108,58038.91121970707,57809.92078029291
BTC,2021-11-21,59222.68,59409.61,58486.65,59117.35,17102.26337,59059.219999999994,58978.9754,58958.78375,60.1323675270056,40.71912017606519,39.86501148369215,57.224297672145866,21.450870983077472,59178.90598965461,58939.53401034538
BTC,2021-11-22,57874.1,59444.0,56580.01,58159.2,28182.53688,58185.373999999996,58216.859,57986.89175000001,48.476811558661886,-33.73523143737111,-29.359033215995172,88.77070998462585,15.02751487933487,58351.83975917086,58018.90824082913
BTC,2021-11-23,56672.81,58009.99,55317.0,57194.05,33163.82595,57223.0475,57347.878,56822.30925,45.63410154206495,-34.01645153368008,-28.16421457746317,88.26013489197425,18.75222073411945,57314.291771024626,57131.803228975376
BTC,2021-11-24,56840.2,57560.0,55837.0,56778.12,23338.48572,56395.1115,56294.146400000005,56321.448800000006,79.18385014428384,106.12103998430393,63.47954939220175,91.24095591768224,31.319373632127647,56696.51759670492,56093.70540329508
BTC,2021-11-25,57653.24,58957.69,57000.0,58694.06,23693.59641,58652.778000000006,58701.847,58582.317,53.921646302525524,-9.666155917468132,-16.791660090103566,52.32149497307914,16.777448662959106,58722.77599614478,58582.78000385523
BTC,2021-11-26,58505.59,58558.88,53500.0,54422.25,50825.64133,54414.8085,54470.6734,54367.024750000004,49.0672821803541,-2.8407303882413544,-12.975632003500964,81.24455880356014,12.377229401815221,54517.28041931947,54312.33658068053
BTC,2021-11-27,54183.11,55280.0,54113.0,54893.13,16239.3202,54867.1625,54793.536400000005,54882.7099,54.85102016800367,25.070816503837705,25.778255364442156,52.781460955680906,22.276105220218206,54954.705698220416,54779.61930177958
BTC,2021-11-28,54304.71,54933.8,53666.6,54367.07,14113.48517,54251.717000000004,54294.907,54313.53335,66.98750629483438,17.085613564071537,-2.0355810412326787,35.45354320778941,30.93833012033741,54359.88775225858,54143.546247741426
BTC,2021-11-29,57581.26,57688.0,56666.67,56890.45,17779.54908,56944.257000000005,56964.9024,57076.584749999995,44.24222930417402,-23.800737237652356,-20.94094454053501,60.721925608839236,15.802405825579056,57055.395613110406,56833.118386889604
BTC,2021-11-30,57419.0,59176.99,55875.55,58680.47,27549.285,58868.05900000001,58667.19279999999,58253.046200000004,43.13960949063164,15.989046794573369,69.85589528511737,152.85792927373163,23.66800031179622,59164.47516459653,58571.64283540349
BTC,2021-12-01,56835.64,58819.45,56666.66,58411.26,25239.23829,58536.5245,58517.41300000001,57857.28915,42.40548405562685,14.293295755247527,30.521900333111997,94.93616769074531,15.628413183515049,58756.563871796134,58316.485128203865
BTC,2021-12-02,56896.44,57367.67,55777.77,56165.47,22926.28598,56499.911,56823.4284,56550.16855,24.82156096784626,-160.00012252959277,-129.19169275727882,110.26651437284698,49.810032632083484,56827.72475870509,56172.09724129491
BTC,2021-12-03,56530.62,57600.0,56050.81,56158.02,21265.33441,56222.320999999996,56207.0468,56693.0162,43.624786524700724,-13.657608777364658,-7.419750398209617,68.00299990782946,15.616098647610166,56321.86960418938,56122.772395810614
BTC,2021-12-04,52964.08,53122.86,42000.3,48434.47,91518.097918,48291.804000000004,48122.3788,47486.47825,59.776322195834695,96.9878551172369,88.4811520778071,118.49664775278443,16.99856161167473,48538.79737500171,48044.810624998296
BTC,2021-12-05,48866.24,49699.05,47822.22,47946.86,23768.02707,48310.552,48611.4336,49095.109150000004,29.12174404439785,-198.0361571921385,-165.27349286300634,145.18355229194478,36.279804816008316,48854.609440151005,47766.494559849
BTC,2021-12-06,48887.08,49409.79,47100.0,48671.8,35470.04674,48722.691999999995,48452.4814,48410.299699999996,52.71608272388814,53.5433882805155,85.4543260726504,106.79212858617684,25.632740147402245,48857.169420350045,48588.214579649946
BTC,2021-12-07,50762.32,51850.99,50500.79,51755.11,21112.06026,51605.258,51545.7736,51103.531050000005,62.434394750356375,59.91285468778369,36.49882094071729,88.81736904723688,36.43766237038022,51849.904413960016,51360.61158603999
BTC,2021-12-08,50548.55,51200.0,48600.0,50707.51,25538.52055,50892.0715,50848.1256,49714.311799999996,39.477760459196126,-16.41482271523273,12.451279414542206,95.18050009331952,20.638616989561754,51111.82663912484,50672.31636087516
BTC,2021-12-09,50167.01,50350.0,48048.0,48167.22,20451.50356,48250.677500000005,48471.07880000001,49025.288250000005,36.91496695603628,-87.22274177597865,-98.9626817938759,103.23769150459617,28.283710424666914,48406.982601761156,48094.372398238855
BTC,2021-12-10,48549.99,50125.0,47550.0,48211.0,24414.51627,48311.6755,48324.7804,49056.58895,42.240753455224976,-59.57529865489778,-49.88429716250066,97.91345990877176,30.97781653788327,48502.10221718948,48121.248782810515
BTC,2021-12-11,47983.76,48943.92,47765.33,48669.39,14874.99108,48573.15699999999,48523.405600000006,48438.84199999999,68.57148437389758,41.25703697479912,32.13281061519707,49.34424883331407,19.987773149790012,48681.5935300262,48464.720469973785
BTC,2021-12-12,49243.25,49934.59,48638.0,49703.5,12300.915070000001,49747.270000000004,49763.6146,49670.67539999999,45.75766404901447,-14.184505642202566,-9.99702285920177,45.463124960978526,13.207010445153077,49844.20367113457,49650.33632886544
BTC,2021-12-13,48770.1,49350.9,47322.62,47554.35,18357.69205,47493.673,47672.467000000004,48208.57184999999,50.840576841580166,-43.47349999417929,-70.78875203374687,104.9652770819415,31.26981757708996,47689.15300216111,47298.192997838894
BTC,2021-12-14,46820.0,47959.77,46306.8,47330.93,22050.37614,47375.270000000004,47276.649000000005,47314.63265,49.46025338015681,28.860100727637473,44.422314706542934,68.52916680124233,19.81075004000177,47522.0105603097,47228.529439690305
BTC,2021-12-15,47943.86,48850.0,46862.87,47153.64,19312.51496,47037.239,47133.305,47561.62625,56.40117706806511,3.4972405659937067,-16.98482572805993,77.95145724562741,17.608506163702216,47193.90756709232,46880.57043290768
BTC,2021-12-16,48891.63,49436.43,48243.58,48555.01,17376.71271,48544.4235,48483.9226,48703.4403,51.94925368696167,30.770873304194538,33.31337337910273,66.88723232409849,27.507075777611277,48716.93693568276,48371.910064317235
BTC,2021-12-17,47648.49,47953.22,45456.0,46437.67,25666.66831,46032.0055,45912.1482,46672.258649999996,76.12419780533637,156.57051851616416,99.80361483557365,114.96387961718166,31.537790122866483,46550.374467337286,45513.63653266271
BTC,2021-12-18,45906.0,47392.37,45624.32,47017.06,14196.37258,47046.8035,47032.4984,46942.06705,47.55784555141563,-12.196672862773994,-6.426994322814426,45.128210137097746,21.254036327893125,47155.831080962766,46937.77591903724
BTC,2021-12-19,46624.77,48300.01,46607.41,47207.48,19242.90361,47273.541000000005,47304.67020000001,47291.029299999995,38.31776575902535,-17.294892997684656,-10.5652682911908,44.2008351690436,14.94508087814346,47349.487259396206,47197.5947406038
BTC,2021-12-20,46609.42,47049.87,45558.85,46120.03,19199.05498,46181.232,46139.6728,45883.59675,45.91214207549643,-4.033635294690612,7.841046924587772,65.99533824291976,12.057124209982895,46281.86577913795,46080.598220862055
BTC,2021-12-21,46876.61,49328.96,46872.0,48393.69,26433.93876,48529.861,48594.3262,48785.7314,35.9883550506154,-77.66124222431245,-62.37718562946003,70.30063910234506,33.24156048831333,48809.77929385619,48249.942706143804
BTC,2021-12-22,49029.56,49576.13,48421.87,48838.38,16462.13274,48760.6535,48781.763999999996,48695.696899999995,60.56442851714649,8.577324542275164,-7.557702213328543,44.706676585305196,17.868460444724164,48887.112534040825,48634.194465959175
BTC,2021-12-23,48625.65,48859.61,48031.45,48778.16,13097.27308,48792.9505,48687.48559999999,48656.12355,54.23254716266303,21.623685840801045,33.118504969113665,31.961918526588057,34.38263784717148,48838.72658086064,48747.17441913936
BTC,2021-12-24,51242.33,51550.0,50384.43,50790.57,15542.74239,50779.871,50774.2746,50971.31390000001,50.97564215870708,2.687031804030994,2.2366488751503404,55.413064420155024,22.631286257157818,50862.65658833285,50697.08541166715
BTC,2021-12-25,51033.69,51131.25,50555.0,50783.26,9066.68924,50747.4815,50733.926799999994,50772.20479999999,59.76304749166788,17.62631429110479,14.137315318888295,25.081213266216686,33.342375783455424,50821.65172671357,50673.31127328643
BTC,2021-12-26,50435.4,50446.58,49412.0,50121.98,12505.7734,50137.657,50019.644,49880.90729999999,54.72424532361117,33.86905078385462,42.95671809086795,41.64356057203723,36.78544069782544,50206.393046759316,50068.92095324068
BTC,2021-12-27,50725.12,51677.0,50499.77,51417.35,15288.53137,51475.873999999996,51529.2732,51297.06315,36.96511133649213,-25.73861953924643,-21.689891325230022,35.90510600303703,24.769240696877244,51538.03030213828,51413.71769786171
BTC,2021-12-28,49680.33,49889.58,48301.88,49087.09,24992.28633,49047.6965,49051.948200000006,49089.683600000004,54.676157771592074,19.721315010159742,14.038832764806076,51.60944750276194,12.008300294797305,49149.48922042209,48945.90377957791
BTC,2021-12-29,47897.75,48139.08,46586.62,47811.29,23550.395230000002,47833.0845,47838.976200000005,47284.1221,47.103951733229295,3.722926238529908,5.685111533367688,49.85192989759404,10.89500743366889,47884.71236010529,47781.456639894706
BTC,2021-12-30,46354.71,47719.37,46280.3,47319.81,16384.91657,47360.923,47364.2428,47423.555550000005,42.836140289435754,-21.799123183453048,-15.082679520071991,31.65210333952217,23.460202936573797,47462.969535485456,47258.87646451455
BTC,2021-12-31,46982.88,48548.26,46825.38,47943.4,17829.69345,48010.61,48012.358,47987.361399999994,37.90059973678545,-19.769996567600174,-12.284482635143586,34.66135098018105,18.91933708958884,48112.89451241366,47908.32548758634
BTC,2022-01-01,46903.02,47555.55,46591.23,47394.64,9617.56534,47117.899,47018.2612,47022.5764,77.15325111406723,106.80153277367208,70.50358460278952,64.19599734443963,41.99827688946921,47435.823417112726,46799.97458288727
BTC,2022-01-02,47405.47,47499.45,46770.23,47161.31,8367.95232,47178.865,47168.512599999995,47181.5628,47.41137877810968,-13.926191611790273,-7.967004931311876,26.58270066460116,20.184749915285337,47249.65217214371,47108.07782785629
BTC,2022-01-03,46958.48,47570.0,46722.39,46913.34,12949.35963,46899.7135,46897.309199999996,47135.3109,51.41713677159908,-5.319346586271422,-6.6294933722942,44.20693497811682,10.272117318980008,46955.701285194526,46843.72571480547
BTC,2022-01-04,46044.37,47557.54,45996.26,47132.61,19081.65863,47285.416,47354.0794,46904.55895,30.164639787363,-32.65280162228737,-15.967607082813341,50.670203803401435,22.081581363607683,47388.46030821544,47182.37169178455
BTC,2022-01-05,46343.99,47070.0,45803.67,46497.43,14584.17533,46628.2575,46628.033599999995,46356.08720000001,37.45737131656024,-19.85811261164781,4.097722027044117,61.73641687647082,18.727297510183714,46780.24891421522,46476.26608578478
BTC,2022-01-06,43369.01,43443.08,42430.58,42953.41,25215.75089,42903.0135,42848.770200000006,42947.88065000001,57.28623703231727,35.58803503472154,30.59467940297914,57.94687122482716,15.056038259421383,43040.99617025808,42765.030829741925
BTC,2022-01-07,42942.99,42967.43,41000.0,41323.77,37414.10512,41563.1305,41670.1112,41949.42354999999,26.41093730169033,-59.513183924311306,-37.15197909136914,79.14955975370417,32.61262695461392,41730.64334075768,41395.61765924232
BTC,2022-01-08,41845.01,42200.0,41400.0,41621.88,10247.36889,41618.839,41658.98559999999,41821.0513,49.639908893841124,-16.067584960335807,-20.583189998374923,52.328030979871855,14.157132252435566,41696.10819642335,41541.56980357665
BTC,2022-01-09,41915.21,42170.11,41200.02,41603.09,10323.29388,41545.773499999996,41527.528399999996,41647.651600000005,56.12424732462013,38.02844422790076,28.38856207701553,62.9588747749235,24.827817385412924,41713.24733918349,41378.299660816505
BTC,2022-01-10,41820.38,42248.5,39650.0,41171.74,30213.20178,40917.8495,40834.4018,40803.3834,67.92047508431664,100.00900436347001,76.79300438437704,106.5704217273815,23.385767055300015,41172.9171692547,40662.78183074529
BTC,2022-01-11,41918.33,42627.66,41268.93,41656.91,19258.97769,41782.477999999996,41790.1902,41737.9902,41.92474584123587,-37.99686276655848,-19.119971239940227,93.70704927750603,16.400999572470187,41963.20406072186,41601.75193927813
BTC,2022-01-12,42651.98,44078.4,42450.0,43485.88,22335.78558,43719.0295,43785.87300000001,43589.0745,21.303759068803014,-75.18603748156602,-51.09830933422971,57.63386607545527,33.578362673134684,43952.829770699274,43485.22922930072
BTC,2022-01-13,43639.99,44500.0,43016.5,43186.68,19702.06818,43251.839,43671.92199999999,43833.1281,35.220043923102,-150.84813399971608,-172.67799714750333,91.77348674410547,66.88146631571672,43493.29531720001,43010.38268279999
BTC,2022-01-14,42474.2,43347.42,41725.95,42988.94,21784.94947,43112.9945,43061.045600000005,42442.2563,41.13207802735132,-11.252485368509952,13.491533891919811,66.31391916553163,22.21481314096923,43259.88182477656,42966.10717522344
BTC,2022-01-15,42995.49,43315.0,42555.0,43181.24,11053.541510000001,43172.3435,43155.815800000004,42937.56755,51.18980596045157,20.31027117310441,18.634860617409345,31.6055552659948,15.85500600529023,43256.363178475105,43088.3238215249
BTC,2022-01-16,43062.14,43416.05,42581.79,43225.84,13216.36176,43197.8365,43223.97520000001,43093.5885,52.92062166539056,0.6600005882792175,-3.958184623438624,35.67945862580915,8.758605358744305,43246.68006673005,43148.99293326995
BTC,2022-01-17,42863.34,42981.46,42300.0,42631.33,12687.3232,42583.1055,42577.8712,42622.6705,58.70930031711504,4.311619143365533,-2.4364355173756147,42.29222567843043,18.844359870977073,42654.39614523907,42511.81485476092
BTC,2022-01-18,42224.99,42337.3,41250.0,41665.2,18035.85902,41702.05699999999,41584.0342,41587.16005,48.68050660966658,27.825821432961675,43.00276308525386,57.1309242118485,25.955298208561167,41831.563028910015,41572.55097108997
BTC,2022-01-19,42475.39,42559.13,41138.56,41994.02,20346.9824,42179.217000000004,42327.7768,42214.381149999994,27.59779749336899,-82.3439620916979,-71.48586719840688,64.25247669754148,46.09710310582526,42369.808215967154,41988.625784032854
BTC,2022-01-20,41868.31,43456.0,41768.48,43188.04,17837.83119,43226.132,43149.9318,42479.988150000005,48.7314647215839,20.78826621076587,38.32449739592326,63.25995046765168,28.759874710279355,43364.059632993645,43088.20436700635
BTC,2022-01-21,39788.13,40280.0,37710.0,38703.92,44506.768835,38530.481,38437.8046,38398.86105,59.14282751595369,111.27698691474507,88.08509539265224,111.74005183945684,27.95693626074096,38983.440463126295,38077.521536873704
BTC,2022-01-22,36387.65,36690.0,34008.0,34973.63,62603.799001,35030.561499999996,35120.9758,35506.05675,40.87798167876217,-40.378500997656374,-44.11850905293625,85.58063437520151,18.900132349537746,35143.150024154544,34917.97297584545
BTC,2022-01-23,35160.0,36150.76,34811.0,35197.8,25748.04325,35257.3545,35250.104,35607.0148,41.51088681351381,-20.106738338326977,-15.678114037695202,43.9377550837119,12.653815570642244,35351.925665261515,35162.78333473849
BTC,2022-01-24,35580.01,35640.62,32917.17,34190.7,52242.255761,33942.189999999995,33708.1904,33525.635749999994,66.52955219426389,164.76470727238484,141.05412284678573,137.45096632403389,33.15862253745379,34419.985722624966,33464.394277375024
BTC,2022-01-25,36131.84,37149.42,35701.0,36480.47,28850.1879,36486.841,36377.3748,36490.10695,50.91592052269741,22.935163972368173,39.088087400139756,101.75653282928495,18.489705868269876,36687.4053529544,36286.2766470456
BTC,2022-01-26,36945.84,38499.0,36784.7,37989.86,33126.77253,37983.15,38139.736000000004,38044.58025,45.22306798921827,-44.03974992161238,-59.281132147539694,72.15026569017357,32.11244188795953,38147.16584716276,37819.13415283724
BTC,2022-01-27,35939.1,37199.0,35507.01,36629.96,28806.54395,36714.619999999995,36834.1852,36769.827249999995,37.14500218134072,-62.878963822251535,-62.70293907506844,67.44735248355641,36.61038915101721,36878.41588248778,36550.82411751221
BTC,2022-01-28,36693.59,37500.0,36155.01,37050.02,25564.12183,37029.217500000006,36967.4626,36690.864949999996,54.62573136413223,-0.34953259207395604,-0.9969772906027319,69.45169768460654,21.082883032072868,37213.16032490797,36845.27467509204
BTC,2022-01-29,37592.51,38198.82,37448.58,37528.08,13586.21387,37625.609000000004,37645.3892,37877.2453,32.92421769895601,-28.38478126368136,-19.2160010573184,44.090381157788826,27.36601399493449,37705.72147740419,37545.496522595815
BTC,2022-01-30,37930.0,38359.26,37712.05,37975.21,11374.41862,37960.3545,37896.7552,37914.554,57.45109538200391,17.03898620273685,22.843777481257195,35.252498922605085,19.320014092931384,38046.92094233728,37873.78805766272
BTC,2022-01-31,36885.77,37884.18,36724.0,37785.08,17580.41469,37754.794,37667.572199999995,37291.3994,59.007009865390316,15.592538295946724,20.308437767337438,60.429498763184164,31.876133216617017,37846.84201364421,37662.745986355796
BTC,2022-02-01,38349.2,39100.0,38000.0,38386.07,21336.07209,38436.12500000001,38399.9322,38645.69885,45.76823165697299,-0.06897635938366875,4.257021064398041,66.86367817949112,11.448199385652625,38512.02036283424,38360.22963716577
BTC,2022-02-02,38595.65,38773.41,37389.97,37487.77,17561.61679,37568.028,37636.6958,38244.12085,39.16532302672651,-54.776233806558594,-46.981219752413985,75.73677655220119,29.606530091223544,37720.929652656625,37415.12634734337
BTC,2022-02-03,36840.25,37106.91,36250.0,36860.01,18656.30762,36853.378500000006,36681.477,36622.97645,58.61797895737783,44.867524571571266,55.111747865617566,57.07828924517368,38.693378634003224,36918.77534557306,36787.98165442695
BTC,2022-02-04,37248.79,39819.91,37244.75,39577.98,34093.82982,39558.3175,38806.943400000004,38033.239199999996,62.791132761913595,204.46970031712408,258.52992248031876,150.68526726047807,50.43288425288783,39728.37933309388,39388.255666906116
BTC,2022-02-05,41315.12,41883.95,41099.92,41860.32,16808.85727,41751.5965,41628.7594,41493.85565,68.55892879911339,66.64342964643583,58.39849906821812,56.692589686224096,34.274068825152405,41922.12266459449,41581.07033540551
BTC,2022-02-06,41582.02,42168.0,41116.56,41396.71,12014.2667,41409.9985,41354.8578,41568.423200000005,48.3220009857827,15.550929486809764,19.20546055530805,49.92740219870751,14.327191780587315,41507.62938267048,41312.367617329524
BTC,2022-02-07,42248.52,43777.0,42215.0,43655.46,26250.14156,43413.870500000005,43380.8004,42934.8804,68.10223013106922,90.85116938293504,54.73490109263996,91.91258854454193,26.97286090286742,43710.54179416,43117.19920584001
BTC,2022-02-08,43968.13,45492.0,42854.81,43202.82,43414.84893,43191.115999999995,43302.635599999994,43444.29355,49.43794403750413,-37.01941546859598,-44.09554239362183,83.7917488536773,32.677901685607026,43290.805918731174,43091.426081268815
BTC,2022-02-09,43375.06,44471.4,43117.92,43893.85,19359.49109,43978.543,44043.5858,44069.6383,35.93775155497653,-27.7474151910792,-18.849287455116453,55.361100045303004,20.85448236966596,44082.340654906184,43874.74534509381
BTC,2022-02-10,44260.66,45382.77,43174.01,45325.55,35304.26514,45023.8235,44734.3492,44318.801349999994,70.34036866074061,148.55839029050549,142.79232608990094,129.13438415353306,46.281328096017525,45370.56135505822,44677.08564494178
BTC,2022-02-11,42931.91,43920.0,42814.23,43736.28,18766.13757,43675.0725,43648.9996,43637.8404,58.125745364488395,20.434402681377833,14.968105707083106,72.02786821545675,7.86714931585152,43744.234262233316,43605.91073776669
BTC,2022-02-12,42401.63,42459.06,41688.88,42061.49,13716.22751,41989.401,42019.4658,42150.9671,58.28814674253448,10.299482362570416,-3.8835068137818167,54.35282998693342,14.178836124033444,42076.93739286885,41901.864607131145
BTC,2022-02-13,42235.36,42760.0,42102.22,42641.16,8500.40071,42643.588,42566.28399999999,42517.953550000006,52.51526073248102,26.161938168523193,30.6077249190854,39.548003681217786,30.24528934145206,42715.57472727614,42571.60127272387
BTC,2022-02-14,41809.66,42842.4,41620.32,42466.41,18164.88162,42440.1915,42505.3842,42488.09515000001,51.57687091560414,-27.79500708819978,-33.1577032034622,51.8756927000548,15.599744029138673,42530.788343716034,42349.59465628397
BTC,2022-02-15,43422.17,44500.0,43391.31,44173.55,22692.64748,44177.434,44213.0746,44245.77295,46.322712686101056,-9.769977532916528,-11.628389493463386,40.9309536263037,15.662485585250348,44232.65821765624,44122.209782343765
BTC,2022-02-16,43997.62,44327.55,43307.0,43666.63,16342.99302,43613.969999999994,43571.87820000001,43784.736099999995,61.029396112713805,19.747198051700252,14.744334895386162,37.43115949067183,13.100528566724275,43686.78630366806,43541.15369633193
BTC,2022-02-17,44002.93,44095.29,41700.0,42003.54,25005.03518,41920.2305,41966.0004,42508.76375,55.45026042519721,-17.393084681483742,-21.425774499988343,69.85193507089915,24.414268910874767,42022.6380220823,41817.8229779177
BTC,2022-02-18,40775.22,40959.88,39616.72,39845.54,24689.27379,40134.490999999995,40278.36,40313.7352,32.798097426090074,-132.9819500766098,-97.7105776525125,102.12196098775222,33.42754938196163,40548.67323645598,39720.30876354401
BTC,2022-02-19,40113.25,40444.32,39639.03,39950.0,10961.62206,39976.1655,39921.2268,39879.889650000005,48.058071249554764,12.657889850983338,19.24838297256428,23.156358675851266,16.29827452647241,40002.07711861738,39950.253881382625
BTC,2022-02-20,40005.81,40019.74,38000.0,38316.0,24127.90965,38256.119,38225.812000000005,38238.092150000004,63.59970431630179,20.47922001621191,12.366049633744414,29.582323756104678,17.828987546431357,38325.67160280421,38186.56639719579
BTC,2022-02-21,39110.92,39494.35,37213.63,38959.79,32627.26969,38855.5265,38862.4864,38033.4965,57.291106063032665,-0.7966655992058804,-4.723703521571989,89.80389067954361,18.959715790404474,39032.569133427525,38678.483866572475
BTC,2022-02-22,37078.83,38298.48,36350.0,37944.69,32900.7617,38039.332500000004,38036.5954,37708.44855,42.15961237650736,-3.703650176197698,7.849348904994806,72.57740273725196,26.027740789574796,38128.76972152857,37949.895278471435
BTC,2022-02-23,38083.0,39249.93,37528.33,38587.21,23513.03323,38579.264500000005,38608.837,38866.38465,49.450407809365615,-6.614471290704387,-14.946375944756433,50.57598847597771,20.34048913559057,38654.39063858644,38504.13836141357
BTC,2022-02-24,36972.24,37019.63,34322.28,35673.15,78694.12594,35732.006,35672.746,35461.434199999996,48.30701182496187,-5.219829790767108,5.276391413658111,105.1581210400543,12.338670193891517,35948.35536490837,35515.65663509163
BTC,2022-02-25,38529.01,39683.53,38014.37,39096.08,36433.27474,39250.1725,39093.1246,39190.4009,43.49391330002037,17.643381110021437,47.65570143230194,87.25408869135616,25.556285210125903,39397.57033375199,39102.77466624801
BTC,2022-02-26,39679.52,39691.04,38573.18,39310.22,15608.19199,39258.1465,39221.198599999996,39092.619249999996,60.54573367554398,24.11097240372328,18.819300116740173,44.14233669337291,37.33482600681436,39319.697273927595,39196.59572607241
BTC,2022-02-27,38519.6,39855.7,38365.0,39116.56,20281.37737,39189.6275,38972.1276,39214.6713,49.49892729696776,48.654239557276014,74.78748760530587,77.05727183425729,32.95406078115649,39416.465706470866,38962.78929352914
BTC,2022-02-28,37926.38,40776.2,37451.56,40578.89,34489.53387,40549.6785,40080.5458,38843.83055,60.80119293538189,162.59538824384072,187.42476142266105,125.39829130559443,49.669792010452,40718.13691793279,40381.220082067215
BTC,2022-03-01,43170.01,44949.0,42809.98,43751.4,38015.22413,43870.816999999995,43849.2912,44317.47995,40.572946299511976,-37.59382970195293,-21.296215527589975,87.02921579940742,18.990863232849723,44041.590763102795,43700.043236897196
BTC,2022-03-02,43917.47,45400.0,43334.09,44327.82,37956.04452,44244.202000000005,44444.906599999995,43964.74515,51.558181818965494,-1.8672151347709587,-26.02260467410654,178.58409991248493,18.36346735104172,44516.49210423481,43971.9118957652
BTC,2022-03-03,43719.64,44101.12,42546.16,42615.8,28773.61918,43006.406,43195.55699999999,43578.88189999999,24.515048235572273,-129.82553158165683,-92.27477109644404,115.30309204002096,46.951313126592986,43327.46719431588,42685.34480568412
BTC,2022-03-04,41390.42,41904.88,40550.04,40791.15,29528.17998,40807.687,40820.2518,41246.607599999996,46.8517461362524,9.80746354549774,1.705730791513244,89.32502321435638,15.385910291703778,40943.92628480702,40671.447715192975
BTC,2022-03-05,39035.84,39371.15,38407.59,39122.06,16146.78745,39123.9525,39131.954,39089.73055,48.82074897103359,-3.9677943564529414,-1.502656904774544,23.45064160619371,18.434147898887645,39179.087590777526,39068.81740922247
BTC,2022-03-06,39483.07,39656.89,38088.57,38824.73,23393.07591,38742.335999999996,38756.831600000005,38733.27315,60.93427082543248,19.41283316975023,5.56363651390132,37.516792636819154,17.55361888891321,38848.90332546167,38635.76867453832
BTC,2022-03-07,38334.42,39285.0,37578.03,39048.81,30899.6508,38892.1345,38885.6192,38862.65445,61.713269900858315,57.79511309394002,35.409701595189446,80.34675761379059,39.14204266149677,39168.14063561889,38616.12836438111
BTC,2022-03-08,38363.84,39226.99,38001.0,38429.46,31376.43684,38608.918,38693.1566,38778.536550000004,35.456657501149174,-94.26148773702153,-69.44833384080141,86.86308717322143,26.660405952176017,38911.39321806551,38306.442781934486
BTC,2022-03-09,39273.58,42545.45,39230.4,42250.02,47267.32031,42194.3685,42177.987,42065.86185000001,60.19529837783947,18.432393159688218,12.375197096939626,42.956360627090476,24.912010132894466,42255.400271805775,42133.33672819422
BTC,2022-03-10,40778.27,40959.46,38539.73,39091.99,50749.56516,39275.168,39281.1582,39177.8721,37.60812886934234,-81.70122537176212,-54.8756123079082,75.06253832556155,35.66873475199777,39691.11647265543,38859.21952734457
BTC,2022-03-11,38361.36,40236.26,38223.6,39195.75,38060.96999,39093.642,39134.4742,39466.01625,59.482696046512395,4.753342847907334,-9.922232741039513,63.47350958866166,16.409968226538066,39228.779831357875,38958.504168642125
BTC,2022-03-12,39255.91,39284.46,38678.22,38923.12,12670.60891,38915.03749999999,38902.1206,39051.37914999999,52.81150963144758,6.7412598365335725,6.736144522242883,22.311340827908626,14.85122739402498,38960.241634267935,38869.83336573205
BTC,2022-03-13,39151.6,39310.0,38370.0,38935.38,15949.48613,38960.82,38956.992600000005,38768.00905,43.3308294217699,-9.242636529132142,-4.5118203713707725,26.46667413124818,26.959480270730076,39009.19544666262,38912.44455333738
BTC,2022-03-14,38098.36,39299.98,37975.4,38961.72,25799.7911,38998.9995,39015.112400000005,38896.9623,44.1525843126101,-20.19380962717696,-13.714023277074041,39.334592208968786,32.2417497195414,39078.06708538824,38919.931914611756
BTC,2022-03-15,38923.37,39220.0,38098.33,39203.01,23029.74925,39135.8165,39094.1722,38885.3917,64.71300892992399,32.70630405708653,25.661430015238984,36.57552597730896,26.628698601532236,39225.91556487192,39045.717435128085
BTC,2022-03-16,41526.23,41556.32,38828.48,40555.04,43898.1348,40706.88,40747.4714,40597.2318,28.416161932989244,-33.548517036950216,-19.558547075119563,50.946572970005086,19.53162551390995,40802.91242911023,40610.84757088977
BTC,2022-03-17,40985.89,41478.82,40500.0,40979.0,24117.15567,40955.6135,40889.4632,40969.39345,57.43125787891598,19.847948631104373,22.89675572548897,34.298882359912874,18.866421850768894,41022.52872555337,40888.69827444663
BTC,2022-03-18,40431.01,40897.0,40135.04,40816.71,20443.11246,40664.775,40621.92860000001,40548.065749999994,70.48651503337057,36.043509466253454,18.087480138071307,48.15159721037554,17.250542322836996,40783.98396585341,40545.56603414659
BTC,2022-03-19,41725.92,42085.62,41499.29,41946.83,14688.70516,41962.516,41881.351200000005,41808.101200000005,51.262001490858225,27.810006838131812,38.87635290716559,47.40343477544727,33.65776768578618,42071.0577899977,41853.97421000231
BTC,2022-03-20,42009.91,42016.01,41252.67,41314.99,15046.77505,41361.367,41412.204,41520.92925,37.513142016555854,-39.114515981811564,-36.96324188099913,32.89402024293721,41.52985479197808,41488.91608750811,41233.81791249189
BTC,2022-03-21,41177.79,41544.22,40467.94,41229.4,24684.72497,41142.628,41047.30360000001,41108.33645,65.36197996325636,48.854750466409314,42.13855661492164,47.45324889318446,19.622847276703908,41248.12355224703,41037.13244775296
BTC,2022-03-22,41675.27,43361.0,41615.95,42700.29,43712.14141,42701.747500000005,42728.059199999996,42846.75615,49.65924567469971,-20.590069706420763,-22.996191188558452,34.80645901458278,25.012494705973218,42790.749315460744,42612.745684539266
BTC,2022-03-23,42373.66,42660.0,41751.47,42599.8,22861.91295,42519.9885,42435.21600000001,42237.15975,63.01353821183829,49.73069558554562,39.846849023280086,48.270194950297046,32.597792670224315,42633.523051618205,42406.45394838179
BTC,2022-03-24,42716.0,43970.0,42560.46,43913.01,32514.22777,43783.438500000004,43637.3048,43106.87245,70.68054827800755,71.27245011978084,67.48619717474519,69.68502018695438,34.686815932456696,43912.77741746625,43654.09958253376
BTC,2022-03-25,44006.0,45094.14,43579.0,44381.64,33004.11527,44457.9235,44640.32520000001,44796.4943,37.9226593432934,-70.67616426994209,-79.16319003717217,64.98532340280285,43.89192763117513,44627.65097335418,44288.19602664581
BTC,2022-03-26,44378.77,44578.0,44153.94,44306.5,11459.50901,44244.365,44238.414000000004,44256.24575,66.05892898089893,15.389245455997298,6.919782125483211,20.360146475940294,19.50741372063734,44301.080870620106,44187.64912937989
BTC,2022-03-27,44888.64,44918.98,44421.46,44760.59,10950.78843,44777.2625,44669.96720000001,44592.5122,52.51120699201626,36.96440844808967,48.86027330151218,41.03235055044201,42.3448128656942,44922.17737485705,44632.347625142946
BTC,2022-03-28,46918.55,47756.43,46700.0,47470.31,29727.38768,47470.665,47545.4048,47347.256850000005,46.724466531851334,-11.310406493023038,-10.661149424696388,48.29205286027671,18.08878804827686,47578.49085840207,47362.839141597935
BTC,2022-03-29,47398.88,48096.47,47315.0,47754.12,18266.5098,47769.2295,47706.0306,47803.046700000006,48.92245952774647,29.22002073477779,30.650830462491356,37.5314100673771,18.455692880203188,47864.798262568256,47673.66073743175
BTC,2022-03-30,47175.35,47580.0,46445.42,47178.88,22920.0673,47125.4645,47043.4452,47185.483499999995,61.365686005331206,25.07021948222973,22.948961252868006,40.96487553894275,17.28548550708115,47191.034290750285,47059.89470924972
BTC,2022-03-31,47286.99,47600.0,46230.0,46431.04,24275.72721,46381.198,46553.3572,47053.72465,49.753398820862806,-43.11766714768601,-63.10041528298311,78.4170405267318,27.49233398030846,46477.53632687397,46284.859673126026
BTC,2022-04-01,45394.51,45750.0,44200.0,45683.17,35738.68084,45627.949,45562.6592,45297.46225,58.008024814211666,32.82561627486575,28.24329498341499,45.687018305066154,23.536518090594857,45733.62199634229,45522.27600365771
BTC,2022-04-02,46694.94,46941.11,46225.75,46584.15,17258.64264,46671.8155,46705.0938,46713.61519999999,28.628909246566945,-29.9181191093885,-21.732030104756333,23.80275935734026,30.10501521481029,46754.64457544556,46588.98642455443
BTC,2022-04-03,45870.51,46670.04,45530.92,46342.15,14327.07312,46367.2975,46402.8896,46360.93484999999,41.871959357028324,-23.113995302352123,-21.734276627087763,17.16241257297007,29.552973666715612,46439.93015570815,46294.66484429185
BTC,2022-04-04,46020.49,46359.0,45756.94,46080.0,17147.00779,46110.568,46156.54059999999,46112.5428,41.86388453225588,-19.875402539451898,-19.54475896959603,37.03805127749475,12.681959887571043,46156.34009394177,46064.79590605823
BTC,2022-04-05,46492.98,47200.0,45843.2,45876.59,22803.95994,45950.795,46132.39199999999,46575.57274999999,33.98075920234343,-64.02584385594673,-67.75370170474103,60.416161182407215,38.00664132152883,46037.617036952346,45863.97296304765
BTC,2022-04-06,45279.99,45507.14,43769.17,44387.47,26819.73881,44221.316,44165.165,44673.609,63.20399190257742,58.38361235920456,38.151325159111124,76.39844546354428,30.95138981928265,44456.27284449861,43986.359155501385
BTC,2022-04-07,43101.34,43900.99,42970.02,43504.9,19298.46018,43522.504,43579.608,43620.2596,44.33658164262991,-3.589423155070108,-9.629477996048058,49.14405868537392,12.845489861535567,43590.04384080459,43454.96415919541
BTC,2022-04-08,43530.72,43970.62,42751.01,43465.33,19929.15654,43475.7845,43257.7184,43220.9933,55.18219282969229,62.52820493513718,85.02443839915995,65.74917202973303,39.95902145179601,43653.99478696181,43297.57421303819
BTC,2022-04-09,42427.41,42640.0,42125.48,42410.01,9295.34667,42411.3455,42439.446,42460.988849999994,45.918815949854,-7.280289409485704,-8.531939863660241,20.346758189955803,17.091207227405565,42445.239980656734,42377.45101934327
BTC,2022-04-10,42675.72,42896.64,42433.49,42720.01,7766.41887,42650.1495,42615.0474,42621.69270000001,69.27879782621748,25.96916270525253,20.31108552061618,19.552567006163137,37.23734483068411,42725.8243960953,42574.4746039047
BTC,2022-04-11,42383.6,42414.71,40684.8,40861.34,31979.9124,40870.167499999996,41003.875,41076.943400000004,43.69774806810765,-35.71234101166192,-41.33273812873949,55.09622606521032,19.721685906291164,40939.4212888878,40800.91371111219
BTC,2022-04-12,39673.44,40699.0,39290.0,39998.75,34368.80432,39973.687,40175.2344,40349.9179,46.42486525114572,-49.79509160496673,-71.39921212029304,69.85143971112362,39.20241028069927,40142.25583129454,39805.118168705456
BTC,2022-04-13,39652.78,40957.0,39588.54,40613.08,21802.95558,40663.0375,40615.569,40038.506,49.549155729908925,-18.168824875407154,-6.65677868478658,79.37179973727089,33.91257174704262,40935.67026992158,40390.404730078415
BTC,2022-04-14,41251.86,41500.0,40310.41,40423.32,20656.75366,40492.807,40497.448800000006,40903.3468,43.04179638558605,-10.0609932287407,-3.0209928151915473,68.92354979110509,25.199730933358964,40618.489696993274,40367.12430300673
BTC,2022-04-15,39944.35,40449.96,39876.71,40086.24,13011.25255,40043.503500000006,40065.2296,40153.4257,56.37662240582686,-4.387019473935652,-12.295474615868894,28.93342182097203,21.90699842900295,40114.405248151896,39972.60175184812
BTC,2022-04-16,40620.0,40709.35,40277.0,40488.58,7813.12411,40465.7555,40446.0096,40434.10525,59.946187503175025,9.950800497608725,9.105664520921454,12.08560339580482,18.807330125884405,40509.47569052031,40422.03530947969
BTC,2022-04-17,40330.09,40595.67,40122.05,40402.2,7455.41913,40367.0075,40368.7112,40419.06025,58.13571151527862,11.315744335042837,5.583824990422185,18.955327586985828,21.98917006351465,40423.10507637411,40310.90992362589
BTC,2022-04-18,39733.23,39896.98,38536.51,39352.9,26957.72941,39423.169,39405.4758,39273.48715,42.02582190970793,-22.209049873672484,-9.922323906224484,45.53391066153716,15.984246342169628,39540.59453536814,39305.743464631865
BTC,2022-04-19,40907.66,41687.14,40571.0,41546.46,20222.8379,41532.67,41515.3254,41052.35745,54.235202217161316,12.458657416093047,17.468618693068564,41.24317810048252,24.112989468663514,41578.76677081623,41486.57322918376
BTC,2022-04-20,41313.22,42199.0,41261.58,41642.76,24059.01979,41629.485,41622.3482,41899.512,50.85438975307914,-0.9488911563603324,-6.623490556704732,43.00528613228248,15.41299619779869,41719.655018853395,41539.31498114661
BTC,2022-04-21,41485.0,42976.0,41419.2,42578.96,30248.60626,42593.099,42619.481,42603.928499999995,44.32539885586852,-8.50840612733009,-8.021702743160679,37.97883958719621,15.279703545835648,42634.36031888944,42551.83768111056
BTC,2022-04-22,40374.06,40795.06,39804.72,39913.53,24279.3898,39937.814999999995,40157.6584,40382.7117,41.711762449493115,-69.52762317290762,-83.3724265645722,76.3901910418587,31.6750284299059,40095.49192938565,39780.13807061434
BTC,2022-04-23,39590.87,39797.37,39285.0,39657.85,11390.61239,39661.544,39695.471,39678.40685,42.9081584083063,-14.085803065390792,-15.032207011926122,10.921205909105282,39.020599954638556,39689.3848178028,39633.703182197205
BTC,2022-04-24,39634.86,39828.0,39351.58,39429.99,10711.90833,39470.307,39536.7428,39561.994849999995,38.358936462193235,-37.998143929609796,-34.35628592520547,26.844209882292976,35.7642724183819,39571.9555586912,39368.6584413088
BTC,2022-04-25,38913.07,39420.0,38200.0,39222.91,32646.48678,39047.9095,38891.462,38838.5215,61.89762733530254,136.3799241777815,117.28891747514086,82.91882887258488,37.937263063105846,39544.89747914965,38550.92152085035
BTC,2022-04-26,40570.99,40797.31,39502.0,39523.79,25314.89836,39611.28999999999,39718.9864,40205.1556,35.47475845823174,-42.47773477528972,-40.20414908270041,60.121318455770584,42.06390530318273,39698.58234582945,39523.99765417054
BTC,2022-04-27,38267.33,39474.72,38181.3,38700.0,33187.87452,38647.83,38860.6584,38943.91605,50.57668439110337,-39.091789387159224,-70.07055429709317,92.52782863834241,23.313348417744205,38835.22636047588,38460.433639524126
BTC,2022-04-28,39360.0,39882.38,38881.43,38973.66,24344.06557,39038.1615,39039.483400000005,39444.454249999995,43.76540905594489,-25.896105278719915,-24.617118472190263,56.332029069596686,15.803038666261896,39195.69353042718,38880.62946957282
BTC,2022-04-29,39826.31,39925.25,38616.46,38945.65,28799.8489,38941.784,39074.598399999995,38950.772300000004,45.93561963224756,-41.30696844802878,-48.53389271449997,58.549093706444424,33.29942602635375,39036.49266389197,38847.07533610803
BTC,2022-04-30,38679.99,38778.79,38322.0,38377.4,14367.1532,38389.036,38465.757600000004,38550.614149999994,41.90049789786523,-30.768346873417613,-32.44903608769062,33.740432782205765,37.99349934689741,38436.344603191515,38341.727396808485
BTC,2022-05-01,37613.93,38165.12,37386.38,37950.0,15861.07669,37938.954,37933.743800000004,37949.2038,53.788837424291785,-2.592559042168432,-2.0911351291031526,17.78024237401577,13.880672379819398,37969.824958131045,37908.08304186895
BTC,2022-05-02,38633.82,39167.34,38242.51,38935.24,29843.66638,38916.4195,38864.151600000005,38688.6538,53.6169057765548,40.15854404360289,46.88181557987879,70.8771819330629,25.70611131655421,39126.001940626265,38706.83705937374
BTC,2022-05-03,38398.14,38651.51,38152.0,38296.09,19051.87841,38313.469,38320.1546,38419.21385,46.18712017023449,5.621347240507021,6.288292361534305,38.05986003064575,13.540648829203052,38381.71665604802,38245.22134395198
BTC,2022-05-04,37909.47,39182.0,37872.83,38803.86,29116.39316,38821.007999999994,38804.5342,38936.3101,47.99915538163371,-7.353224579455855,-2.934364321553743,33.510433778707224,16.50898778031299,38875.661367556546,38766.35463244344
BTC,2022-05-05,39603.81,39845.51,38405.22,38411.72,22934.66819,38593.485499999995,38803.5472,39297.8585,28.409711197152873,-100.40024856689706,-94.42857708893087,74.28782639433487,60.83331378426985,38767.84490485009,38419.1260951499
BTC,2022-05-06,36322.29,36553.33,35258.0,35869.91,45560.66539,35894.827000000005,35846.065,35845.23965,50.4180232595438,-21.888083758662106,-9.359481557336949,95.26209950055231,13.46477030427285,36078.90180426247,35710.75219573754
BTC,2022-05-07,35995.4,36146.3,35722.24,35934.23,13773.86556,35933.898499999996,35918.838200000006,35984.1012,52.24358929769319,5.979063570848666,7.249768597160632,10.915261807604372,20.113501681062512,35955.533983145295,35912.2630168547
BTC,2022-05-08,35079.93,35168.91,34210.0,34489.35,40256.9646,34462.132,34473.08,34634.4492,51.15278373034827,14.325847335945582,5.357956164036394,42.541411112668875,19.461131405968995,34570.21987991305,34354.044120086946
BTC,2022-05-09,34217.71,34243.15,32420.0,32497.47,73594.943383,32775.871,32893.7278,32942.73195,25.797279579806787,-70.34217024969257,-52.370005678690305,92.53630279842683,34.25887221834474,32953.030064447776,32598.711935552223
BTC,2022-05-10,30793.54,32658.99,30600.0,31407.95,97685.43691,31605.3505,31748.1646,31810.403850000002,30.095985222180584,-97.81939729931764,-78.39098671962293,86.37711752228736,29.89482570981313,31843.620256493465,31367.080743506536
BTC,2022-05-11,30927.45,32162.59,29039.54,31584.05,135502.771457,31325.787,31216.703999999998,30826.5719,62.12014929623525,126.13574306285227,98.39188047336667,177.52769025801757,28.040091947526065,31619.56671530333,31032.007284696672
BTC,2022-05-12,29680.54,29759.99,26700.0,29059.99,146740.058208,28778.5055,28502.154,28470.81525,70.15676593783583,118.42599929332209,107.83604071695218,134.73533935261366,30.888629536133326,29003.569892693264,28553.441107306735
BTC,2022-05-13,29423.39,31083.37,29255.25,30934.37,59967.19971,30885.5445,30815.172,30637.350500000004,56.775900866209106,44.798098176470376,42.9195442797079,73.64947711447924,27.789768842735924,31023.801474719476,30747.287525280524
BTC,2022-05-14,29660.23,29824.69,28660.76,28876.37,27111.16991,28842.115499999996,28816.97,28968.02705,57.956749479873004,13.93907253537327,12.156511610686618,36.96314180297182,12.822782103005986,28912.936927682,28771.294072317993
BTC,2022-05-15,29900.0,30561.37,29480.0,29938.59,22204.25393,29919.8935,30019.824799999995,30186.73085,48.96732228125033,-34.69894701760859,-42.84103016706129,43.65424948353852,28.860829763364976,30023.870487315053,29815.916512684944
BTC,2022-05-16,30986.24,31023.39,29258.0,29711.42,45152.35493,29720.513,29671.177799999998,29848.655,51.02165545524134,-4.151382455132989,2.8568043661043703,58.551314045155905,12.58374988892403,29814.25471090669,29626.771289093307
BTC,2022-05-17,29897.31,30788.37,29780.97,30150.3,25882.93561,30311.8825,30415.6064,30467.199600000004,25.32862424997056,-72.64317405017937,-61.05757119101511,43.00069492122935,44.726947833350096,30520.76067060457,30103.00432939543
BTC,2022-05-18,30426.74,30455.75,29222.98,29269.94,30737.60143,29384.994,29398.300799999997,29630.401,34.53650498338314,-42.573348677833565,-24.51062899694284,43.05756661189567,32.443389196292514,29532.917380084808,29237.07061991519
BTC,2022-05-19,29002.19,29900.0,28691.38,29785.57,35751.94536,29807.855499999998,29701.331400000003,29543.088450000003,51.536831962398026,17.461495599323825,27.003866486407578,50.09875518616813,18.166961864005255,29893.25013553934,29722.460864460656
BTC,2022-05-20,30178.79,30777.33,29738.81,29805.52,31612.03857,29953.788,30128.798000000003,30262.960050000005,27.777855430270353,-66.08052660890462,-59.86885260997563,60.031442374653984,40.84429668849354,30075.791605618997,29831.784394381004
BTC,2022-05-21,29208.54,29566.0,28947.28,29323.89,11084.34351,29303.922000000002,29319.047000000002,29289.754450000004,55.949265220257324,0.8538679636731104,-2.8338646112452377,11.742387795610243,16.12568654830317,29331.846959874558,29275.997040125447
BTC,2022-05-22,29535.51,30311.31,29255.11,29982.58,21740.51462,30001.4575,30024.5992,30047.967149999997,44.501361697160554,-15.640709996747319,-12.353766842472343,25.467692823033513,22.02797986078796,30050.289358813505,29952.625641186496
BTC,2022-05-23,30190.14,30670.51,29967.07,30240.39,29334.33173,30213.55,30232.433399999998,30387.6892,51.5730473564018,14.239910897311347,7.258659849325429,57.86245208945769,17.474759128101937,30319.22571755089,30107.87428244911
BTC,2022-05-24,29123.66,29439.26,28669.0,28942.85,28301.08907,28950.0565,28924.3124,29181.25205,49.18732141739671,26.72715119221175,24.07044490734424,66.24012584590278,26.546999320885266,29099.74723495378,28800.36576504622
BTC,2022-05-25,29673.73,30223.74,29294.21,29851.55,35613.99625,29847.859999999997,29776.3848,29587.92725,56.33789446421079,14.726599253706809,18.66800086460728,36.41768616899299,16.615897523815455,29903.507085815767,29792.212914184227
BTC,2022-05-26,29784.03,29886.64,28019.56,29172.12,66963.29045,29152.126500000002,29056.3552,28896.20475,57.793481311235304,26.942519520966016,34.56242511658441,58.73241961403289,19.18624911234615,29232.93402892434,29071.318971075663
BTC,2022-05-27,29010.54,29397.66,28643.89,29096.14,51046.07643,29151.9475,29219.724000000002,29120.5564,38.658153750922395,-37.89634687497164,-31.727245787536667,29.780333956476973,25.71799363438204,29270.116614556246,29033.77838544375
BTC,2022-05-28,28765.38,29266.0,28450.0,28987.25,23408.90987,29004.561999999998,29031.0378,28965.90225,38.26725081485516,-4.710759746605618,-6.2656135389875995,13.077785302215831,16.754379343341107,29025.034748327373,28984.089251672624
BTC,2022-05-29,29014.56,29489.0,28839.21,29325.44,15816.76802,29347.9265,29336.6188,29321.59045,42.59461763651417,-2.9846507270267466,0.8431404765049874,10.439821655528075,21.830471600183262,29381.979875910747,29313.873124089256
BTC,2022-05-30,29418.38,30931.0,29418.37,30546.61,48668.16538,30651.530500000004,30604.5952,30559.701500000003,33.725716355169794,-11.834076877421467,6.642301561349866,27.353730302352947,30.241047804582834,30747.50209297986,30555.55890702015
BTC,2022-05-31,31512.16,31927.58,31200.01,31597.09,32275.66979,31563.119,31445.3052,31626.708000000002,61.23979415122849,35.7574434584094,38.64009027181011,44.136683088447,30.88526701573543,31631.38650937245,31494.85149062755
BTC,2022-06-01,31913.82,31935.0,30955.0,31187.43,29452.36193,31342.0935,31521.086,31628.660700000004,34.06981526531511,-111.93543491737364,-95.0184822857558,68.81400269257581,53.59747226448743,31619.178928651436,31065.008071348562
BTC,2022-06-02,29772.91,30251.96,29597.01,29926.95,32287.5712,29883.585500000005,29939.743400000003,30002.1213,51.48552935878743,-5.903635634655075,-15.386774682197451,55.79812698653179,13.775760956444687,29981.974935301736,29785.196064698273
BTC,2022-06-03,30464.2,30699.0,29439.71,29491.89,35716.3942,29584.3635,29631.8128,29685.209499999997,30.461211379477774,-24.3082847986625,-16.533564415615775,32.80731997256749,17.808847654020123,29647.823098890804,29520.903901109195
BTC,2022-06-04,29635.06,29988.88,29485.0,29710.0,14875.27474,29756.605500000005,29638.5198,29629.32145,47.85807474892803,52.600792087581794,61.74946201752286,45.98336737176939,48.52793854486758,29941.19894663073,29572.01205336928
BTC,2022-06-05,29712.43,29819.95,29531.42,29779.99,8440.60828,29768.5115,29712.0174,29707.445250000004,66.08350091722463,16.376419779186108,17.788423809985566,10.068342946423487,38.08794770936568,29790.103228301065,29746.919771698937
BTC,2022-06-06,30488.83,31765.64,30455.1,31687.29,42519.57287,31678.559999999998,31582.107799999998,31451.07785,54.944061605656884,37.30032415797905,42.136557498229884,41.92699633523227,32.58696553293666,31770.798575879133,31586.321424120863
BTC,2022-06-07,30083.43,30085.72,29218.96,29870.56,48088.35193,29719.167000000005,29642.011599999998,29548.54165,74.26981137714156,71.31268366068616,51.68645568304746,43.053283768875595,36.97777860492142,29913.837032424275,29524.496967575735
BTC,2022-06-08,30979.42,31244.16,29843.88,30496.62,45586.709240000004,30553.096500000003,30623.2598,30427.392000000003,41.43282812053037,-26.772467009490356,-25.134332271679344,50.3357859890787,15.940282086516735,30656.022433617458,30450.17056638255
BTC,2022-06-09,30287.73,30700.0,29944.1,30248.54,27923.54176,30234.5,30191.832800000004,30212.10085,56.60955337730052,21.6733824186158,22.681176120069143,28.313131293698536,23.249332582162697,30288.554683793365,30180.445316206635
BTC,2022-06-10,29917.07,30382.8,29222.67,29590.68,42578.84516,29499.105,29420.868199999997,29710.0177,63.52538965463352,46.51895725732902,40.063985290550555,46.72217600935638,42.11734108209311,29621.26554084681,29376.94445915319
BTC,2022-06-11,29225.11,29440.41,28348.78,28571.47,35409.20263,28604.076500000003,28675.2994,28699.44875,40.412561977251876,-29.721839547306445,-26.610915641738185,32.899415016617645,36.392310853134205,28670.45819575285,28537.694804247156
BTC,2022-06-12,28301.81,28414.18,26890.0,27613.15,50977.28706,27458.845,27335.3704,27416.927399999997,61.92514826277127,109.18016638592962,95.3411085356928,88.42080961828148,45.91210125997438,27890.472769379958,27027.217230620045
BTC,2022-06-13,26195.51,26257.31,23250.0,23276.79,162501.095806,23317.997,23448.519000000004,23702.49705,41.35050867009792,-37.99610662017221,-43.0232660922459,84.37864535880443,13.30130486434074,23396.087679115768,23239.90632088423
BTC,2022-06-14,21604.93,23362.88,20846.0,22177.92,132129.435045,22137.8225,22200.691799999997,22139.552349999998,50.97458651177234,0.8671665912625031,-14.830992956587284,70.02694101978297,17.080197575672532,22240.69922445768,22034.945775542317
BTC,2022-06-15,21955.4,22297.37,20111.62,21239.46,120788.820607,21317.2915,21491.547000000002,21298.1956,33.77742688434919,-58.92812206756935,-60.21916642519743,67.379483425949,29.920737318386657,21397.666566102773,21236.916433897226
BTC,2022-06-16,22824.91,22824.91,20745.0,20969.04,56560.79492,21025.568,20974.9968,21124.2966,45.35715292473972,8.859986575833318,18.137024211963162,62.69376665688456,12.609076510260957,21102.090370219452,20949.045629780547
BTC,2022-06-17,20528.36,21365.43,20326.0,20507.04,54316.30815,20470.589,20622.091200000003,20817.439150000002,48.317521413298074,-31.789933778974955,-45.84314147293801,47.365077691215554,41.45846325609521,20529.9917554567,20411.1862445433
BTC,2022-06-18,20521.7,20537.34,18742.5,19218.39,91684.811058,19191.335499999997,19200.0588,19223.8254,55.3640503913797,3.4765074795759574,0.282091195271565,23.935189137408678,11.184100549495158,19228.05697299154,19154.614027008454
BTC,2022-06-19,18910.88,20150.0,17960.41,19409.76,77574.73273,19361.908499999998,19316.3704,19503.7756,60.389033882817834,31.302492725342745,26.040316383971955,42.426808855121514,26.652484083268188,19467.254821107257,19256.56217889274
BTC,2022-06-20,19833.33,21022.0,19637.03,20726.06,63829.47629,20681.3535,20603.114800000003,20608.774250000002,59.91592375529639,40.318550526106264,38.30040531305361,47.02731026427607,24.651640284120834,20792.12281529616,20570.584184703843
BTC,2022-06-21,20674.34,21671.21,20348.4,21616.66,67599.03916,21549.5555,21536.8702,21206.1927,63.66659679845279,25.639601816790673,19.805593690667845,41.131029443226865,17.00523125147156,21634.199691407033,21464.911308592964
BTC,2022-06-22,20666.52,20900.0,19950.34,20831.77,49905.540759999996,20827.197,20750.6774,20527.56645,54.34300038817624,30.157962537887215,36.177515949531696,50.48408000775113,17.706608064722094,20900.82114199147,20753.57285800853
BTC,2022-06-23,20347.69,20829.21,20168.26,20459.93,42467.14885,20468.48,20454.0262,20581.0752,48.655595757082104,2.9463005492289085,3.0824815840104414,26.67614810270156,13.337429929679438,20489.041050556418,20447.91894944358
BTC,2022-06-24,21086.41,21457.0,20736.72,21203.32,44209.9462,21253.932,21283.3888,21250.028599999998,37.43387881378087,-25.320612871473713,-20.044271884231254,27.019334687571796,24.72282427516565,21332.642185262448,21175.221814737553
BTC,2022-06-25,21264.08,21614.5,21031.92,21130.97,29520.1373,21124.104,21153.321799999998,21217.39075,49.78693219693817,-12.30525525167468,-16.6045116706333,24.15892543490477,25.487094827337327,21184.22991368142,21063.978086318577
BTC,2022-06-26,21503.7,21888.0,21282.13,21424.96,29463.37262,21442.312,21421.457199999997,21503.421550000003,46.38575070388214,1.9650214911307557,6.967540846062741,19.29442508823525,23.156459342784476,21479.491720601414,21405.13227939859
BTC,2022-06-27,21057.22,21539.85,20590.0,20684.09,36485.62137,20701.9685,20719.3108,21108.648100000002,44.35505075923603,-9.76205800192838,-10.755953625572765,31.5824680459518,23.591154804528703,20738.587726249756,20665.349273750242
BTC,2022-06-28,20781.42,21212.1,20510.0,20774.04,34409.4848,20828.53,20941.6816,20999.6758,31.177475857478125,-50.937006730255234,-50.77312514609247,33.58478358433847,54.58227484061793,20936.07626818221,20720.98373181779
BTC,2022-06-29,20331.69,20398.0,19854.92,20096.83,46705.03281,20089.563000000002,20097.8782,20068.77465,51.038787374147354,-0.49778438622524845,1.8979321735523045,28.79598385689103,15.798205809532982,20139.647804122545,20039.47819587746
BTC,2022-06-30,20002.78,20121.74,18756.71,19025.72,53812.62879,18981.354499999998,18937.1828,19083.67515,61.34851345395924,26.629577044845064,21.743112142367,32.60684425956507,28.702927505583435,19075.507767916806,18887.20123208319
BTC,2022-07-01,20347.53,20552.29,18975.0,19339.28,67372.90664,19338.568,19399.3742,19292.83625,48.097750351243455,-22.545051254623104,-24.18989668190224,34.03353107653828,14.09504003216684,19402.27914363874,19274.856856361257
BTC,2022-07-02,19247.5,19467.39,18977.01,19352.83,27492.87894,19318.6995,19287.004200000003,19259.30085,70.59380141751251,15.158305917524558,13.606326297370437,16.300716603755454,43.07970714652371,19346.921219632368,19290.47778036763
BTC,2022-07-03,19210.69,19400.0,18781.0,19063.39,28882.61152,19055.9225,19025.6754,19060.49925,58.21935803987635,10.272444123169407,10.773645886398862,12.376585091898368,30.122644610675174,19070.67430514399,19041.17069485601
BTC,2022-07-04,19193.35,19888.0,19055.31,19588.32,37809.83268,19586.558500000003,19561.5674,19648.3127,53.610624416356714,6.453372589407081,6.913026433197021,17.290005819594406,21.556079517568385,19609.257926666698,19563.859073333308
BTC,2022-07-05,20344.09,20470.78,19304.4,19577.75,46060.80728,19508.088,19468.698,19493.0346,72.44588661018987,28.28284197832545,20.762010099603607,26.394130515958118,33.86697777988415,19581.845022065678,19434.33097793432
BTC,2022-07-06,20203.13,20366.2,19761.25,20203.55,48250.27505,20166.463,20181.4326,20135.204550000002,57.5912205880182,4.3561366297908535,1.4951169869615182,27.302893866858813,13.447803681948079,20223.743445215277,20109.182554784722
BTC,2022-07-07,20502.65,20910.0,20251.68,20847.12,33783.346,20761.544,20645.7268,20497.11255,69.90832324372501,63.4755081385556,58.857958940487,40.074457467118926,53.65534905034274,20908.42824985693,20614.659750143073
BTC,2022-07-08,21684.39,22527.37,21189.26,21640.57,79535.57277,21465.1015,21358.949399999998,21459.0381,83.76918983720319,65.28490377874914,51.56901321525885,43.38108865486426,43.231029317690094,21633.42805812794,21296.77494187206
BTC,2022-07-09,21560.09,21778.73,21322.12,21645.96,105431.99834,21645.929,21622.636000000002,21583.4614,52.10280548095665,3.0770820426732826,5.380674347831348,20.84451737480878,24.46485118300193,21658.73654605767,21633.12145394233
BTC,2022-07-10,21434.86,21498.79,20839.0,20881.46,110017.91249,20945.638499999997,20995.3894,21183.550050000005,31.042395089224456,-30.85464261686866,-28.315926360894764,35.17611739473746,43.63791028203389,21034.444763130683,20856.83223686931
BTC,2022-07-11,20720.68,20762.02,20271.1,20444.03,76449.29073,20408.101499999997,20390.6078,20490.3363,57.598490766281735,9.353172898099729,4.72013310073675,29.50286038182277,16.871670855449867,20459.87386107207,20356.329138927926
BTC,2022-07-12,19892.9,20059.42,19558.12,19848.42,79161.10265,19835.614,19813.3464,19847.305750000003,54.62341448773694,11.456771581732028,9.290384107791299,29.317819508322945,13.64456637754737,19883.042925098405,19788.185074901598
BTC,2022-07-13,19432.35,20128.39,18910.94,19402.96,114558.82568,19298.461,19292.1246,19430.7138,64.87292430967992,35.94501463710185,22.846707239243504,46.43917777592595,27.672735680493542,19439.399538930902,19157.522461069097
BTC,2022-07-14,20344.15,20376.73,19616.07,19760.76,88391.35356,19739.0715,19738.6444,19746.18425,56.88542816230799,5.546284479951282,3.9632955781117136,29.266023416821735,17.955384877898048,19767.357639555903,19710.785360444093
BTC,2022-07-15,20408.44,21090.0,20382.29,20924.39,90104.63521,20945.023500000003,20919.895999999997,20896.4367,45.24815220808756,10.625130956486828,12.344380255240006,34.556437661812495,15.440694532860133,21008.136442024446,20881.91055797556
BTC,2022-07-16,20701.83,20873.1,20478.61,20768.12,45543.76761,20796.714,20806.735,20712.310999999998,35.04957885286205,-7.093588581770746,-4.600031420281028,18.379615705754425,16.25759651329403,20823.339185370667,20770.088814629333
BTC,2022-07-17,21137.94,21684.54,21075.07,21198.51,70348.13359,21198.4525,21185.1594,21304.996750000002,50.27819595528406,5.088358857636194,5.166260243367381,22.586198297924696,11.215376589728375,21237.637211751608,21159.26778824839
BTC,2022-07-18,20925.77,22515.0,20915.88,22100.31,141280.02909,22069.6805,22095.585,22129.444699999996,53.74872183059996,7.221280361052777,0.940613789856685,37.60278733563633,24.11817900489662,22144.451715443272,21994.909284556725
BTC,2022-07-19,22252.89,22440.67,21579.54,22278.33,119326.71793,22235.6755,22213.6446,22152.72265,58.1215598886034,11.982132588440436,10.971895851633452,47.15616789276934,12.444937702855995,22306.670511227218,22164.680488772785
BTC,2022-07-20,23108.24,24075.99,23079.62,23992.51,123146.56521,23962.200999999997,23879.5454,23799.748349999998,58.54613219762877,40.79561196531722,39.678097908473674,44.09195815522356,35.7555487120748,24064.32299232389,23860.079007676104
BTC,2022-07-21,23336.54,23365.16,22341.46,22459.02,107190.22798,22465.078999999998,22563.838399999997,22659.417800000003,46.26218580673673,-40.1907259112013,-48.47435884424118,52.79960038217192,29.04613424607935,22612.973255317454,22317.18474468254
BTC,2022-07-22,23197.89,23756.49,22805.89,23478.55,98331.81917,23481.696,23482.164399999998,23566.077199999996,49.57793637766526,0.26409267972849193,1.5804279752126784,47.240284298958066,9.695710345422725,23525.052862156455,23438.339137843544
BTC,2022-07-23,22797.72,23000.77,22087.04,22254.53,71466.76907,22277.973,22309.027199999997,22307.398650000003,44.10783068862876,-15.299215790328162,-14.890107846322353,30.633300388075646,22.028182957869138,22340.81636277035,22215.129637229653
BTC,2022-07-24,22556.82,22839.99,22257.15,22737.05,64930.10131,22739.1145,22648.637000000002,22634.017949999998,56.385685923464195,24.783311577390123,31.859101599974178,38.470562094110925,33.10305928631343,22775.865886626278,22702.36311337372
BTC,2022-07-25,22314.87,22328.15,21683.4,21807.57,89500.19677,21785.160499999998,21835.8848,21909.9966,52.28692841629254,-13.099743865244818,-19.476574930836506,40.68139350845541,21.93524310525896,21860.293193675407,21710.02780632459
BTC,2022-07-26,21092.82,21272.21,20774.74,20896.29,89745.76032,20883.28,20923.342,21012.29575,49.829869957437964,-11.414301274293393,-15.417868459386954,29.819509512794564,21.917137160840145,20906.257038099586,20860.302961900412
BTC,2022-07-27,21180.28,21484.28,21042.53,21421.91,80311.35378,21433.864500000003,21438.581400000003,21345.298249999996,45.57666611252601,-3.7467943051306065,-1.3695408838381864,19.427168311217773,15.550864699136259,21461.44140807451,21406.2875919255
BTC,2022-07-28,22763.4,23460.58,22582.13,22956.49,121302.39017,22901.9925,22878.845,22999.547000000002,59.12407544035425,18.85597246168618,8.357736971132844,46.44268022572298,24.0675968692037,22977.441749930233,22826.543250069768
BTC,2022-07-29,23813.16,24442.66,23414.03,24192.15,119588.95658,24129.982500000002,23966.743199999997,23714.2578,63.97798724720952,48.3886949132102,53.68048073805586,56.23572523045041,32.35627187350626,24223.77422412832,24036.190775871684
BTC,2022-07-30,23844.43,24668.0,23650.0,24476.6,83811.33618,24516.590999999997,24506.4276,24277.64585,41.538548398978634,-14.23245463366402,-6.105670639966457,29.326596781348915,27.550992262785478,24590.968525612912,24442.21347438708
BTC,2022-07-31,23730.19,23886.92,23558.21,23794.81,57063.77981,23772.4625,23734.611,23761.0462,59.28491925830978,23.629413181242853,22.462978739571522,22.673841766534032,30.0973355122099,23843.155545449867,23701.769454550136
BTC,2022-08-01,23390.71,23509.68,22939.57,23347.65,80069.81249,23345.345,23344.5524,23199.0415,51.02921333302179,-5.247855376688676,-3.5887704873815194,44.99064172180312,16.67521436964794,23406.97357567741,23283.716424322593
BTC,2022-08-02,23144.49,23204.22,22654.37,22874.5,84106.94939,22826.3545,22790.971,22827.78915,55.72652589426788,9.668081721178169,10.817157639623217,75.17185711022037,17.641517603597965,22975.403456450513,22677.30554354949
BTC,2022-08-03,22734.94,23647.68,22710.62,23292.09,82131.98326,23311.682500000003,23342.019,23360.69355,44.547718064899556,-18.58421629985969,-16.080022007828184,34.69767174949939,17.393391672961663,23368.68415396663,23254.680846033374
BTC,2022-08-04,23114.09,23223.32,22750.0,22802.99,85321.71533,22858.007999999998,22965.6172,22915.678,28.879044102827763,-43.0139399102809,-42.77575479949631,37.93804350224293,40.35800093555093,22939.04414566329,22776.971854336705
BTC,2022-08-05,22655.56,23472.86,22640.55,23217.52,109265.46745,23228.906,23182.2154,23184.0835,50.46790048176685,1.6685072672298702,7.359953145382167,34.459459086645616,19.316920398531842,23288.54437871877,23169.26762128123
BTC,2022-08-06,23268.59,23288.52,23100.0,23202.02,41879.73129,23200.9925,23198.8,23188.2515,51.85800112421913,-1.0137556147601572,-0.8598257865615601,10.674283550034579,10.545806375187452,23215.284067968325,23186.700932031676
BTC,2022-08-07,22895.8,23184.21,22876.17,23101.52,45188.96552,23100.3165,23128.504399999998,23093.831950000003,47.64857996802462,-12.069327434375737,-13.649552515838819,14.572685632515137,36.35963420935962,23135.344383337666,23065.288616662336
BTC,2022-08-08,23226.14,24245.0,23162.98,24167.24,101534.87879,24149.1175,24153.182199999996,24121.290300000004,55.567826844132355,0.679178987564228,-0.8193184213347374,26.45934005848584,10.339454602200282,24179.929572877456,24118.305427122545
BTC,2022-08-09,23804.26,23933.25,22865.0,23073.55,90164.19946,23033.3865,23037.9188,23217.589,59.838241101754534,14.20733680313424,6.42175416021251,28.816041556118876,24.227658034937267,23102.717784792763,22964.055215207238
BTC,2022-08-10,22891.46,24178.0,22760.0,23912.9,118295.36786,23906.185,23962.147999999997,23659.97255,47.2104564867976,-12.11953448996428,-17.644491302652764,31.468596374648673,18.443028513640208,23941.19389744117,23871.17610255883
BTC,2022-08-11,24165.66,24918.54,24164.32,24576.13,153019.74167,24658.6415,24723.5402,24671.95605,28.110733576621342,-42.69097786864586,-33.79301073302641,39.24833317052235,31.107465052107067,24758.556226497192,24558.72677350281
BTC,2022-08-12,23930.08,24143.0,23583.0,23823.52,99637.61063,23840.267,23818.688000000002,23769.74495,47.209680347255905,3.2652487156410643,6.790534256350911,27.047506383097204,10.985521964674573,23867.862508403417,23812.671491596582
BTC,2022-08-13,24508.27,24888.0,24291.22,24511.02,96621.48885,24487.616499999996,24476.7706,24436.17625,61.66581362292574,4.620172035181895,1.4003947576764197,17.790356873645738,13.997250412218477,24523.384337661475,24451.848662338518
BTC,2022-08-14,24611.35,25047.56,24400.0,24507.5,87880.67515,24500.119,24499.9412,24521.94825,54.4265398022625,-0.41225068250423647,-0.9337594317980717,15.065624728877095,18.466710996763286,24513.771842783066,24486.46615721693
BTC,2022-08-15,24383.74,25211.32,23869.46,24110.38,164391.56537,24128.075,24129.6366,24094.3639,44.25693966198753,1.8070983197430905,4.726951774198882,28.307902369753084,11.772407149340395,24171.77338052186,24084.376619478142
BTC,2022-08-16,24194.62,24247.49,23680.0,23744.42,99470.74567999999,23808.943,23837.178399999997,23960.057249999998,38.47631519630227,-34.624493351006095,-27.04994502577729,39.22464998912409,30.66342267571654,23938.42172877059,23679.464271229408
BTC,2022-08-17,23981.47,24446.71,23321.6,23386.95,127563.03823,23412.4235,23410.508599999997,23604.392999999996,40.68183132107989,-6.46332324434843,-3.908976690292696,26.074467522607627,14.120689958355069,23438.820077259097,23386.026922740904
BTC,2022-08-18,23425.94,23600.0,23325.01,23428.34,74949.49514,23425.185,23446.9324,23498.031799999997,50.30745536151858,-14.055536957886943,-16.433009719190313,21.72731214841178,26.335746780047593,23497.356930416096,23353.013069583907
BTC,2022-08-19,22841.85,22880.0,21261.96,21411.35,164067.62161,21421.911500000002,21420.301600000003,21449.94945,45.3564463867961,1.4915862265988835,2.794445719879877,26.600179961885324,18.420578578567277,21474.70154310946,21369.121456890545
BTC,2022-08-20,21072.63,21382.85,20981.22,21250.19,90158.984,21280.1075,21294.528199999997,21264.663399999998,36.472506748297675,-13.056736385377008,-8.107199017633329,17.013838256849944,24.757557618294125,21318.416708227684,21241.798291772313
BTC,2022-08-21,21211.09,21587.74,21069.11,21419.77,89366.53149,21388.444,21386.4436,21450.6762,64.41791271698642,3.2798884965886828,0.7427110866813723,19.072299072929784,15.359006186905761,21412.720617884443,21364.167382115556
BTC,2022-08-22,21408.98,21510.8,20890.18,21262.79,134719.26535,21225.7045,21264.8172,21241.08495,54.920239832700624,-1.9275779032614082,-9.199017829686367,34.658895028013546,13.256419554434096,21270.13246663204,21181.27653336796
BTC,2022-08-23,21372.88,21684.87,20890.14,21530.82,123207.90439,21590.2055,21583.407400000004,21453.964900000003,37.63189207747405,-9.695904192773014,-1.3151926142911732,35.37474936389205,19.171816025104718,21651.51837775756,21528.89262224244
BTC,2022-08-24,21408.39,21558.0,21145.0,21492.24,100162.38711,21514.394500000002,21473.531600000002,21455.28365,47.27493560912931,8.031983372173272,14.47437363497478,22.524079517347495,28.36102619587564,21554.91692069547,21473.872079304536
BTC,2022-08-25,21537.05,21819.88,21427.0,21751.47,102104.26959,21710.877,21696.427000000003,21676.32665,68.34912540439127,15.145044236196554,11.107572490061559,20.852335138754672,25.715076266455565,21752.33403998107,21669.41996001893
BTC,2022-08-26,21520.7,21886.77,21106.31,21273.17,138619.28087,21416.097,21545.2032,21472.3074,29.317761186582572,-76.89473050109882,-65.4827278821952,65.27325934243164,36.59931812976945,21585.17926389542,21247.014736104582
BTC,2022-08-27,20297.67,20315.07,19920.0,20156.62,85389.26345,20185.8915,20186.345400000002,20191.26675,37.22953524384763,-7.131307406896667,-2.14987076274362,16.46106822776866,20.822112446174437,20219.655355394454,20152.12764460555
BTC,2022-08-28,20059.18,20171.18,19811.0,19956.88,65772.23101,19883.966,19911.3158,19967.711750000002,62.638398312963005,16.102553321303276,1.0845983451654657,30.58810173230698,41.1355820722727,19975.78657359857,19792.145426401432
BTC,2022-08-29,19645.01,20384.25,19584.37,20252.17,118944.96856,20310.713,20217.233,19982.831850000002,46.31629262395369,6.814617044376064,22.663578886460197,37.37606339720811,32.361843373752656,20389.7561492521,20231.669850747898
BTC,2022-08-30,20265.58,20576.25,19874.0,19926.31,127571.29421000001,20041.6285,20143.365,20313.00995,26.298663816590025,-63.795767898966005,-54.09842252487581,41.88391030430144,55.07329722650392,20202.227611240192,19881.029388759805
BTC,2022-08-31,20021.63,20490.0,19995.74,20172.78,163070.30319,20270.2565,20301.0144,20306.47765,27.631917617211244,-26.766640285233734,-17.314546546486397,34.20764687044658,28.313468338447688,20349.148340458392,20191.364659541607
BTC,2022-09-01,20115.66,20208.37,19801.38,19884.65,137806.26933,19905.610500000003,19906.369599999998,19982.227049999998,45.004204820595675,-2.1472532737134316,-0.21759663089209347,31.459645814762958,13.239498811459894,19947.304597171835,19863.91640282817
BTC,2022-09-02,20041.44,20411.5,19957.78,20388.31,134895.44479,20350.805,20310.417999999998,20221.829299999998,62.79000580420297,22.714650417539815,19.33390966399621,24.62177293997476,32.62800039175632,20405.976295616107,20295.633704383894
BTC,2022-09-03,19972.56,19977.91,19726.1,19816.88,82836.73174,19811.807999999997,19834.9298,19831.04715,49.1847790690446,-6.122295103388751,-9.05996598353422,13.183416617164973,20.609555996264575,19843.1991035797,19780.416896420295
BTC,2022-09-04,19785.64,19940.0,19583.1,19737.77,81229.89431,19730.8335,19718.2964,19787.90805,56.20183450356261,4.674109662966657,3.3922829704776123,14.627104395501064,14.220010933667256,19745.939184063987,19715.727815936014
BTC,2022-09-05,19936.69,19937.48,19633.83,19773.74,120882.08291,19781.284,19768.6674,19731.89515,47.112440946838376,1.3547088815939787,2.992573400469373,12.3221061030419,13.027633999047444,19796.652086933602,19765.915913066397
BTC,2022-09-06,20113.05,20113.84,19663.7,19818.28,180097.3051,19774.5345,19748.0124,19856.71845,66.57545324320463,13.587537960069312,10.281548489197117,25.173516235882154,17.43712802177693,19808.945249177657,19740.123750822346
BTC,2022-09-07,18804.63,18968.58,18510.77,18916.59,146843.19442,18906.1095,18872.8466,18801.16545,55.638307187190094,19.385651838601916,19.87333230747778,21.752155204170723,23.940296066253424,18977.123818689837,18835.09518131016
BTC,2022-09-08,19293.74,19397.71,19012.0,19263.84,157858.51538,19254.1275,19217.304799999998,19225.1836,56.15078398973332,17.43622481953207,16.02730023553177,31.924098647445497,20.315818081888803,19296.870920487905,19211.384079512092
BTC,2022-09-09,19377.45,21261.22,19327.05,21032.09,256601.02514,21005.471999999998,21024.9492,21025.7723,53.93256056759292,-3.1556820736950613,-8.008475047070037,25.936700686582466,15.914488614754388,21039.521854389768,20971.422145610228
BTC,2022-09-10,21281.71,21672.24,21111.13,21238.5,163834.006,21252.4345,21217.8578,21265.473049999997,47.387349630894676,9.295255613345944,11.938178551932952,18.243594280466823,19.958572569134613,21279.565224631515,21225.303775368484
BTC,2022-09-11,21597.23,21726.6,21350.0,21520.26,144622.04751,21501.095999999998,21527.126399999997,21582.3396,53.064037013860556,-3.1264901905306033,-8.07899107329067,19.673562512233303,20.495092486650293,21526.689132202944,21475.50286779705
BTC,2022-09-12,21674.94,22488.0,21538.51,22336.67,255733.67676,22392.5065,22392.5198,22337.4848,38.18893643025164,-17.70722257462694,-10.92473017512777,28.881622096042733,20.740000810263886,22479.96241146944,22305.050588530557
BTC,2022-09-13,22280.28,22799.0,21056.34,21125.49,254423.18796,21178.3485,21210.338,21810.078250000002,36.79802132858663,-24.041569192588213,-19.411811802491385,34.77845951181787,29.729891553004638,21237.716875508217,21118.980124491783
BTC,2022-09-14,20259.8,20541.48,20070.0,20217.65,188143.92146,20172.724,20235.0328,20258.7942,55.174257935214705,-13.520758901606314,-24.66389681117999,32.296258759036974,26.59348250236871,20240.591237279845,20104.856762720152
BTC,2022-09-15,20062.29,20330.24,19818.28,19830.76,191333.61037,20030.71,20088.8822,20113.3851,17.38348071747308,-58.81298924156363,-36.76016215056445,40.74572440685508,44.88233226227169,20198.343529462454,19863.076470537544
BTC,2022-09-16,19777.85,19890.0,19442.76,19721.19,144088.02955,19683.528000000002,19645.418400000002,19747.19745,58.12486778476306,17.367579646237573,13.41507400661241,34.8097277395006,15.014725795434583,19745.565470483427,19621.490529516577
BTC,2022-09-17,19991.48,20047.43,19748.08,19901.87,92379.05604,19926.55,19916.898400000002,19864.7737,39.791004854296155,-3.2353133762408106,1.4194610659368108,13.932232194534862,22.061526854917293,19955.285985801864,19897.814014198135
BTC,2022-09-18,20030.17,20102.16,19765.01,19886.28,109877.26474,19891.4255,19924.543999999998,19941.8578,45.36858351014968,-12.987693923143524,-13.479914778021774,18.597629734081494,39.5767392479255,19927.71068732251,19855.140312677493
BTC,2022-09-19,19494.56,19498.9,18232.56,19340.03,234936.70287,19253.823,19172.7002,18860.8596,67.90990040584065,55.057466077774734,48.92554957081288,44.26545684070898,38.60066740169191,19389.551542923775,19118.094457076226
BTC,2022-09-20,19423.81,19589.0,18777.0,18927.54,168018.30612,18942.3125,18924.9178,19062.519099999998,49.38757335003636,-3.7065878166467883,1.7307685748122887,34.340364951592605,14.53669184729643,19000.722536423433,18883.902463576567
BTC,2022-09-21,18951.19,19477.77,18791.2,19341.97,146791.81623,19387.827,19337.4102,19241.2098,42.99211591832427,4.598989639816864,15.413040121305492,30.533400548610594,29.620491582374598,19442.979461812247,19332.674538187755
BTC,2022-09-22,18458.12,19317.66,18381.3,19019.85,214452.62039,18996.2285,18979.553799999998,19121.481499999998,55.16087839203379,-0.8609767816160456,-0.16131590690040884,36.91714088462345,11.662040461763855,19034.311825100656,18958.145174899346
BTC,2022-09-23,19331.56,19500.0,18531.42,18653.55,198195.61473,18627.196,18642.4464,18855.75075,52.291886577771905,-0.3078002567344811,-5.586364405800388,36.583895129014486,25.096375151783803,18697.010360527485,18557.381639472515
BTC,2022-09-24,19173.97,19225.92,18925.94,19094.42,133771.27965,19113.829,19108.0894,19111.091200000003,42.271553343535025,2.920605425733811,3.6685974193672375,17.342051138388346,15.62586509758346,19139.536417529194,19088.12158247081
BTC,2022-09-25,18926.27,19180.21,18841.91,18911.72,95549.53721,18898.632,18906.8026,19028.996300000003,54.36500919459769,1.378525296186126,-1.2745033433329616,16.589217739393522,18.922475182585238,18922.995601210583,18874.26839878942
BTC,2022-09-26,18823.92,19318.96,18680.72,19191.02,272025.02982,19227.920000000002,19205.2752,19033.709199999998,43.54620229173681,-3.8620684802444885,3.1189533250618937,28.490195760071803,19.74378635521318,19279.674611004062,19176.16538899594
BTC,2022-09-27,19512.6,20385.86,19493.9,20158.4,318445.1736,20181.126,20166.9724,20230.393399999997,46.847210229186686,0.5481223507740651,2.6181165534151845,38.64293692191121,11.964597831214583,20229.93635521478,20132.31564478522
BTC,2022-09-28,19110.41,19445.0,18471.28,19382.15,303429.53018,19250.6185,19167.0832,19064.4353,75.12733272242201,71.51486444890543,58.300675975600065,44.982433828702206,46.42924101883134,19458.566889392667,19042.670110607334
BTC,2022-09-29,19478.22,19629.0,18843.01,19015.4,230526.58664,18965.4925,18959.2958,19237.9215,60.07543876121393,6.387710456911009,0.4061451389804649,37.17772442559915,13.935775794864684,19005.57867011894,18925.40632988106
BTC,2022-09-30,19451.98,19887.65,19155.36,19788.23,224962.48065,19625.352000000003,19545.9684,19406.61575,78.30818652970527,69.80270386022312,50.57462098873188,48.12103943702137,46.24920982807258,19810.6146278126,19440.089372187405
BTC,2022-10-01,19379.41,19438.75,19159.42,19311.71,99750.09866,19324.606,19329.709,19305.0007,40.27708363280591,-5.978564182121772,-3.308087842541302,11.10165580258535,23.82341890214214,19344.36993624836,19304.84206375164
BTC,2022-10-02,19297.1,19395.91,19036.0,19141.55,103716.44453,19147.492,19158.8584,19175.55635,45.09796949800592,-5.941807755072659,-6.047170024184963,14.625408953346676,23.825829087861102,19167.201857027274,19127.782142972723
BTC,2022-10-03,19186.67,19489.43,19059.68,19404.35,156970.89324,19382.686,19296.9392,19246.52315,58.02971469638102,37.83644111335889,42.44058128170047,38.583188668846596,26.703705487928755,19514.23044365334,19251.14155634666
BTC,2022-10-04,19561.75,20270.0,19490.6,20074.18,184894.06529,20090.8275,20125.5414,20006.22865,42.54612945203165,-15.831272000807076,-15.80362999076584,29.52916905103471,23.593315789275753,20139.909211817023,20041.745788182976
BTC,2022-10-05,20221.93,20299.99,19730.0,19835.23,160832.95168,19801.4165,19838.6824,19956.8965,57.124170110433454,-7.410379891203775,-14.06736831202684,27.046416346993787,35.21078197282407,19843.54359829713,19759.28940170287
BTC,2022-10-06,20298.27,20456.6,19874.81,19938.09,189931.80292,19923.1135,19993.9204,20144.5594,48.8114656924886,-16.640675565980928,-24.97104482865921,32.89810118766877,38.27034264884436,19960.928888547438,19885.29811145256
BTC,2022-10-07,19981.12,20068.82,19474.71,19620.0,130803.63243,19650.028,19627.831599999998,19767.4326,42.21505673500998,-6.022084955151513,0.598175769881566,23.652831429948645,22.270373306701238,19697.10508597589,19602.950914024106
BTC,2022-10-08,19566.83,19602.11,19415.0,19474.97,55291.43512,19465.163500000002,19474.3346,19500.7754,53.65114513433739,1.0993431833630893,-2.1175526647178424,11.844701759100854,43.19430472488595,19486.067972511515,19444.25902748849
BTC,2022-10-09,19402.05,19558.0,19316.04,19501.78,58569.28258,19490.6815,19483.2428,19496.3172,63.55169852371651,4.55533288402512,3.696121733883035,7.864256965373577,16.250516666852768,19505.665638648796,19475.697361351202
BTC,2022-10-10,19500.55,19525.0,19107.0,19250.93,111906.91761,19337.981,19329.7096,19357.9969,24.57911385790948,-13.512743969975418,-1.865152519340937,24.22303511659975,19.538128810402863,19402.004241374183,19273.957758625816
BTC,2022-10-11,19055.78,19268.09,18860.0,19071.07,115276.6711,19026.507999999998,19011.4418,19113.24825,62.820846023120644,12.830025085815578,7.6413337701686865,27.293797651023535,19.79990295882711,19071.249913951204,18981.766086048792
BTC,2022-10-12,19068.24,19203.14,18965.88,19091.44,125300.95663,19096.34,19103.6082,19103.738100000002,45.17064306021937,-0.4210544237830618,-0.0003067039498327595,16.762912946466134,8.527395934678902,19120.169120000628,19072.510879999372
BTC,2022-10-13,19137.81,19147.77,18190.0,18436.28,210364.63388,18415.8345,18430.1318,18505.369,54.439289501120136,-0.8708513186938944,-3.0258154458396773,24.346535902995416,13.166850185601934,18442.075213005235,18389.593786994767
BTC,2022-10-14,19434.55,19951.87,19351.09,19507.8,231469.47825000001,19470.1225,19535.488599999997,19653.834400000003,51.175235732620756,2.397022329427273,-8.784558880875295,38.96830762246232,21.673695950327232,19572.012846329035,19368.232153670968
BTC,2022-10-15,19190.97,19217.8,19037.39,19139.21,67972.08016,19137.5465,19148.1172,19153.208,47.444192913126685,-0.9752372429938987,-1.719942311270246,8.572781147112103,19.00897226645297,19150.00892877577,19125.08407122423
BTC,2022-10-16,19114.27,19195.0,19087.37,19111.98,54459.76791,19120.476000000002,19126.462199999998,19132.1866,36.78389944621606,-3.138828808445396,-2.6600265633658706,6.214238573794812,26.29004309267504,19130.767507955745,19110.18449204426
BTC,2022-10-17,19193.74,19676.96,19152.03,19573.02,129246.65513,19560.15,19586.363,19532.099400000003,50.685066310829235,-4.766732308005885,-8.231722152890724,22.47256956116064,14.965091320293098,19584.655289224225,19535.644710775778
BTC,2022-10-18,19588.34,19706.66,19361.87,19383.64,138984.41059,19450.105499999998,19512.3988,19575.625699999997,28.82482715562933,-36.61363931823507,-33.20118648659701,28.621283926667694,51.98315876514985,19538.554536280335,19361.65646371966
BTC,2022-10-19,19279.52,19323.73,19065.97,19206.83,108748.88614,19198.8325,19171.8236,19168.71035,58.470814674823686,3.101709132664837,4.2223344117872275,17.863436806506392,20.476983138599902,19229.253618897932,19168.41138110207
BTC,2022-10-20,19046.59,19347.82,18983.71,19291.85,115578.44176,19297.2575,19249.475,19207.6923,57.03260950069213,9.256613318138989,12.889588787977473,18.77090542685579,34.61521754654965,19327.831657632825,19266.683342367174
BTC,2022-10-21,19055.77,19131.39,18650.0,18977.24,155608.60998,19000.802,19039.0156,18934.566949999997,40.23592633467677,-22.540900701642386,-20.089987483431504,25.092673955488934,26.186192338945897,19065.910076795637,18935.693923204362
BTC,2022-10-22,19160.93,19257.0,19112.72,19229.76,62539.57922,19226.2705,19218.4076,19193.7855,56.63915405668788,3.042256801694748,3.1707785758539737,5.930305037383857,22.71362556908653,19236.92359621824,19215.61740378176
BTC,2022-10-23,19182.74,19221.71,19070.11,19185.04,58895.37984,19184.2935,19181.8796,19155.5753,53.014858304521596,-0.20877605986242997,-0.14242007290183117,5.851853863539399,17.9146169959479,19195.238899536245,19173.348100463754
BTC,2022-10-24,19417.88,19477.45,19157.0,19252.45,165176.4113,19219.176,19280.141,19352.258700000002,53.09006406172323,-9.391904901229282,-18.408540150549403,26.598729000350406,28.82041410198588,19260.33213801011,19178.019861989887
BTC,2022-10-25,19269.07,19544.44,19237.0,19470.31,108520.98985,19489.177,19488.5098,19369.57175,43.48097417594469,-2.248538719537464,2.412488073713615,18.431013659259634,20.4739200472465,19521.963586343016,19456.390413656984
BTC,2022-10-26,20152.46,20966.0,20083.59,20874.14,225744.26525,20814.3305,20722.6076,20596.90025,62.76226868988756,23.231247017960413,26.84604010981427,47.81430571069725,30.501252554200434,20873.945477468398,20754.715522531602
BTC,2022-10-27,20782.01,20872.21,20430.0,20600.73,188471.76029,20661.326500000003,20612.6704,20630.482649999998,39.975472359000534,-6.132043017667456,5.698086436273668,29.665183359587985,23.3587346742103,20720.915202377044,20601.73779762296
BTC,2022-10-28,20266.84,20588.88,20000.09,20511.99,173690.96673,20478.6305,20458.4054,20298.4896,58.36060258869819,18.58392850711607,17.371557500626473,28.91085285201029,26.206658923277335,20564.17903627514,20393.081963724857
BTC,2022-10-29,20632.43,21085.0,20605.66,20818.42,155921.1023,20825.798000000003,20808.604199999998,20750.75835,49.550530545423385,-3.8762629886514333,0.03724368790252197,23.260199446344647,23.04686131545774,20867.3434120701,20784.252587929906
BTC,2022-10-30,20745.63,20931.21,20589.18,20723.35,113672.20296,20709.6615,20679.716,20707.5027,64.57771090866663,12.642116844468546,11.981946216656784,14.330760003088404,29.604326822525536,20733.15801231526,20686.164987684737
BTC,2022-10-31,20467.72,20845.92,20237.95,20343.99,184824.92934,20361.132,20348.853,20516.32995,43.949014958957825,3.4829462429297564,6.1761999869837085,18.17305522094745,12.765412075018473,20395.478709653078,20326.785290346925
BTC,2022-11-01,20501.3,20700.0,20330.74,20404.81,182997.24358,20438.2855,20430.4814,20470.8966,33.30012894175152,-4.218491549934697,0.34886846134488714,14.130428017738241,11.452019112480185,20462.275779259933,20414.29522074007
BTC,2022-11-02,20491.83,20563.36,20339.99,20410.38,143696.9294,20417.176499999998,20420.949399999998,20412.1973,42.50886513954318,-1.047905409403029,-0.9376359486965782,8.168115045924432,9.129400061636469,20423.66181965152,20410.691180348476
BTC,2022-11-03,20306.39,20393.32,20031.24,20263.7,201211.95474,20250.1945,20274.837,20192.44555,53.89980553043393,-5.706363191278797,-9.31890382062464,16.632888138519224,15.459506264825064,20276.830276298417,20223.558723701586
BTC,2022-11-04,20293.0,21302.05,20275.0,21075.08,280963.09923,21137.008,21169.962000000003,20908.2983,34.70789754836096,-16.107523168015177,-12.40011711921705,30.43635154452572,23.942643223936773,21184.598688416616,21089.417311583387
BTC,2022-11-05,21376.74,21480.65,21210.98,21334.14,144376.89382,21323.495499999997,21299.556,21296.471750000004,58.267152305764434,11.3651951615102,11.41540513993163,14.051191384650537,27.88113190236454,21351.301691019293,21295.6893089807
BTC,2022-11-06,21239.77,21310.0,21143.27,21272.53,111628.10353,21268.947500000002,21252.8648,21232.0295,56.217224696181134,5.969262094069563,6.03762474306833,9.669292810587669,20.024111906209356,21281.465734500758,21256.429265499246
BTC,2022-11-07,20997.53,21021.0,20571.52,20698.22,222280.40878,20706.2415,20693.9182,20714.120049999998,47.25606557547994,2.587739323687856,2.7368907448797604,22.075579624433626,12.232486930995472,20725.36638355355,20687.11661644645
BTC,2022-11-08,20648.62,20673.38,19229.0,19345.38,347024.40059,19343.618,19406.4122,19568.6426,45.535393068021186,-18.44624392030164,-23.73412014404332,38.78315787461493,31.763376866650102,19386.41629089899,19300.819709101008
BTC,2022-11-09,18403.97,18517.58,17005.0,17284.99,396922.305093,17542.4025,17636.7816,17603.1108,33.447358279884604,-123.27365321571415,-79.57829467099516,117.88991399705256,27.2724285689079,17954.9174885703,17129.8875114297
BTC,2022-11-10,16163.5,17960.04,16099.13,17456.0,372787.35431,17602.247499999998,17669.9496,17240.92345,36.33797384411244,-75.56527680470026,-53.94422117929141,68.726060166713,38.868577699852935,17850.809203557143,17353.685796442853
BTC,2022-11-11,17131.98,17544.9,16361.6,16834.52,244509.0706,16895.961,16903.922400000003,17123.67065,45.4291325936699,-24.576917353333556,-11.63987601844746,63.82024931108227,13.722663280285843,17021.571178393093,16770.350821606906
BTC,2022-11-12,16935.84,17001.98,16631.39,16923.99,111898.84347,16943.329,16935.1894,16866.1638,41.338202123916666,-3.6348689492333506,0.48226205490266705,17.51770813800359,18.370523152307964,16966.813421135088,16919.844578864915
BTC,2022-11-13,16876.83,16954.28,16435.23,16580.25,110184.48468,16554.6725,16599.6656,16631.23705,52.81784917051089,-11.96518135209044,-16.46145400707636,21.967312958784756,35.45260997919098,16588.321417293126,16521.023582706875
BTC,2022-11-14,15999.47,17190.0,15815.21,16550.55,246121.92967,16532.362,16583.7284,16744.11145,50.18817065876379,-17.061675919048866,-22.939439957253,36.44792209432826,24.684969792048093,16600.26162138348,16464.46237861652
BTC,2022-11-15,16742.69,17134.69,16638.59,17042.55,159604.19772999999,16974.8695,16937.7094,16915.55205,81.59311279122514,27.106444479180936,20.09432426521124,27.13856753054605,23.526219285639222,17041.134748652752,16908.60425134725
BTC,2022-11-16,16883.19,17015.92,16391.03,16540.7,168593.52229,16520.2155,16501.9146,16554.57385,61.40650011676199,9.897383853473002,8.133642731153724,19.652700472116063,15.829735372860922,16555.6826439348,16484.748356065196
BTC,2022-11-17,16664.17,16717.49,16410.74,16645.87,136282.56198,16657.8475,16583.4548,16534.5535,58.24726448826723,14.224723337032628,20.669883352756873,23.589951444826113,36.23092656759345,16701.368736598586,16614.326263401414
BTC,2022-11-18,16850.41,16980.1,16608.8,16695.31,120519.82962,16687.5305,16677.019,16743.2912,54.831005077506035,7.984358124111168,6.448219274653374,15.25432717398979,15.124334631297145,16714.78853182663,16660.27246817337
BTC,2022-11-19,16597.07,16686.86,16553.53,16667.37,58786.65593,16657.801499999998,16656.6166,16654.5321,62.432068539537546,3.2815611786681984,1.7870149960604664,5.84691132396143,27.739188364101732,16671.97335841704,16643.629641582957
BTC,2022-11-20,16699.95,16738.76,16461.0,16584.69,82387.43432,16578.621,16565.8384,16557.62505,57.82078784411863,5.864256671793555,5.741879136878394,9.26408833386455,49.39110548846537,16591.73726303577,16565.504736964227
BTC,2022-11-21,16013.98,16319.0,15897.15,16149.62,164313.41541,16145.968499999999,16156.1822,16155.7559,48.933526987884875,0.26086266079801135,-1.4154973932520298,13.283870881179736,14.791941986920106,16167.006472597102,16124.930527402896
BTC,2022-11-22,15816.39,16262.63,15616.63,16167.1,147023.24787,16196.534,16169.916600000002,16040.0195,44.03301892197279,-1.7336658634394553,4.697242969993263,23.705531483953724,17.404164183136654,16233.059955373861,16160.008044626138
BTC,2022-11-23,16346.36,16677.25,16342.98,16461.28,160647.92431,16459.5895,16470.4008,16478.9726,48.981681662005094,-1.774895806764107,-2.191721042143841,12.644567468079822,11.080502979081913,16469.843590842436,16449.33540915756
BTC,2022-11-24,16725.21,16772.46,16458.05,16554.45,124415.49872,16551.9865,16535.220400000002,16541.32305,56.847687246560255,6.932799980837444,8.161222290926343,9.712603449390587,29.811906736966133,16570.66216574337,16533.310834256627
BTC,2022-11-25,16512.81,16591.43,16342.81,16535.1,109949.10012,16536.9035,16533.1534,16509.058050000003,50.52027874636579,1.8785469208160066,2.4902879604765538,10.625067117289323,12.497537963540452,16549.80352058049,16524.00347941951
BTC,2022-11-26,16646.6,16680.57,16483.25,16500.08,107161.23678,16512.0,16540.3342,16580.5153,36.60004665776051,-11.040728264008067,-11.907284218031599,12.665728911807411,32.72113529661024,16528.687703257343,16495.312296742657
BTC,2022-11-27,16510.99,16600.0,16489.55,16570.37,92018.11554,16558.43,16545.869400000003,16549.9465,68.50925361605822,5.748570361622114,4.742430049563689,6.329371298791074,15.884951954002096,16570.78324572749,16546.07675427251
BTC,2022-11-28,16155.0,16310.43,16090.0,16151.62,125023.64963,16157.832,16190.2736,16196.452150000001,41.87859842642714,-11.373781173313546,-12.798237946996508,15.8040779875295,31.58317969435126,16180.911664295189,16134.752335704812
BTC,2022-11-29,16260.44,16548.71,16258.36,16413.4,162545.0283,16414.702500000003,16397.5686,16435.5967,50.30406754939358,10.056369459445705,10.838007544648201,14.644091770368576,30.231366095267877,16457.611526964174,16371.793473035834
BTC,2022-11-30,16959.99,17162.2,16766.68,16840.88,135869.93174,16826.217,16831.493599999998,16834.044449999998,62.50775410885338,2.06856883099681,-0.40741331870368486,9.321026453294957,14.06507252062209,16840.63332283207,16811.800677167932
BTC,2022-12-01,17128.47,17324.0,16895.02,16961.04,144390.98356,16952.798000000003,17024.912,17086.15925,44.571322461036914,-15.482172873780655,-22.406847896524365,24.105436374405286,42.293554642606765,16983.223189959208,16922.372810040797
BTC,2022-12-02,16903.87,17105.73,16787.85,16942.09,123271.03822,16941.2655,16931.5218,16951.9793,51.89153359851979,1.931206024106359,2.472643768414641,10.441815506474468,12.638422232639659,16953.262692129414,16929.26830787059
BTC,2022-12-03,17019.72,17036.24,16880.88,16959.5,88447.14914,16962.0155,16954.8152,16952.4854,49.73479594089076,0.980557887298346,1.8594215640890104,5.833569914828799,26.491411189196032,16969.272820371792,16954.75817962821
BTC,2022-12-04,16964.6,17068.0,16905.01,17028.4,96116.61216,17031.765,17025.968999999997,16968.466099999998,47.9673229520114,2.3850492298588506,3.9546848005523505,8.259073725612138,18.451582968280444,17049.73731704556,17013.792682954438
BTC,2022-12-05,17250.09,17424.25,17015.32,17076.3,134183.59071,17060.8115,17103.1938,17207.579550000002,51.148696434066146,-6.327292316284002,-12.170991066333626,16.748019281900643,45.64086784029725,17080.39539672917,17041.22760327083
BTC,2022-12-06,17027.48,17059.35,16906.37,16994.4,119740.33548,16992.417999999998,16980.2214,16996.045149999998,54.627702991572086,2.2468537445311085,2.2897932301026405,13.555979351140556,15.866979094567233,17019.63909079372,16965.196909206275
BTC,2022-12-07,17060.57,17067.64,16678.83,16812.6,140754.68955,16824.8185,16832.8578,16834.2349,36.845198701645316,-4.674015762346244,-3.6826418231408633,9.979681877442527,17.16021684523107,16837.608989085267,16812.028010914735
BTC,2022-12-08,16813.76,16957.79,16733.49,16938.62,116633.23529,16922.839500000002,16907.6736,16856.03015,61.88696483927143,9.680112762507633,8.311520158591104,12.097850520717635,42.28373726841354,16948.05075579966,16897.628244200343
BTC,2022-12-09,17233.99,17360.0,17058.21,17182.13,148569.52283,17168.360999999997,17163.300600000002,17180.9202,63.57984921023472,4.7661092986490985,3.722309431258243,8.96943065567859,23.339847036486432,17185.39660847179,17151.325391528204
BTC,2022-12-10,17150.74,17225.12,17112.52,17196.71,79753.39281,17185.22,17174.1394,17160.488100000002,64.60467243345744,4.219896667400462,3.6683304006241677,8.279318109163068,40.76639825123432,17200.29147769818,17170.14852230182
BTC,2022-12-11,17149.86,17200.0,17127.96,17149.93,80978.06455,17151.2835,17150.8284,17153.59885,48.9343933558531,-0.290945658533019,0.12948331401649119,2.579477418220515,18.287968360531995,17154.805495316297,17147.761504683705
BTC,2022-12-12,16937.65,17054.79,16871.85,17021.47,129465.6189,17027.9445,17028.744599999998,16991.5445,38.15322512394524,-1.2186668829053815,-0.27619647803640746,6.012419223860991,14.549456661765161,17033.98488898086,17021.904111019143
BTC,2022-12-13,17148.15,18000.0,17080.14,17742.79,195627.41521,17769.6595,17821.6662,17722.57425,33.68017800839336,-17.17761249850446,-18.889057411789434,21.828105305258322,31.06868195211355,17796.21031880002,17743.108681199985
BTC,2022-12-14,17756.33,18116.0,17734.19,18048.45,115889.10997,18051.748,18051.3606,17946.67715,51.01292840083312,-1.2456508822615433,-0.25729841933280734,16.547719754709405,29.399551575893906,18081.26845162025,18022.22754837975
BTC,2022-12-15,17671.13,17754.97,17401.8,17446.84,114998.21311,17445.575,17456.7398,17548.135850000002,47.30536684324033,-3.9440036966552725,-6.35008137481969,13.314961229518506,34.343548954898566,17473.69347328695,17417.456526713053
BTC,2022-12-16,17399.97,17531.73,16890.46,16970.2,132861.58524,16959.926,16991.9968,16996.14125,50.54671288031824,-7.374192055318417,-11.468341587405963,15.811623919275435,29.40286884786704,16985.12942785908,16934.72257214092
BTC,2022-12-17,16610.7,16772.0,16579.85,16687.84,91805.70349,16684.695,16672.1602,16682.9803,54.61315230184839,5.040587397241325,5.737144617329122,9.19289598897205,24.864593090108734,16703.955074247064,16665.434925752936
BTC,2022-12-18,16725.86,16804.7,16663.07,16693.09,63890.94271,16691.674,16688.833,16705.39155,55.820078961763805,1.2074671861955721,1.1079623962378344,4.25818066978367,13.38224557568512,16694.66805678316,16688.679943216837
BTC,2022-12-19,16765.28,16784.0,16627.35,16705.76,85628.69805,16723.4315,16715.621,16722.12445,36.37430377020672,-2.480295922716323,0.21925990439525178,8.455453809494095,18.51098329586736,16741.32350522603,16705.539494773966
BTC,2022-12-20,16564.82,17061.27,16564.32,16986.64,153808.96897,16990.632,16931.594200000003,16840.81945,55.67931749113535,16.962444161668827,22.249395208080703,24.479866771501012,45.89412833083777,17020.926662633257,16960.337337366745
BTC,2022-12-21,16867.0,16914.72,16723.0,16867.87,89739.08597,16831.9505,16827.3302,16841.5829,69.19287082326503,9.106148546485201,4.585096919917145,12.506496570121051,24.312764148100246,16867.031963182475,16796.869036817523
BTC,2022-12-22,16826.62,16868.52,16626.83,16663.15,91375.77834,16681.086,16675.4284,16755.85985,35.968062474770065,-4.691281498206081,-2.1832786006286495,9.100916970169154,22.841014821393152,16703.86472200135,16658.307277998647
BTC,2022-12-23,16779.49,16955.14,16731.13,16885.67,102799.82322,16855.5795,16825.3116,16840.081400000003,71.77658896930534,15.906698255752417,13.56966569651815,11.585440907734423,55.42193253401152,16888.63754378667,16822.52145621333
BTC,2022-12-24,16820.94,16859.44,16805.01,16836.9,55326.26912,16836.4165,16834.152,16826.08885,55.077400669209126,1.1129579126900353,1.2008863396393679,2.1903630828861163,31.243196942228487,16839.11563523162,16833.717364768378
BTC,2022-12-25,16841.39,16857.96,16721.0,16809.55,71196.63288,16824.527500000004,16822.088799999998,16812.658799999997,38.720033144827426,-2.7998296548976214,-0.3495857054869095,7.806913940703021,16.645274739337435,16842.205739589936,16806.849260410072
BTC,2022-12-26,16872.3,16924.0,16795.56,16808.04,68729.60954,16815.489999999998,16826.2848,16841.99105,35.43443989946097,-5.435033374753402,-4.660074324175948,6.102113353628784,54.175858478590705,16825.526487431318,16805.453512568678
BTC,2022-12-27,16883.55,16897.0,16733.21,16812.03,90502.94449,16822.5685,16793.959400000003,16810.94255,50.41008278065221,5.65680588376199,8.407611794885794,9.512637745575843,31.602159664979798,16835.466404131006,16809.670595868996
BTC,2022-12-28,16678.94,16785.19,16559.79,16612.69,108945.50797,16680.814,16721.6614,16678.3457,16.095570675251462,-30.3064867482899,-23.385037848317324,18.03520673824762,53.44991451955361,16764.356611498526,16597.27138850147
BTC,2022-12-29,16527.96,16664.41,16488.91,16633.4,91496.80837,16635.0405,16638.3298,16624.02805,45.91765190918948,-2.6450406681615277,-2.6250315166757145,6.010667809523404,15.197572224280858,16644.48559285222,16625.59540714778
BTC,2022-12-30,16603.9,16624.4,16333.0,16542.58,99103.33807,16519.688000000002,16462.6356,16477.48865,72.03732669845682,19.20677817329124,18.92819360987144,14.83857838776791,57.9897534350385,16544.149360224175,16495.22663977583
BTC,2022-12-31,16568.42,16644.09,16531.0,16596.9,68993.18363,16605.7185,16603.124,16592.5366,40.83994813324239,-2.920537612746557,-1.9073967405745629,5.374153241325696,29.86386060109008,16622.710114726557,16588.72688527344
BTC,2023-01-01,16551.42,16572.94,16499.01,16544.13,52812.46268,16542.142499999998,16545.0988,16551.586499999998,50.483460468557624,-0.2125297194761515,-0.704070038362731,2.59324337832509,15.891397646308889,16548.797158142854,16535.487841857142
BTC,2023-01-02,16576.75,16772.01,16573.64,16729.32,76964.92759,16720.2895,16708.8256,16711.1685,68.25615270932464,5.558726993778691,5.241460364129829,5.259886394449684,45.68828202591085,16732.09133117036,16708.48766882964
BTC,2023-01-03,16681.29,16778.4,16617.79,16641.06,93642.30669,16641.5235,16662.5634,16711.96585,44.90495509991839,-7.060215673751372,-9.45034492533393,11.283983877191043,40.329313202580195,16657.918544709402,16625.128455290596
BTC,2023-01-04,16719.28,16919.0,16709.04,16821.54,123187.48114,16815.716,16810.8698,16820.2686,54.72680888565089,5.135194407408562,3.962133006808524,10.887841835443979,19.703945602816383,16833.06398708718,16798.368012912822
BTC,2023-01-05,16833.79,16870.6,16753.0,16859.3,93708.82418,16849.3235,16839.737399999998,16816.559800000003,60.80218128150396,4.559538007750234,4.053825873461568,8.91674978632475,27.141092562993254,16860.43282810744,16838.214171892556
BTC,2023-01-06,16832.39,16842.03,16679.0,16806.44,108814.64077,16779.947999999997,16772.189000000002,16753.8281,72.40331166101188,6.488400780715892,3.5296921124995446,8.698173257280072,19.748150546855754,16801.32841122205,16758.567588777943
BTC,2023-01-07,16945.4,16958.06,16908.0,16938.86,60804.00118,16940.466999999997,16939.477000000003,16926.6634,45.78307495860275,-0.20038305763955577,0.258753685100932,2.3118745129959746,17.259967303267906,16943.667513082917,16937.266486917077
BTC,2023-01-08,16928.38,16967.67,16919.07,16947.01,59181.79215,16947.1435,16946.387600000002,16935.527100000003,50.83841314162983,0.7247011176368687,0.8571185149335095,2.5558720072269665,15.764339715298004,16951.238107551286,16943.04889244871
BTC,2023-01-09,17196.74,17311.65,17176.72,17262.9,133547.45194,17246.1815,17257.449,17248.64585,58.49943471225147,1.8446620941831497,-1.0067603375458014,9.618297993532963,17.782865791330714,17267.659024321067,17224.70397567893
BTC,2023-01-10,17203.98,17375.0,17146.34,17304.68,123682.14304,17318.501,17306.9774,17261.46485,46.606894158940534,-7.522483185271994,-3.550764941049886,16.040219809314358,24.189541080288762,17368.058585857325,17268.943414142675
BTC,2023-01-11,17425.82,17472.15,17335.5,17357.38,115634.4811,17393.277000000002,17411.0794,17411.1519,22.008704873662744,-16.806027312912192,-11.721396319871081,11.824685902250335,40.527946232969605,17441.4532684731,17345.100731526905
BTC,2023-01-12,18258.82,18385.71,17892.05,18126.08,219325.22762,18092.678,18063.0042,18167.3207,61.99833825658239,10.368893007329461,6.7969528461636255,23.106417382918735,15.927845649025091,18132.611564127805,18052.744435872195
BTC,2023-01-13,18806.91,19293.27,18778.41,19250.6,178472.29573,19223.4815,19133.896800000002,18950.61335,60.26102432610884,34.87178564572605,39.37473601857599,38.88337858728549,51.71514528601602,19299.54607816148,19147.416921838525
BTC,2023-01-14,20931.76,21200.0,20225.06,20786.45,217962.97009,20818.258,20814.1838,20862.86965,42.83226257587549,1.1495761332116672,4.388613984583519,36.51013047035773,17.128855801151463,20863.05428895484,20773.46171104516
BTC,2023-01-15,20739.17,20900.0,20551.01,20854.82,88664.81859,20853.788,20829.452,20745.55725,54.067274707498804,5.860943522355228,7.473831487040046,18.67898206535123,20.77305865503198,20875.95031269547,20831.62568730453
BTC,2023-01-16,21273.96,21439.59,20611.48,20947.24,153851.42504,20907.495,20855.305800000002,20836.77125,60.97356852935896,36.03010282936157,32.44915833746111,44.23766744996134,36.081676815909304,21019.608561088848,20795.38143891115
BTC,2023-01-17,21008.63,21647.45,21007.71,21184.54,148609.17242,21265.6135,21278.365,21259.715700000004,33.535468506530705,-27.404131716382835,-16.762860604121297,34.7491860847677,26.48078564991804,21367.230267371287,21163.99673262871
BTC,2023-01-18,21234.9,21650.0,21151.0,21337.46,156681.94714,21397.057,21436.0094,21362.576350000003,32.58044807469605,-30.317804405873176,-22.838301652440922,29.485159717867166,34.26293941079257,21473.99397189285,21320.12002810715
BTC,2023-01-19,20704.11,20960.23,20660.8,20901.55,136186.11296,20894.098,20856.900599999997,20776.99665,56.74474119661489,6.77667400988139,9.514263054540951,21.820795737862312,29.110438962288768,20916.015504056075,20872.18049594393
BTC,2023-01-20,21133.72,21247.55,20861.28,21137.39,147248.70216,21160.9635,21160.927799999998,21100.17225,42.6424769700645,-6.220414825162152,-3.2736409748690978,22.743482302316526,14.021526487469098,21206.204361740838,21115.722638259165
BTC,2023-01-21,22613.85,23335.77,22492.68,23199.1,200922.93608,23182.883,23067.7118,22988.63905,56.79828398133649,44.06759866330685,52.22991363199257,43.298228695999384,57.025612685937894,23299.641121276774,23066.12487872323
BTC,2023-01-22,22769.99,23078.71,22602.55,22764.78,122453.08609,22796.639499999997,22923.063600000005,22880.691949999997,39.251569684190855,-42.26582822720957,-46.232094401386824,45.12419587701539,45.43105674521637,22929.06545085182,22664.213549148175
BTC,2023-01-23,22751.13,23115.0,22500.0,22834.1,159975.57011,22837.9345,22820.345,22838.09525,51.54583321059572,12.789751430856995,16.889365281868628,37.484156229693895,13.117972137191664,22896.78361536324,22779.085384636757
BTC,2023-01-24,23125.29,23162.2,22711.0,22863.7,155242.79913,22882.06,22869.962799999998,22904.472400000002,45.2907131722965,2.317919136814453,6.769810905988729,25.324501107620744,13.144923987979782,22916.199531338443,22847.92046866156
BTC,2023-01-25,22546.21,22772.0,22335.0,22490.14,147961.66234,22517.1555,22492.3894,22600.692350000005,45.04348780646254,5.220833112802211,11.648589491894334,31.23215593278045,17.652736670907842,22577.894043438235,22456.416956561767
BTC,2023-01-26,23248.15,23250.0,22850.01,23041.21,174639.66325,23118.4535,23081.018799999998,23098.998349999998,34.97013247829672,-7.707422996070818,3.6682018634122264,32.344243705369244,17.69583070438108,23178.142046397235,23058.764953602764
BTC,2023-01-27,22746.94,23128.0,22744.06,23083.12,139308.16381,23062.7855,23044.5028,22956.470400000002,58.57227429162669,9.071907990841282,8.456788536067592,23.69386984364795,14.53608562643132,23094.990834636472,23030.58016536353
BTC,2023-01-28,23086.01,23147.33,22878.46,23025.96,89921.05536,23012.281,22993.5852,22961.91095,60.82387161019669,4.372511060839315,4.330481740789445,12.778973848389155,19.89021663069353,23034.81494319689,22989.74705680311
BTC,2023-01-29,23128.02,23666.0,23060.0,23510.76,145189.99795,23503.4575,23513.219200000003,23509.473449999998,51.59243587124787,2.5385849762606085,0.7304185209375158,14.261880792564002,14.562293688139667,23527.969845361484,23478.945154638517
BTC,2023-01-30,23630.65,23769.32,22962.68,23135.86,168788.74245,23178.579999999998,23223.537200000002,23134.7147,31.96365523926029,-19.79129558988643,-17.287847229427985,21.160732538118854,36.20108955486413,23223.561908363637,23133.59809163636
BTC,2023-01-31,22870.76,23206.84,22743.05,23162.99,142542.46036,23147.201999999997,23139.5808,23035.8373,55.28172544917021,11.460328759425465,7.873575501218681,20.857224372277578,18.20648774628336,23190.31785258382,23104.086147416176
BTC,2023-02-01,23092.71,23167.39,22919.33,23034.98,128221.0117,23039.222,23064.5848,23083.414950000002,43.49866366235912,-6.8337746969700675,-7.321693670064583,16.30440022430282,20.162841885554773,23059.343483643173,23019.10051635683
BTC,2023-02-02,23933.8,23945.68,23525.0,23744.25,160269.69811,23709.404,23674.022800000002,23768.399900000004,60.56559776739331,25.4312915630544,20.80615211584935,28.334882622682944,23.46017132905169,23796.326775703397,23622.4812242966
BTC,2023-02-03,23540.79,23710.8,23227.16,23670.77,196351.84443,23647.022,23563.86,23468.946150000003,60.9809440154219,27.85819534782786,28.190663264431436,36.067391809678874,29.212949663827768,23709.646914083714,23584.397085916287
BTC,2023-02-04,23368.28,23587.78,23253.96,23395.65,97115.14296,23421.672499999997,23442.0406,23452.378050000003,33.968034380195355,-13.170330905813898,-11.39562740996516,11.875976222852168,28.108420499415082,23457.521665610817,23385.823334389177
BTC,2023-02-05,23341.6,23433.33,23000.01,23138.06,101259.96741,23159.9205,23170.8396,23193.99715,39.194307085829465,-12.74714335122917,-9.64905226918638,14.336301257104628,28.91154526143234,23204.616437387238,23115.224562612762
BTC,2023-02-06,22987.71,22990.65,22628.13,22792.77,141564.53116,22778.665,22808.998399999997,22847.47495,50.43912623597048,-5.194684645088273,-9.988969773849213,21.93920584444283,31.427927461613063,22800.665386813544,22756.664613186458
BTC,2023-02-07,22826.83,23064.56,22805.0,22938.18,142692.33576,22933.5605,22953.028400000003,22981.860300000004,51.04911249257192,-7.197691890392889,-10.138870133036573,18.8216450099347,30.461090605433053,22974.84274823087,22892.27825176913
BTC,2023-02-08,23269.33,23299.75,22870.0,22915.83,136893.87448,22933.881999999998,22976.3902,23078.85505,42.69337544397377,-21.705173009362625,-23.035471304643696,27.53369202464068,54.25893907845785,22995.481756687506,22872.28224331249
BTC,2023-02-09,22913.28,22944.97,22353.71,22580.46,209365.09499,22635.510499999997,22673.073800000002,22707.87715,29.69784886398954,-27.107031727173307,-22.676475240017737,27.37808749024203,48.74750028564552,22713.89459468173,22557.126405318264
BTC,2023-02-10,21892.8,21938.16,21622.4,21798.48,191780.88078,21839.694499999998,21844.3036,21798.8873,33.6738911231525,-10.473726984924724,-5.977993750157518,20.999578254610544,9.956613289098993,21877.752539610698,21801.636460389298
BTC,2023-02-11,21641.37,21777.54,21638.54,21732.32,97033.15708,21739.263,21742.1158,21731.296349999997,42.17621336840164,-0.013598467725387309,0.11728815174450283,7.879238008001457,12.829937783041848,21747.010306887645,21731.515693112353
BTC,2023-02-12,21788.13,21995.6,21756.04,21913.58,106013.34133,21910.965000000004,21916.3196,21858.097850000002,50.37158207461773,-0.8307902493834263,-1.7639896097802623,13.374600498813878,17.13000007319585,21934.519312132594,21887.410687867414
BTC,2023-02-13,21722.78,21894.99,21433.0,21663.01,163565.44317,21640.870000000003,21639.896200000003,21633.6838,64.19514410700745,6.535841222786985,3.330878219699996,15.77054677754769,15.232220412488422,21662.284740717245,21619.45525928276
BTC,2023-02-14,21727.98,22319.08,21532.77,21987.24,209675.89557,22151.188000000002,22179.761400000003,21869.719399999998,21.652656963923697,-44.13656607167286,-20.012141074360226,41.87693004087238,42.972115370954214,22316.376307043975,21985.99969295603
BTC,2023-02-15,22115.55,22916.98,22047.28,22785.52,190935.81408,22773.989,22736.6076,22735.0804,56.975561784681354,16.954733148479136,17.77716554641325,22.20346880376323,31.103975171929587,22815.486960862356,22732.491039137647
BTC,2023-02-16,24642.45,24758.38,24283.35,24592.06,185440.14293,24552.8105,24493.290399999994,24494.08855,66.22196485477964,20.955184284288407,21.275840620873915,33.94539954833768,26.89521952204373,24584.93832997649,24520.68267002351
BTC,2023-02-17,23800.3,24247.38,23532.69,24148.33,224292.29322,24092.6755,24001.778000000002,23900.20065,60.78199586047224,29.59941409779276,27.062590833563235,57.05870378893046,13.577240169603908,24165.21793433458,24020.13306566542
BTC,2023-02-18,24605.61,24734.32,24430.0,24715.19,119916.05063,24683.631,24675.4004,24612.107050000002,64.69745986873886,8.817268406997755,7.364192319305034,17.58647000474827,29.399416145298257,24709.12687017593,24658.135129824073
BTC,2023-02-19,24704.54,25046.0,24560.47,24926.8,128545.01026,24874.792999999998,24820.9844,24728.03395,62.19325671967516,16.887471788595576,13.762975015435915,46.81096046967178,23.80843118955951,24985.989981451487,24763.59601854851
BTC,2023-02-20,24302.75,25121.23,24250.01,25023.21,211080.13107,24938.95,24959.207599999998,24882.9752,64.84529095014919,8.85585076051575,-3.1173798305353744,41.34291489992781,17.521318427370385,25003.793676945577,24874.106323054424
BTC,2023-02-21,24896.83,25250.0,24408.0,24592.66,224311.44227,24537.98,24605.28,24627.963400000004,56.06517954048504,-0.9634126070668572,-14.886471093630297,38.0574850924487,25.732748777847874,24608.931675104297,24467.028324895702
BTC,2023-02-22,24078.55,24270.88,23627.08,23695.49,219852.38694,23732.074,23834.560399999995,24023.127750000003,39.99630618839799,-31.406794327602256,-36.25759932529442,51.753310197022586,28.94256121813008,23813.664895668797,23650.483104331204
BTC,2023-02-23,24214.4,24599.59,23608.0,24023.67,256688.17379,23990.095999999998,23978.499999999996,23993.793599999997,56.06671315940395,18.743537252554233,13.193312899900175,39.52253889032302,17.458462223827546,24075.313887418375,23904.87811258162
BTC,2023-02-24,23962.9,24029.91,23444.44,23444.44,161197.65736,23585.657,23697.6402,23792.96375,21.356153347631594,-51.07902470010231,-45.82661090088458,48.91567511863482,45.13066107796045,23684.043804418718,23487.27019558128
BTC,2023-02-25,23155.77,23163.1,22858.35,22996.76,103236.97157,23013.183500000003,23011.8398,23000.92545,36.78381750922033,-1.806725072565314,0.67945036494176,9.7710497384077,15.672218513870563,23029.600536610375,22996.76646338963
BTC,2023-02-26,23074.28,23331.26,23059.18,23218.42,97690.85334,23202.5525,23211.4094,23204.337050000002,57.11478346385598,0.44086785989202326,-2.829612936527503,13.847469020730234,18.815073711843993,23219.38317541766,23185.721824582342
BTC,2023-02-27,23569.43,23897.99,23332.65,23651.82,141838.06482,23783.132,23801.4344,23641.9971,19.503834609911035,-36.369371672266425,-18.69408204235272,32.4348052094183,32.31758020783572,23900.462831344823,23665.80116865518
BTC,2023-02-28,23445.29,23579.12,23200.0,23502.01,133627.04453,23490.988999999998,23469.371399999996,23440.84385,56.76748404472605,9.274003121452552,8.755405159369852,28.61765096084732,13.992844628646658,23525.531379709668,23456.446620290328
BTC,2023-03-01,23279.48,24000.0,23234.2,23731.82,181511.82853,23691.454,23687.562800000003,23700.3722,61.03018041036061,14.556213646708784,6.469847497229834,32.486235856605205,17.56121642800258,23743.556247705164,23639.35175229484
BTC,2023-03-02,23473.21,23546.82,23195.9,23341.5,131784.56289,23339.284000000003,23334.8744,23331.414500000003,49.33339448456008,7.6109894434739545,7.687720157530915,23.25058828043192,24.81846507486678,23386.23808795807,23292.329912041936
BTC,2023-03-03,22313.65,22498.99,22172.65,22341.13,162777.11321,22359.4985,22357.949200000003,22360.796749999998,42.924336843611314,-4.682484417458909,-1.6528871536869714,20.995047055604136,11.399515261909823,22384.08208580562,22334.91491419438
BTC,2023-03-04,22348.8,22410.0,22269.94,22336.91,58904.0267,22343.495000000003,22344.597400000002,22355.073249999998,40.17150897210471,-2.0792607142102497,-1.1528719257842082,5.253658446038135,15.524247416426944,22351.384325700343,22335.605674299662
BTC,2023-03-05,22588.01,22597.44,22189.22,22454.09,81645.33104,22451.6075,22444.4162,22436.50195,53.66715786102965,3.0986385156065808,3.6686354866255604,9.194478773761602,19.883388200640244,22468.8928589766,22434.322141023396
BTC,2023-03-06,22337.27,22487.99,22313.31,22449.87,96609.66091,22449.994,22452.137199999997,22423.894000000004,50.14154309077616,-2.5953083313688694,-2.6820591028597303,11.27030609994997,19.669824391792027,22470.4872812408,22429.5007187592
BTC,2023-03-07,22471.69,22557.91,21927.0,22381.02,154268.26677,22281.391,22209.8394,22329.133200000004,64.98321198260807,54.58755624742844,39.35700713906432,61.01348423907663,36.357074845089485,22422.58922518692,22140.19277481308
BTC,2023-03-08,22170.18,22229.04,21840.13,22173.94,174539.10762,22134.048000000003,22072.889199999998,22024.83195,59.85796089263504,31.03640712444394,29.740143851251528,36.900869088401386,21.53161478005497,22217.30903689007,22050.786963109935
BTC,2023-03-09,21735.43,21834.99,21527.0,21704.51,159665.41327,21711.639,21726.731199999995,21683.115599999997,42.90160554082576,-4.249394947379187,-3.628869628015594,17.834379659389924,14.68519195350508,21742.23746983053,21681.04053016947
BTC,2023-03-10,20062.48,20321.19,19549.09,19934.21,343035.15804,19866.7815,19865.5896,19940.7264,61.25195080505959,21.110383186794934,11.54382397804768,37.16137792226371,25.764260516274515,19969.87762956382,19763.685370436182
BTC,2023-03-11,20457.52,20524.99,19765.03,20091.13,236660.9432,20099.6805,20103.7922,20102.63095,45.77126351776433,-3.025539130961988,-3.2657550243875493,15.499850486587647,14.717826608683142,20118.79435829471,20080.56664170529
BTC,2023-03-12,20360.89,20497.34,20270.6,20355.49,141422.863,20372.462999999996,20366.289399999998,20385.79075,40.88452483898337,-1.8340558286181476,-0.31206555314442286,14.630682157865692,13.651925688834346,20389.47231403601,20355.45368596398
BTC,2023-03-13,22243.68,24500.0,21813.88,24018.38,413362.88951,24224.159,23988.2438,22916.840599999996,42.94671808855795,14.342280554523313,68.77227165643845,120.23674168902129,38.72495353501958,24464.955537092166,23983.362462907833
BTC,2023-03-14,24332.13,26386.87,24118.28,25848.06,391969.69951,25853.927499999998,25877.3198,25769.90815,48.670984731778105,-9.617920988323021,-8.841441852890686,47.586467582797006,11.478442213817829,25908.759952387518,25799.095047612478
BTC,2023-03-15,24858.14,25196.97,24255.0,24460.59,323079.53841,24594.292,24646.3592,24765.428649999998,32.11194743067822,-49.642541278502904,-34.332735556275374,63.95666324021096,19.070740311110917,24742.37473357821,24446.209266421793
BTC,2023-03-16,24381.79,25066.32,24182.0,24833.62,267325.31768,24820.932500000003,24837.0004,24776.158050000002,51.7938569652415,3.418223094293353,-0.13976177428098635,33.47601981741494,12.003025371651315,24867.924747392477,24773.94025260753
BTC,2023-03-17,25737.02,26970.0,25491.39,26355.87,361053.02443,26373.927000000003,26336.055799999995,26485.9635,47.67922402040894,5.076299010586808,8.99545355124915,48.0841629287798,14.642308505798239,26449.92038289519,26297.933617104816
BTC,2023-03-18,27404.67,27637.2,27055.83,27213.99,172314.9205,27311.962,27406.818000000003,27452.5216,35.547802017402496,-64.0848403371674,-55.30298155561094,56.0753539362269,35.724568603358115,27500.676232277125,27123.247767722874
BTC,2023-03-19,27086.49,27640.27,26827.22,27518.47,152741.25348,27501.565000000002,27455.1242,27285.256149999997,53.72434155027952,21.804637260207528,21.98643536072992,49.52085252989114,17.713849726312947,27583.19317172926,27419.936828270744
BTC,2023-03-20,27709.41,28472.0,27124.47,27913.34,300136.47115,27937.222,27970.127600000003,28020.723599999998,46.448637723784174,-20.653019080702506,-13.954192816958649,42.64966524070057,17.788853750430963,28024.389815757757,27850.054184242246
BTC,2023-03-21,27846.5,28244.87,27303.1,28029.09,262075.98479,27971.766500000005,27937.9994,27991.6655,63.16468102500885,28.807001591023436,20.740123367805964,36.59175608261094,30.32683291185841,28066.238552645264,27877.294447354747
BTC,2023-03-22,28097.5,28736.0,28000.0,28648.99,83583.92406,28670.1755,28635.588399999997,28383.3263,49.44145040062029,3.1858506216631213,13.073103444769076,35.75111519479762,21.399984926892273,28727.950540104317,28612.400459895685
BTC,2023-03-23,27246.51,28750.0,27242.58,28598.15,68018.34259,28540.051,28270.9544,27643.411549999997,60.21562247385091,97.38787366955148,110.48802942322442,80.42810964623293,49.24659601159783,28696.99429904643,28383.10770095357
BTC,2023-03-24,28304.77,28335.32,27831.33,27831.33,44190.0045,27910.547000000002,27931.818,27985.7713,30.78914627647215,-9.133268658806628,-6.314070694649542,21.565024923074393,16.800926800417773,27956.165751012395,27864.92824898761
BTC,2023-03-25,27560.41,27658.2,27309.8,27596.77,25671.82515,27560.414,27544.969200000003,27504.16785,62.276215108685705,14.405832117136015,10.654239058064068,16.554419326508327,21.934498986515845,27606.814480342055,27514.013519657947
BTC,2023-03-26,27587.13,28194.4,27462.15,27780.0,30511.94225,27807.752,27803.397800000002,27908.711549999996,40.630787936135064,-7.891775576488726,-2.676076947631686,17.44005395362709,19.56192164850088,27853.022697188662,27762.48130281134
BTC,2023-03-27,27848.87,27996.28,27236.01,27363.11,37120.98978,27332.978499999997,27541.732200000002,27753.1794,44.161620063504806,-54.99462562716508,-74.63020774428995,51.06263176503204,48.33320007832771,27420.397632750024,27245.55936724997
BTC,2023-03-28,27000.59,27210.0,26631.78,26923.84,42933.92398,26955.5055,26958.9414,26965.069249999997,42.85096868152329,-11.052010517032613,-5.82429375916403,27.0779267088444,13.006417082910636,27020.860576765335,26890.150423234663
BTC,2023-03-29,27425.52,28650.0,27295.13,28316.06,62129.54071,28394.663499999995,28417.777,28374.66965,35.902384324824475,-33.181905846224254,-24.910200315755148,35.165901257472015,29.07681896734392,28543.614711916092,28245.712288083898
BTC,2023-03-30,28314.61,29184.68,28090.06,28431.35,59972.61421,28405.077499999996,28435.467800000002,28576.81355,52.90061251188471,-2.676423716060526,-7.456144474739546,36.92937259978799,20.4202236317796,28470.02552872312,28340.129471276872
BTC,2023-03-31,28257.72,28556.43,27511.71,28484.89,48356.50295,28457.477999999996,28423.3732,28165.972149999998,57.113131871528694,20.984139133404824,17.75082877602921,37.51309256517566,31.821136327330986,28518.533700339118,28396.422299660873
BTC,2023-04-01,28444.81,28819.71,28320.35,28350.01,18504.15101,28359.93,28388.2016,28399.909000000003,38.80779689283025,-8.308288593609177,-8.224887792085486,9.380850909387126,24.933603179036417,28380.12326125321,28339.73673874679
BTC,2023-04-02,28393.92,28530.0,28135.8,28307.01,14826.68789,28306.4295,28291.067800000004,28301.713600000003,52.64165244123454,7.27479687950472,8.131125423853028,11.786109068717165,12.729597385785361,28333.472387031405,28279.386612968592
BTC,2023-04-03,28069.3,28500.99,27560.0,28041.99,43035.53291,28194.398999999998,28230.8448,28207.20415,21.66215658654086,-39.484424012782256,-20.010672767078553,27.474619427228994,25.744897224691197,28317.69190115771,28071.106098842287
BTC,2023-04-04,27788.69,28444.44,27772.71,28256.99,30791.52512,28171.490999999998,28164.4766,28246.6193,71.76125958130817,19.79830201230652,9.69131259547266,21.141869927697975,24.80909020328383,28261.46131686071,28081.520683139286
BTC,2023-04-05,28586.77,28775.0,28105.0,28172.17,30791.64002,28201.9585,28253.092,28450.775950000003,39.98578454022385,-13.922452847436944,-15.09766991388883,29.164138073959435,16.083623197286872,28244.45666150026,28159.460338499743
BTC,2023-04-06,28009.45,28153.69,27711.0,27924.13,24113.02827,27932.967000000004,27915.381,27916.440100000003,48.0071936145216,3.6258455147726636,6.614320455308024,17.345237118355776,25.036157277887337,27956.665763766738,27909.26823623327
BTC,2023-04-07,28052.7,28079.13,27766.94,27949.86,17032.55116,27935.753999999997,27918.3788,27893.153800000004,57.60960698421529,9.616535480814491,9.39823064714274,11.847693075049422,19.589281059296933,27975.261608583354,27896.24639141664
BTC,2023-04-08,27880.27,28154.99,27880.02,28045.94,11412.8268,28044.025,28031.8222,28010.06895,58.98724849321425,4.834517617135134,5.932339503711402,2.927470990809016,29.768315497763883,28057.508865173226,28030.541134826777
BTC,2023-04-09,28052.36,28083.45,27800.0,27863.79,13444.55999,27842.927499999998,27883.3206,27909.8465,50.34048633342382,-4.956346547493013,-10.479468025722623,11.250167309068814,38.740871009895926,27879.085117108167,27806.76988289183
BTC,2023-04-10,28315.54,28375.02,28170.0,28296.95,18194.45812,28260.715000000004,28242.0244,28274.376149999996,68.40866960862803,14.064140946720727,8.656000169173883,9.294474469443657,29.709122566795074,28305.20516722801,28216.224832771997
BTC,2023-04-11,29783.86,30430.0,29754.49,30080.0,39713.40332,30172.523000000005,30190.6044,30123.513800000004,29.12866311138126,-24.76263383366677,-13.057663858502476,22.883523292574377,25.234085596878934,30256.980263772366,30088.065736227643
BTC,2023-04-12,30275.59,30486.0,29811.82,30100.56,38623.69508,30147.456,30123.958199999997,30112.335,42.694491190771686,-10.81420766678275,-0.7878322632155907,33.24457721294986,14.237039133624307,30223.00400735928,30071.907992640718
BTC,2023-04-13,29974.99,30449.98,29947.74,30432.04,27532.96444,30306.8425,30245.4146,30220.21895,77.23385606127698,51.21609735519087,36.997472943335424,25.722691028404814,46.97061528195231,30451.60922143423,30162.075778565766
BTC,2023-04-14,30790.5,31000.0,30483.21,30634.31,40168.93535,30600.624499999998,30653.400999999998,30713.1031,53.86629125431677,-9.038320592990203,-16.22541188722611,30.259502884100893,32.16793377662175,30644.724763706923,30556.524236293073
BTC,2023-04-15,30336.88,30470.0,30278.08,30375.56,13681.45989,30368.188000000002,30350.8432,30390.20765,57.81188710712176,5.782254373028991,6.051048829935867,5.057782240203549,10.402931568352598,30385.890210709604,30350.4857892904
BTC,2023-04-16,30191.71,30399.4,30160.4,30315.16,11918.06651,30283.07,30265.7086,30252.8382,68.58624974269371,6.857251010766049,5.007420502981972,9.783932155427419,12.787084815305287,30305.0132121627,30261.1267878373
BTC,2023-04-17,29934.91,30101.31,29250.0,29389.01,33095.49102,29450.965500000002,29426.8852,29498.409,32.81019882728647,-5.4420888678359916,4.19221955282945,15.70414872862255,19.062899846623647,29497.966187005055,29403.96481299495
BTC,2023-04-18,29260.03,30485.0,29196.16,30215.28,38606.80499,30204.673,30286.6142,30308.0733,47.40024326886307,-23.337228176969802,-32.61036803246078,23.880791594661552,36.012160300035056,30293.17686570229,30116.169134297706
BTC,2023-04-19,30299.67,30327.12,29000.0,29491.8,51694.63185,29418.259000000002,29392.0096,29289.81805,71.59272541308049,23.204618259689596,15.669694007556158,19.290816703220447,40.430269835021896,29483.51471880124,29353.003281198762
BTC,2023-04-20,28871.14,29088.3,28334.0,28720.0,35696.77345,28781.0545,28804.6204,28770.53595,30.99561624905079,-16.72700845142026,-10.63948238866763,19.978085899951715,16.71259347195145,28828.942908399345,28733.16609160065
BTC,2023-04-21,28230.0,28348.0,27815.89,28128.75,36143.54703,28159.417500000003,28128.7226,28137.327149999997,44.06955684839152,1.1704349854335305,5.804531665464658,21.6363325639827,18.316462231673768,28198.393450469164,28120.441549530842
BTC,2023-04-22,27189.18,27397.63,27184.24,27293.96,15248.3272,27312.402500000004,27282.1712,27296.725499999997,45.94284463479979,6.029926149309176,9.41336948387277,7.790328339913712,29.30179467665862,27329.431728843098,27295.37327115691
BTC,2023-04-23,27604.21,27777.0,27477.03,27654.54,15436.77612,27649.411000000004,27638.2846,27625.513250000004,54.568787139101104,5.6414504892454715,5.918427397400022,10.331930178209477,12.58615221700726,27672.24070249444,27626.581297505567
BTC,2023-04-24,27975.13,28000.0,27157.14,27418.69,27530.84197,27578.697500000002,27617.661600000003,27516.48775,17.231058384824614,-47.18011377852963,-25.66939341320277,29.457805825324623,33.342157807180925,27722.600049925175,27434.79495007483
BTC,2023-04-25,27445.21,27482.71,27192.0,27280.02,20703.72839,27292.347999999998,27313.926999999996,27373.496600000002,46.54503720770448,-13.622255881204183,-12.271127218970861,22.71419355519027,20.416023408030185,27339.67303506568,27245.022964934316
BTC,2023-04-26,28279.99,30036.0,28244.62,29584.68,60455.73397,29597.493000000006,29724.2296,29527.97855,40.01038845519845,-40.2307971477785,-42.92856012290338,34.09791354218403,30.172435868353183,29662.836196154447,29532.149803845565
BTC,2023-04-27,29051.46,29278.88,28553.74,29034.95,43756.41057,29018.3805,28999.667199999996,28945.03095,54.898244719695036,13.450207972869975,11.048169634236555,24.04190629155045,20.33578648511697,29062.267959930257,28974.49304006974
BTC,2023-04-28,29482.54,29566.92,28891.0,29198.76,33307.41514,29217.745499999997,29138.894200000002,29234.7287,50.7441735418646,8.383255622604338,18.64226712453106,31.931423358893333,20.761241155549577,29292.917956251775,29142.57304374822
BTC,2023-04-29,29244.06,29448.88,29234.39,29362.12,11780.90232,29355.741499999996,29363.1278,29319.804850000004,54.34927007467817,1.2711102219727763,-0.07144186826986038,5.705876409953179,15.588637414942685,29369.122796312124,29342.36020368787
BTC,2023-04-30,29161.27,29379.1,29079.59,29373.01,8530.09554,29281.3035,29283.377599999996,29242.31905,85.68028316287746,12.965466899320745,3.7713625507056814,10.344181693108528,27.907181842931255,29333.03060054678,29229.576399453224
BTC,2023-05-01,29243.12,29260.04,28250.15,28432.9,32307.82067,28474.7195,28488.765,28536.77275,38.536226492229716,-12.253562973568478,-7.68190299846683,25.938185910677426,18.37559248622988,28518.313731489758,28431.12526851024
BTC,2023-05-02,28061.84,28629.93,27872.0,28508.45,22696.87408,28401.6805,28167.3032,28095.0555,65.08271221760812,104.20508404750944,108.92172301664971,68.79275588043313,48.588225423720765,28658.352616403095,28145.0083835969
BTC,2023-05-03,28529.99,28767.93,28128.31,28185.89,25575.94226,28272.065000000002,28317.5672,28404.643699999997,28.753507503736028,-25.565854360986123,-19.465031922957564,22.607293308994397,38.905356111494605,28341.811945024085,28202.31805497592
BTC,2023-05-04,29047.16,29379.83,28663.64,28890.44,27484.31846,28861.9205,28814.051600000003,29005.227649999997,63.59339817564659,21.31649157072752,19.953002542695845,23.41562957350355,20.126580529910864,28902.086064093917,28821.754935906083
BTC,2023-05-05,28894.32,29531.0,28800.0,29359.65,35040.98521,29232.808500000003,29194.854,29095.864500000003,71.52626306146414,49.516655719158734,30.786315489193704,38.21601938642056,36.77141842573647,29377.94485578654,29087.672144213466
BTC,2023-05-06,29611.49,29626.0,28526.67,28673.7,28958.83218,28632.253000000004,28732.186599999997,29037.639,52.738787111889835,-17.112644580334745,-32.37877334251819,34.09981297194698,47.33799773809005,28681.122887698228,28583.38311230178
BTC,2023-05-07,28874.55,29138.29,28705.12,28963.43,15344.87286,28942.5605,28923.6382,28894.05915,54.95649957045081,18.195268523548293,15.093121105633463,22.84930671969053,36.228264005328505,29018.756777198898,28866.3642228011
BTC,2023-05-08,28538.78,28581.04,27577.01,27764.81,39460.83034,27795.5715,27815.051,27857.7588,42.52533311072765,-18.30523735085444,-14.053936959998703,25.198250782656938,29.92836095767268,27858.744640580524,27732.398359419472
BTC,2023-05-09,27618.99,27818.0,27402.94,27505.58,23591.0866,27479.049,27519.9938,27656.80515,53.44241210510337,-10.111327707032615,-18.592576967901643,25.038476358262063,42.635863745725274,27538.071320150262,27420.026679849736
BTC,2023-05-10,27722.61,28331.42,27474.91,28178.86,28824.47967,28195.057500000003,28184.2362,27968.847599999997,45.35528169069403,4.212867388614541,7.084430317021767,22.16347689933545,13.892672349719012,28235.473154328174,28154.64184567183
BTC,2023-05-11,27566.25,27630.14,27011.36,27207.1,22790.42061,27227.162,27235.4166,27376.4092,46.26214345177004,-21.267793340517528,-18.01874377956096,32.616679618152276,28.319517371676554,27310.77776731749,27143.54623268251
BTC,2023-05-12,27024.63,27026.3,26120.74,26461.42,37665.62825,26465.577,26466.895999999997,26408.509050000004,49.45243954380242,-8.657859324241144,-6.85075445799289,23.760556859178454,15.5549654175958,26516.020057835947,26415.133942164055
BTC,2023-05-13,26950.03,26983.98,26695.41,26811.16,12124.69029,26794.359000000004,26807.5756,26820.8619,54.87192276171951,0.2167507481390203,-4.070443153082479,14.744105894760233,25.14400895024903,26824.53755920963,26764.180440790376
BTC,2023-05-14,26682.64,26932.39,26680.08,26854.44,8513.04131,26869.197000000004,26882.708200000005,26833.461049999998,40.53372585876051,-2.5873554890386004,-2.004691878972502,9.084833602142607,22.385596042209336,26890.72252261807,26847.671477381937
BTC,2023-05-15,26839.75,27550.03,26829.02,27317.38,24617.28091,27294.3675,27317.4556,27364.264,54.09028038517288,3.954735356506717,-2.1459039552594454,15.681030989363721,26.87950000244967,27342.063841105657,27246.671158894344
BTC,2023-05-16,27143.43,27286.08,26852.11,26942.75,21075.06009,26970.546000000002,26982.1754,27047.624249999997,42.974514865408494,-10.93708686062746,-7.023842863722961,22.70547610609361,19.296025820956498,27017.799714520024,26923.29228547998
BTC,2023-05-17,27061.19,27238.55,26544.71,26666.53,21290.0258,26653.698000000004,26645.693400000004,26684.71535,55.537724179903876,-8.641261124295852,-5.954117252419832,23.528641346297967,25.556320997511467,26707.081755431507,26600.3142445685
BTC,2023-05-18,27390.57,27472.14,27152.29,27337.26,19757.09129,27338.597499999996,27289.5782,27305.146200000003,52.8735323025755,21.349138209981902,24.96144338849119,22.003025911934348,33.78366491124688,27411.406346131553,27265.78865386844
BTC,2023-05-19,26862.96,26988.2,26749.33,26812.91,13429.09663,26816.692499999997,26823.4772,26878.18925,48.05993335075512,-2.634334323753137,-3.072985366442736,13.19407912631156,19.00987063625529,26839.8433054936,26793.541694506395
BTC,2023-05-20,26863.89,26945.66,26832.36,26893.52,5836.98259,26901.0115,26900.1216,26896.57275,39.535219808737594,-3.6511538414051756,-2.3988764239254294,2.223860542681067,32.58450976235626,26919.652944445115,26882.370055554886
BTC,2023-05-21,27209.85,27217.08,26776.23,26935.91,11542.4173,26951.940000000002,26927.6358,26897.3765,45.296116272263596,4.217546749234316,8.155914919677302,6.40244322932401,27.839709319304465,26973.49040417299,26930.389595827015
BTC,2023-05-22,26668.28,27099.89,26538.21,26965.71,15969.13186,26947.771,26948.049,26848.177200000002,54.996187235182646,11.85147687665085,10.648214678519714,24.05882081577726,24.359293282572864,27004.515458372993,26891.02654162701
BTC,2023-05-23,26865.22,27495.83,26848.85,27322.22,28081.94495,27306.401,27278.9278,27300.6423,60.14692019911276,5.980536077644501,6.924580644946665,10.857661811088196,15.769581592475507,27329.63770449989,27283.16429550011
BTC,2023-05-24,27170.49,27181.6,26144.36,26351.15,31422.95321,26323.9635,26338.546400000003,26610.821549999997,51.74279400681459,4.729074027833121,-4.0654108479773186,29.569822366439812,25.90280559845461,26392.332790845703,26255.5942091543
BTC,2023-05-25,26197.57,26499.99,25871.89,26418.23,21973.99357,26358.1205,26342.667599999997,26348.816999999995,68.61361548637781,17.532172428076592,11.949769614096105,18.037792887972422,28.707619920314784,26420.895085455268,26295.345914544734
BTC,2023-05-26,26534.17,26932.16,26327.24,26815.72,20457.98098,26796.3315,26673.077599999997,26517.959899999998,59.87215853879149,55.56661060740589,61.46195853331446,34.87473584011949,54.16783790545669,26942.608642339514,26650.054357660487
BTC,2023-05-27,26663.65,26786.51,26551.0,26683.01,8492.52294,26686.635499999997,26669.0612,26703.7659,50.39904090846861,5.107250152352208,5.893861646161481,8.888703182435814,18.02334179737831,26721.528691011994,26651.742308988
BTC,2023-05-28,27074.2,27344.23,27070.83,27214.5,16346.77446,27200.5045,27195.373,27175.171299999998,61.45748808174832,1.5127948975859908,0.5416165506724009,6.058682329529798,13.511363666666078,27216.79445700101,27184.214542998987
BTC,2023-05-29,28171.5,28200.0,27745.78,27837.27,20445.13588,27863.127,27890.181,27896.5419,42.56396193336513,-22.821606057677855,-18.22162704995153,19.11033408343611,35.7781835995377,27935.37376604578,27790.88023395422
BTC,2023-05-30,27745.73,28038.59,27672.93,27756.48,19068.51727,27782.373499999998,27803.116400000003,27902.653599999998,42.43629585052128,-16.089620051508973,-14.748553142194327,22.359283487568526,18.173466703110716,27840.040094237258,27724.706905762738
BTC,2023-05-31,27780.1,27835.51,26851.0,26953.24,32960.5009,26924.654,27020.2714,27090.06665,48.44197559713748,-20.670914401209302,-31.583010135367978,29.46695495697982,44.21178892919135,26976.877178536535,26872.430821463462
BTC,2023-06-01,27136.45,27165.47,26605.05,26878.79,21605.52257,26863.821500000002,26893.3786,26894.557599999996,51.119473238744405,-7.805644098356424,-10.602962234221199,14.008826953207041,23.0814722233567,26883.022841906648,26844.620158093356
BTC,2023-06-02,26741.1,27240.0,26729.14,26962.16,21041.26502,26931.339,26939.366599999998,27059.50805,56.97466383575976,-0.6857020088209538,-4.944235306281672,17.33164549930145,23.55150036139375,26959.718023168098,26902.959976831902
BTC,2023-06-03,27178.9,27212.78,27092.0,27184.36,6922.3270999999995,27185.129500000003,27179.841800000002,27161.1548,51.982522931071856,-0.26630812676012283,0.937164466813025,3.036367662736856,32.269047882513284,27195.202558074954,27175.05644192505
BTC,2023-06-04,27057.47,27298.0,27027.0,27244.73,8982.40138,27213.701,27222.0746,27211.0462,63.63178726825464,2.8133560604037484,-2.9500511058681496,9.995198895203469,23.782005286961876,27254.410978088505,27172.991021911497
BTC,2023-06-05,27007.74,27079.05,26640.0,26777.44,18394.34827,26770.175,26758.320200000002,26744.229750000002,54.47304246024399,6.713922762341099,5.581451059255251,11.831820721790654,13.782891008357884,26791.563023283517,26748.78697671648
BTC,2023-06-06,25659.61,26111.15,25351.02,25974.0,27458.65173,25956.624,25892.591199999995,25667.53505,55.40426153537447,28.43664559777244,28.66393559103654,39.91509366179729,35.46152418690784,26023.753827766766,25889.494172233233
BTC,2023-06-07,27129.65,27132.71,26352.0,26469.99,33293.14907,26568.923499999997,26685.9556,26771.45925,36.02744383276486,-62.586103824909515,-51.513186467435304,55.61701108275209,44.17317169923813,26708.899343955552,26428.947656044442
BTC,2023-06-08,26427.29,26685.92,26210.0,26617.54,17165.917699999998,26536.663500000002,26449.720400000002,26434.3485,65.68239291233168,58.253077328085055,51.93972020615938,33.37103744485379,51.38022790945079,26709.6900267843,26363.636973215704
BTC,2023-06-09,26515.25,26783.33,26269.91,26596.0,17073.40729,26663.836,26653.071,26646.914449999997,28.077212792527167,-15.617186453811883,-4.451283376197836,14.135544344706418,31.022706166505376,26736.440675716858,26591.23132428314
BTC,2023-06-10,26476.44,26496.1,25456.41,25637.79,42810.28737,25657.558500000003,25659.1046,25660.619099999996,42.126293959006254,-5.022884257883561,-3.4369958827316474,12.511020855554051,12.455010527738422,25685.656037452518,25629.460962547488
BTC,2023-06-11,25765.62,25864.32,25634.7,25730.06,13101.74315,25740.385499999997,25729.7506,25767.46295,47.11377040956899,-3.3143654307859833,-1.3745748754957607,9.585683830367007,19.586164597956124,25768.24981228258,25712.521187717415
BTC,2023-06-12,25942.9,26106.48,25602.11,25809.89,18425.850590000002,25828.427000000003,25819.913399999998,25897.82965,41.887992301620244,-3.9978038675617427,-0.478352718347244,12.489063219112296,12.712533815239198,25850.141643999625,25806.712356000382
BTC,2023-06-13,25919.5,26433.21,25891.25,25980.83,26790.62209,25997.726,26009.266200000002,26111.506750000004,46.12159401207556,-7.293141814530827,-6.568446276016445,21.915957181007315,19.38209484020941,26031.612075253637,25963.83992474636
BTC,2023-06-14,26001.71,26085.33,25837.13,26020.34,11807.54954,25993.819,25997.597,25990.20255,64.98516272402892,-0.3916017122573976,-3.369910327837991,7.396933074221482,24.672404224329654,26025.168242351097,25962.4697576489
BTC,2023-06-15,25145.57,25163.02,24800.0,25036.17,25725.06475,25052.4565,25057.6376,25012.333000000002,41.498155606176,-0.8455134604191699,-0.80437328647401,12.23667646757479,12.433818141981966,25073.24197307668,25031.67102692332
BTC,2023-06-16,25468.7,25629.73,25462.03,25500.0,15388.05244,25511.326999999997,25512.599,25532.55645,42.413301001186255,-3.144346882305399,-1.504232047584387,8.921858880293716,17.24995803473534,25529.430470495452,25493.223529504543
BTC,2023-06-17,26323.89,26839.99,26181.0,26496.64,19052.51445,26496.508,26523.636000000002,26533.946949999998,46.20009984421836,-7.330083360095159,-9.95670866295827,10.489105909195631,29.907138563252843,26525.63956336323,26467.376436636772
BTC,2023-06-18,26440.76,26680.0,26435.35,26560.01,9771.13489,26528.964,26505.083000000002,26507.160599999996,71.29292993434373,13.026239139551762,11.329154301662461,8.74661832322319,49.31767169073974,26561.544435478994,26496.383564521006
BTC,2023-06-19,26405.01,26576.87,26364.4,26424.0,10933.24445,26426.265499999998,26470.9764,26483.434850000005,42.58883367637673,-12.395978687774914,-15.247417351763866,13.798830341116913,40.903938600615135,26445.763791694542,26406.767208305453
BTC,2023-06-20,27044.41,27063.7,26652.0,26729.13,19010.80798,26724.923,26787.896800000002,26850.8839,45.37196145904291,-13.990364172776026,-21.5819708377544,22.136428002323722,36.18465046716154,26775.751566023606,26674.094433976392
BTC,2023-06-21,28787.97,29530.0,28678.0,29502.01,45768.92407,29352.905,29271.313400000003,29058.0891,68.63267440959315,74.65144937623336,59.18933473501112,62.702881018338644,53.00512488479746,29554.94578820927,29150.86421179073
BTC,2023-06-22,30204.99,30500.0,29840.09,29878.0,33028.64143,30079.973000000005,30179.736399999998,30113.900700000002,23.354866964464552,-80.63364784080477,-58.868420834647075,50.767603281674745,47.04980755078361,30291.54418282971,29868.4018171703
BTC,2023-06-23,30003.51,30230.87,29800.0,30161.26,20274.35173,30125.989,30093.55,30100.6523,59.392560290269095,14.517292581425863,11.476507120003715,22.834106990257432,11.279886019278507,30167.348759138247,30084.629240861756
BTC,2023-06-24,30508.53,30800.0,30410.0,30712.99,14072.05099,30651.741499999996,30643.407000000003,30678.322350000002,72.16690671730152,14.284729864404653,7.232384595046697,13.165218821320156,20.256689539735028,30705.59446362331,30597.888536376682
BTC,2023-06-25,30554.39,31046.01,30515.68,30700.0,18493.55208,30700.4085,30684.8304,30656.839850000004,52.59898392072296,6.952920110099512,7.753308404890058,12.015852084554155,11.81482370682486,30717.657195341624,30683.15980465838
BTC,2023-06-26,30123.83,30666.0,29963.6,30438.01,24214.76126,30481.892,30517.4516,30398.678799999998,39.522385686591136,-25.329463635760476,-21.2206073707137,26.53202790543808,28.786195293371378,30569.347839278653,30394.436160721347
BTC,2023-06-27,30281.79,30994.97,30233.58,30780.32,25643.71012,30819.693,30768.186,30682.83475,47.08590191207282,5.207393794280506,14.439793646550946,43.711577874695465,11.11033811752858,30874.86727230131,30764.518727698687
BTC,2023-06-28,30571.21,30578.0,30009.0,30430.25,21840.95164,30306.146,30234.9226,30236.78485,78.09597627517923,52.340093980776146,38.28589735100619,29.62600275815345,41.534155093251755,30435.69334399403,30176.598656005972
BTC,2023-06-29,30184.18,30843.98,30100.0,30551.85,22256.72229,30593.4065,30604.478199999998,30651.4621,39.08487636717582,-16.542916755741317,-13.867629755687618,22.78794773068542,25.66524371061406,30669.35075620831,30517.46224379169
BTC,2023-06-30,30404.46,31282.0,29500.0,30167.95,59268.49845,30177.134500000004,30114.8112,30688.28905,49.73312606367552,-6.507302868369152,-1.6584974348136599,51.00447085737667,10.569531820206882,30237.11414970667,30117.154850293336
BTC,2023-07-01,30440.0,30639.01,30320.57,30560.01,10898.23083,30568.232999999997,30561.857200000002,30561.159,46.19717832279442,0.17961483454564586,1.6035163981685354,6.51515543308788,13.994384825687648,30581.9291017812,30554.536898218794
BTC,2023-07-02,30578.0,30613.7,30463.16,30529.82,8131.15919,30514.794,30516.859000000004,30528.3156,56.11381709681076,2.371784745104378,0.321453402133294,9.75275534776094,23.96985319255415,30539.92368236993,30489.664317630075
BTC,2023-07-03,30648.0,30800.01,30570.27,30703.54,16471.76756,30690.578,30681.154599999998,30645.679,56.014113533796426,4.950030251853605,4.47778866822692,11.583073594508834,17.498929216661303,30712.90343088094,30668.252569119064
BTC,2023-07-04,31112.36,31350.69,30867.68,31016.01,18044.94407,31017.890999999996,31010.3504,31030.3722,48.65736366393959,3.222171114597586,4.04348823437824,5.800880709725999,19.448968139796687,31041.819791778355,30993.962208221637
BTC,2023-07-05,30833.74,30878.07,30200.0,30410.0,20791.01017,30407.454999999998,30385.0858,30369.470849999998,53.08059419141692,10.22142466005971,12.656297022044926,15.956035341377083,27.32651992999786,30442.40395735233,30372.506042647667
BTC,2023-07-06,30402.47,31500.0,29901.12,29937.13,47485.07222,30076.481,30235.282199999998,30624.66755,33.70607138859014,-82.9586100130582,-75.08288175254957,58.28010780927471,55.34255695637575,30242.912989941615,29910.049010058385
BTC,2023-07-07,30034.09,30443.75,29930.53,30332.21,20739.86255,30308.619,30335.716599999996,30225.174600000006,54.832967934910045,-3.097293573016941,-6.629895478433818,24.076856380055943,15.669142749092767,30342.623536697232,30274.614463302765
BTC,2023-07-08,30268.91,30386.81,30145.21,30226.01,6956.6897,30215.037,30212.3404,30201.49005,68.14015808619855,2.7478825385624077,1.8279222780926068,2.6738006495190723,24.37530746801561,30223.478554593534,30206.595445406467
BTC,2023-07-09,30360.41,30445.52,30190.0,30372.02,7739.55151,30278.282,30255.703200000004,30284.641550000004,67.60421835319028,37.62670566109591,22.32532309154572,25.72840478166279,42.85321277898293,30411.921498891657,30144.64250110834
BTC,2023-07-10,30048.0,30333.0,30000.02,30218.0,13850.77015,30276.337,30253.443000000003,30223.099000000002,37.302346868896315,-9.272566666833882,0.8695230204178579,18.617971983011817,27.2919485497796,30339.046991580482,30213.627008419517
BTC,2023-07-11,30457.3,30658.0,30300.0,30517.3,15342.55371,30500.6945,30452.236800000002,30423.093299999997,59.839135370314835,20.423553014788922,22.82819650452505,20.784621725876598,24.874135326082495,30561.0533636322,30440.335636367803
BTC,2023-07-12,30522.07,30983.25,30461.59,30787.86,21568.52191,30760.036,30734.963399999997,30741.112500000003,57.69768589312952,13.401177417807048,10.79360013250302,19.432392714026918,14.940651036704402,30801.054511138995,30719.017488861005
BTC,2023-07-13,30327.39,30695.0,30251.0,30603.12,14954.59324,30568.855499999998,30581.987600000004,30561.5721,58.90761491629939,9.728632452159218,4.742025097023241,16.85809727759325,23.734079997612284,30624.181468757804,30513.52953124219
BTC,2023-07-14,31385.75,31630.0,31050.0,31243.29,17949.47312,31229.172500000004,31233.435999999998,31191.324949999995,53.925099237825705,-0.15652419545585872,0.615680583370256,22.257226149261513,15.437575451124431,31265.20859794401,31193.136402056
BTC,2023-07-15,30328.74,30390.9,30257.45,30310.73,8749.19075,30303.515499999998,30310.430800000002,30320.440550000003,56.86973601923038,1.2027162816557393,-0.5697785973959757,3.434801301647547,33.14639763220655,30318.683178101608,30288.347821898387
BTC,2023-07-16,30323.33,30441.46,30064.29,30413.94,9666.94945,30386.593500000006,30346.6706,30313.9712,60.281097848756325,17.681814886673237,19.275292087155087,20.11051907971781,50.33114688826424,30452.56754558605,30320.61945441396
BTC,2023-07-17,30222.42,30336.96,29965.39,30263.64,14337.53083,30261.170999999995,30269.648600000004,30194.939349999997,51.77731133042795,-0.7573278868949274,-2.51753322816736,10.164499017372862,17.433656995478486,30296.36724974361,30225.97475025638
BTC,2023-07-18,30174.01,30239.78,29675.0,29895.98,18017.89175,29911.1895,29879.477199999998,29871.011400000003,50.73243576368323,-3.967280360062432,0.8808075470433508,26.028613498950996,20.950239454094618,30003.35430792033,29819.02469207967
BTC,2023-07-19,30000.0,30189.09,29790.0,29862.0,14055.37316,29878.254999999997,29926.949,29953.8888,43.477413740297465,-17.858535819152166,-19.45676241156449,25.4453671725236,38.32582654320737,29916.278461967508,29840.231538032487
BTC,2023-07-20,29991.49,30417.46,29843.53,29909.0,20157.15454,30073.308,30160.207799999996,30232.1069,14.872983888141512,-63.59252568097145,-44.20883306265149,37.763324403291286,54.65102564501134,30229.109033706576,29917.506966293426
BTC,2023-07-21,29818.82,29953.01,29729.76,29826.96,12610.98526,29824.9255,29819.221400000002,29826.4052,51.17506312177459,0.04496704825942288,-0.43113931279934453,9.898977691532641,12.951747558812334,29850.73168489855,29799.119315101452
BTC,2023-07-22,29956.2,29990.0,29828.77,29871.9,7943.06476,29863.420000000002,29863.784000000003,29863.558049999996,59.29692632297121,-0.17627226046170108,-1.954143496071661,3.697017598562348,22.197404398091017,29887.60526410838,29839.234735891623
BTC,2023-07-23,29867.43,29980.88,29811.0,29897.95,7101.03816,29889.5565,29891.1124,29896.471400000002,71.62776591672828,0.83781190746231,-0.17858962756001692,1.3975897607440169,24.15808805856866,29895.94956272281,29883.163437277188
BTC,2023-07-24,29951.99,29967.83,29000.0,29079.95,26781.9549,29087.1665,29126.196200000002,29202.721,45.97218463941314,-17.48481389895096,-18.627199827297172,26.268156323972487,32.053247298599324,29131.435180697576,29042.897819302423
BTC,2023-07-25,29075.0,29340.57,29047.65,29218.83,13176.21733,29247.3435,29267.1568,29177.863100000002,39.550175411223634,-17.081456139945658,-13.297466968877025,13.899788734406032,21.01224646637213,29305.255986140677,29189.43101385932
BTC,2023-07-26,29148.35,29412.88,29096.94,29286.63,13001.98511,29289.3895,29278.4824,29236.959300000002,52.19327911593227,4.4652173736612895,5.639736973298165,9.829455868077202,24.703140148778044,29303.004548255725,29275.774451744277
BTC,2023-07-27,29396.01,29567.49,29346.14,29370.0,11161.1747,29397.4265,29421.2652,29468.604300000003,34.68206577272842,-12.09082206889434,-10.60455687625813,10.931087629616218,36.36273268293459,29428.326491764314,29366.52650823569
BTC,2023-07-28,29286.79,29518.0,29123.12,29453.36,14304.17394,29433.373000000003,29363.6726,29286.341949999998,59.5546639955205,25.194422477055923,29.87987960440786,22.32960867603468,44.87217946737073,29501.699100752518,29365.04689924749
BTC,2023-07-29,29334.98,29406.92,29256.18,29290.1,7792.33424,29301.633,29299.923000000003,29296.16365,31.743562921132863,-1.9424942135956371,-0.8613856433969824,2.3565913625018755,19.47646048030181,29313.597076396283,29289.66892360372
BTC,2023-07-30,29336.94,29341.74,29232.22,29306.0,5980.92896,29306.876,29299.595599999997,29307.64215,53.01170610678961,0.0654467901258613,0.9706328570773063,2.6469305017089084,29.940414448790154,29314.61520771128,29299.136792288722
BTC,2023-07-31,29384.22,29496.66,29269.43,29316.01,10930.53699,29326.642,29341.593999999997,29401.344899999996,43.51268989020635,-9.794407574976503,-9.839979467780399,14.025871637011043,34.343570557018936,29353.442817599276,29299.841182400723
BTC,2023-08-01,29300.01,29300.01,28720.0,28868.46,20295.58166,28862.454999999998,28868.807200000003,28876.2853,53.37758963867918,-2.983467364574608,-4.481144456974193,11.206209472928624,17.07381352979923,28892.474137562567,28832.43586243743
BTC,2023-08-02,29926.0,30047.5,29253.33,29340.43,24429.11636,29337.469,29354.792999999998,29459.617649999997,50.17425390223101,-4.850861388633348,-7.683010475979729,20.59001759248237,20.348881387767243,29374.36367598449,29300.574324015513
BTC,2023-08-03,29193.6,29318.92,28968.0,29306.39,13469.90298,29226.4745,29216.2902,29161.08315,79.41900287403142,20.043421525740996,10.87729358756641,17.237016494565943,31.392952687102028,29291.760400001196,29161.188599998804
BTC,2023-08-04,29207.29,29333.08,29100.0,29250.73,11910.99437,29248.177000000003,29234.6292,29208.70765,54.09305388638844,6.0803580563442665,6.196828532802834,9.459477027282714,18.501697292074635,29263.700120949194,29232.653879050813
BTC,2023-08-05,29105.06,29110.35,28978.64,29038.07,8039.28267,29060.083000000002,29052.8708,29037.44145,31.06066889240396,-3.594605924827192,0.2713970310670565,4.224674641851595,30.41724738185216,29080.083448094785,29040.08255190522
BTC,2023-08-06,29058.08,29142.0,28991.88,29039.58,8195.21434,29040.740499999996,29025.762000000002,29044.6699,55.484656518683884,4.797872992887278,5.662632404911648,3.355654841782462,33.57955592328335,29053.808152391153,29027.67284760884
BTC,2023-08-07,29150.0,29229.62,28964.65,29050.5,12382.91979,29027.568000000007,29040.926199999998,29067.74605,56.9253540738838,0.024055730122199748,-3.781066108925177,13.69806905878823,21.871440439816244,29052.026533560846,29003.109466439168
BTC,2023-08-08,29196.0,29674.7,29146.45,29469.05,19515.46347,29448.008,29413.229199999998,29444.105,62.29608385941124,11.684174196696404,12.487682854833125,13.184520095355044,13.899860513154213,29477.619687962146,29418.396312037858
BTC,2023-08-09,29822.0,30160.0,29613.0,29910.56,22161.61634,29890.165,29881.241400000003,29910.08915,55.96379828466379,15.819875959408819,12.205350608023624,14.62119841172957,29.274145642851888,29963.496919244055,29816.833080755947
BTC,2023-08-10,29591.57,29738.0,29476.0,29513.72,15147.81787,29588.21,29630.5288,29567.5881,26.97630278903148,-23.952961223538296,-17.18175158647837,16.96104939983855,20.90803972405041,29649.1452430043,29527.2747569957
BTC,2023-08-11,29491.27,29564.52,29350.0,29499.53,13084.23677,29513.914,29498.392600000003,29451.047399999996,47.92522351187077,-2.155047104013647,2.929464409443387,16.086241354026637,28.132589575108376,29549.022091033654,29478.805908966347
BTC,2023-08-12,29430.4,29444.69,29381.56,29443.15,5915.51076,29434.2125,29421.247600000002,29422.76755,83.65479550292181,6.375612409465248,5.9751574987732985,1.4555941186363506,55.54120811567495,29450.46554017716,29417.959459822843
BTC,2023-08-13,29452.75,29455.21,29363.0,29385.99,5620.53721,29378.848000000005,29376.619599999998,29383.0685,96.40504946027781,2.3861115829968185,1.55201392506038,0.5886016343868197,65.77548958030205,29385.56112922493,29372.13487077508
BTC,2023-08-14,29298.52,29495.76,29102.45,29483.49,16798.2578,29453.152500000004,29422.317600000002,29389.4141,70.3367360397273,14.215007700313436,13.55047539577697,9.84599179806271,33.613872881189366,29478.777631316287,29427.52736868372
BTC,2023-08-15,29430.01,29468.75,29337.75,29448.0,13992.88583,29427.909000000003,29408.2592,29391.694700000004,60.645802888629994,11.374070605983434,9.113185040601074,10.003108069539314,16.465878123690405,29460.031682889323,29395.786317110684
BTC,2023-08-16,29224.13,29257.46,29047.09,29139.5,15604.30694,29132.942499999997,29115.568199999998,29137.9939,57.83698291138976,5.911030401199241,6.033380249756988,5.750348797817204,15.60560444097227,29145.65399381605,29120.231006183945
BTC,2023-08-17,28593.2,28706.31,28336.0,28382.0,19455.53598,28382.0335,28391.6944,28479.948849999997,48.97420344018595,-4.986839641773258,-5.345970038525694,19.334431751606726,12.730285600441945,28428.178509817128,28335.888490182875
BTC,2023-08-18,26593.99,26684.64,26129.9,26249.35,36118.26363,26210.0415,26223.8778,26336.695,56.258943273627146,8.669233258122404,1.334024658939726,27.447996219364413,20.163638725686983,26270.867225897946,26149.215774102053
BTC,2023-08-19,26076.0,26079.81,25801.09,26017.99,14305.49745,25994.987,25969.606199999995,25932.67435,59.585025400732526,10.254468429884582,11.129855794550883,13.840973063802187,31.648836524113744,26040.092409475907,25949.881590524095
BTC,2023-08-20,26081.43,26217.52,26046.4,26095.48,9817.47191,26129.014,26134.6292,26160.9113,24.78157310686532,-8.466154804373218,-5.7101586973070395,6.812540324604931,30.97521544239485,26155.769746597354,26102.258253402644
BTC,2023-08-21,26138.01,26198.89,25880.2,26090.93,16073.96273,26079.6785,26096.1418,26042.570649999998,51.52002226468365,-2.3694225352446665,-5.068285952608513,14.979629034183061,15.075132489875436,26103.520718248765,26055.83628175124
BTC,2023-08-22,26079.99,26117.28,25945.66,25986.0,10760.87252,26006.322999999997,26012.282400000004,26044.005400000002,40.54009775067672,-6.246004405431449,-5.228541653893229,12.16023856324289,14.48148214662868,26032.786695206563,25979.85930479343
BTC,2023-08-23,26019.99,26183.91,25812.82,26030.0,15152.72055,26008.08,25999.3868,25924.897599999997,57.3282712522329,12.474859753267083,11.400589702098051,18.50552664154248,19.484964221999313,26054.69191307013,25961.46808692987
BTC,2023-08-24,26436.25,26577.87,26115.0,26178.35,14815.61966,26206.831,26275.8786,26385.232100000005,38.84378141673479,-34.67421333469974,-35.890261674280026,26.69316969511221,53.147897731749524,26304.79327067648,26108.868729323516
BTC,2023-08-25,26094.85,26314.05,25974.22,26016.0,14247.69418,26070.087,26081.503399999998,26114.83015,37.642259419295016,-18.52134577327888,-13.140339109306764,31.219395630551695,16.558814256742714,26125.447371061127,26014.72662893887
BTC,2023-08-26,26069.99,26125.77,25985.92,26064.02,5919.2322,26042.189,26043.4852,26036.65615,80.04528579401048,5.846859659770416,2.3350653711532874,2.2981178447042705,45.507171656188454,26066.932923617438,26017.44507638256
BTC,2023-08-27,25997.25,26182.23,25966.11,26154.7,6955.97275,26145.821,26114.192400000004,26079.13705,55.7116353777976,14.340815047464275,14.809550693350092,11.93643865710658,57.32852735851109,26182.45552464632,26109.18647535368
BTC,2023-08-28,26031.69,26253.99,25864.5,26113.73,13564.30075,26126.843500000003,26113.1624,26084.773250000002,44.30625098228916,5.452266771921131,6.770022517161976,10.395667694668045,29.169110164943863,26155.30685698928,26098.380143010727
BTC,2023-08-29,26161.46,27464.57,25922.0,27279.5,26449.90505,27056.353500000005,26502.7694,26131.456850000002,70.72846028645657,257.78820165704747,249.114470111623,120.38828813282791,58.9450789612704,27512.322823102633,26600.384176897376
BTC,2023-08-30,27576.73,27576.74,27145.23,27300.87,19285.58705,27317.772000000004,27352.647999999997,27368.0933,42.177362119932276,-10.96826119513571,-11.682874252196761,24.516262474942454,11.382316790787502,27364.02355980088,27271.52044019913
BTC,2023-08-31,27210.6,27587.51,27027.0,27110.01,16475.83784,27117.516499999998,27116.622799999997,27206.585550000003,46.98047674764486,1.7364775417736382,2.017245956403434,17.70185229429892,15.055364283386721,27150.21882424443,27084.814175755564
BTC,2023-09-01,26008.66,26156.0,25800.0,25851.8,15003.32184,25890.81,25923.3948,26012.189599999998,39.44581597800852,-22.155744263673114,-21.957810447448665,24.391788112715442,38.96865361627675,25965.939994276065,25815.680005723938
BTC,2023-09-02,25805.85,25860.0,25752.47,25828.8,8190.68141,25821.4445,25829.1478,25821.5173,53.21168038638056,-0.3649469058982504,-2.371046773771923,3.8790029228999443,21.532774730141107,25838.078778433206,25804.810221566797
BTC,2023-09-03,25889.27,26085.01,25807.32,25934.69,8786.31077,25913.6145,25909.1344,25928.45015,64.19586543459485,5.28538104251129,2.4887531518286017,6.162689318120641,17.272523298796596,25933.398092671756,25893.830907328243
BTC,2023-09-04,25911.44,26108.02,25815.0,25892.16,10282.52923,25892.155,25891.5708,25883.947949999998,49.71015234851957,0.05205820073388168,-0.4924789410390966,4.72525395532421,13.355138674901669,25907.74608912226,25876.563910877736
BTC,2023-09-05,25770.44,25839.0,25562.62,25668.85,11739.43105,25693.394,25717.7878,25754.79535,38.67060697028453,-16.126830348268413,-14.426840788431024,16.044381612138242,31.432479910114342,25738.031921277678,25648.756078722323
BTC,2023-09-06,25801.8,25870.51,25581.23,25605.05,9543.43657,25617.6405,25669.508200000004,25712.2028,41.01870037199004,-17.980321420203836,-19.925359753152694,20.234405444839275,35.40369770584385,25656.303275625665,25578.977724374337
BTC,2023-09-07,25758.0,25850.0,25615.38,25698.36,8378.25175,25674.311,25674.199399999998,25688.962950000005,59.985928147207936,-0.8063875864027068,-4.108410940383092,12.739249553364154,18.200282425574112,25711.126125097828,25637.495874902175
BTC,2023-09-08,26314.99,26385.0,25647.26,25927.21,18425.20737,25924.896,25913.386599999998,25871.84475,53.82316795011202,2.964931935075583,3.920568628356021,7.784800331135578,17.020961785402623,25941.45703668117,25908.33496331883
BTC,2023-09-09,25876.69,25907.75,25796.64,25827.21,6020.0928,25836.641,25832.706000000002,25848.9983,30.487584118235294,-1.7567252214066684,0.016776726804832776,1.490354720304609,26.988224074754786,25846.6381433924,25826.6438566076
BTC,2023-09-10,25863.22,25878.04,25750.35,25772.66,7368.80465,25797.347999999998,25808.7892,25804.3572,24.26152088506882,-8.89255101003073,-6.376645581677941,5.245853377325709,38.64273556900519,25822.494480945927,25772.20151905407
BTC,2023-09-11,25750.59,25900.69,25225.0,25320.01,18624.864,25371.3535,25463.6022,25612.770050000003,38.11930160043388,-37.62167749596483,-36.54079148026819,48.55574237580588,34.59953545604154,25449.21364391781,25293.493356082192
BTC,2023-09-12,25158.85,26392.0,25131.48,26170.0,37978.27192,26173.506,26209.072,26139.392399999997,46.9469532205489,-7.360106896147045,-10.702966746692649,24.59552970583889,21.394808753475843,26228.973462320195,26118.038537679808
BTC,2023-09-13,25959.83,26349.17,25836.96,26214.98,18460.74335,26193.8785,26150.978799999997,26166.84085,56.33510278094984,22.89371760252834,22.68646100267817,27.194404921703427,38.52640158636359,26266.17938748368,26121.577612516317
BTC,2023-09-14,26252.7,26766.0,26126.77,26591.3,21722.8812,26621.3305,26590.4446,26505.252,44.1390000039292,2.4348215620084375,9.356856665329627,24.355976588055725,15.084448128544505,26678.544703297957,26564.116296702043
BTC,2023-09-15,26477.93,26690.0,26280.01,26313.3,14070.32832,26354.867,26378.4994,26426.686,37.00538769722918,-22.265286282854504,-16.572993084653874,19.0320529023162,36.2553749636561,26422.98116801199,26286.752831988008
BTC,2023-09-16,26664.31,26777.0,26445.0,26555.0,8595.0418,26545.1795,26550.4744,26537.57055,64.17980667607105,0.2264792731621128,-1.4526385240945356,2.32838979542873,24.5546653442252,26553.87553467054,26536.483465329457
BTC,2023-09-17,26491.63,26623.25,26466.06,26573.76,6166.55621,26564.539999999997,26552.9346,26568.8548,63.04975207532034,8.420856224463932,7.120177168007741,2.971259039231797,47.99955253657032,26591.814799357784,26537.26520064221
BTC,2023-09-18,26469.22,27409.0,26445.03,27226.59,25880.977,27246.228500000005,27229.2388,27254.67975,45.6723946872385,3.672105355988606,6.43346866711698,15.61082959708618,17.998631052296098,27270.81446776238,27221.64253223763
BTC,2023-09-19,26718.81,27466.0,26684.79,27077.01,20611.45043,27122.48,27067.696599999996,27147.05935,44.723038394765396,0.2472884400485782,7.939438516298682,26.35358872362044,18.93388464792143,27181.26293595843,27063.697064041568
BTC,2023-09-20,27264.98,27388.63,26936.79,27164.18,18311.36837,27160.5375,27161.0374,27104.6118,51.701191139902996,5.169670911891444,5.1505753469028805,19.272989760501165,21.205638905546458,27195.38513456854,27125.689865431457
BTC,2023-09-21,27004.78,27103.17,26377.7,26577.77,23655.90369,26540.303999999996,26491.253200000003,26605.28395,65.78803997002473,19.76297835303194,16.021019083824047,16.678760957776127,27.533425205647138,26586.368857931047,26494.239142068946
BTC,2023-09-22,26637.63,26743.38,26550.65,26654.03,10675.42406,26643.821999999996,26627.592800000002,26620.289849999997,53.93357386115797,11.329022829388123,10.678493741477741,13.489715270793093,21.73218789326732,26689.245458520953,26598.39854147904
BTC,2023-09-23,26573.36,26596.05,26509.0,26577.72,5187.35289,26571.286,26569.9362,26570.78165,62.353620629216074,2.0904927027040685,1.598574285208663,1.9484478813389783,21.102574201319594,26580.762046433076,26561.809953566924
BTC,2023-09-24,26563.57,26628.8,26549.31,26584.19,4675.76296,26586.707000000002,26587.2882,26594.90225,40.09420348922364,-0.2703917620565335,-0.04054031382656064,0.9247565613878682,15.05570649943385,26591.028861173898,26582.385138826106
BTC,2023-09-25,26300.0,26333.56,25990.46,26141.27,12225.59476,26133.7475,26146.5404,26102.6725,51.951040960662795,-1.1332471722635091,-2.882546896254175,8.61069104428545,18.65441671304887,26146.63624838589,26120.858751614112
BTC,2023-09-26,26290.36,26397.46,26120.11,26165.76,10334.75676,26161.357,26172.324399999998,26220.14245,49.38111480474968,2.519006880454981,-0.17282944470991535,12.06013016175689,19.776037809676403,26191.81066322973,26130.90333677027
BTC,2023-09-27,26222.41,26850.0,26169.38,26267.1,23086.11573,26313.925,26479.289,26671.669449999998,37.93812372954128,-71.88510100673375,-77.71174160622843,45.56759552391565,64.03000823790912,26475.679207797068,26152.17079220293
BTC,2023-09-28,26375.08,26735.0,26342.4,26706.35,15543.20155,26627.489500000003,26595.173,26525.03325,69.6426926014751,24.64312582752609,16.823312666096122,27.022944757657726,35.49350612572259,26696.28561136518,26558.693388634827
BTC,2023-09-29,27091.99,27244.89,26665.16,26988.93,18819.40124,26847.6895,26851.122799999997,26948.0116,65.69316252249787,48.35333908233224,19.809282774879215,45.624494131795586,40.39607967786365,27041.587823713657,26653.791176286344
BTC,2023-09-30,26916.14,27006.41,26886.31,26969.99,6551.33929,26972.566499999997,26974.9568,26947.7224,47.18971623387617,-2.1070889025140787,-1.25039556163471,4.3959120359280695,16.375024811068933,26984.7061791971,26960.426820802895
BTC,2023-10-01,26986.31,27289.08,26982.85,27135.53,9489.72643,27197.206,27195.117800000004,27182.1449,23.915715741276472,-11.69268582983932,-3.6494030459888736,9.669040523794678,34.6171606709592,27246.94081050497,27147.471189495027
BTC,2023-10-02,27876.72,28580.0,27826.65,28286.98,30975.79349,28295.895999999997,28332.481,28311.9115,45.44039738733598,0.07182776303670835,-1.3121153738108207,30.871860841635467,17.688325482151992,28372.585422320237,28219.206577679757
BTC,2023-10-03,27455.0,27676.52,27333.34,27395.43,14473.07613,27405.3505,27442.0182,27487.714549999997,45.34736199111864,-3.0372222542391683,-6.594272284903903,27.487718265781876,23.851152197333445,27455.20138985169,27355.499610148312
BTC,2023-10-04,27285.98,27643.09,27260.0,27385.01,14047.09121,27390.414499999995,27420.341599999996,27531.6319,44.52159854900027,-4.86659092967966,-10.153143577564194,19.059535163196202,27.64127245892283,27431.71689531875,27349.11210468124
BTC,2023-10-05,27720.85,28120.39,27550.77,27952.79,14434.09963,28019.499499999998,28000.925799999997,27839.768900000003,37.175497831887384,-8.56202617253075,3.0805300494443104,27.387984543435255,18.840061471075657,28097.09492034772,27941.904079652275
BTC,2023-10-06,27478.26,27801.0,27175.94,27657.17,19704.74944,27617.528499999997,27553.6264,27569.02155,62.59853770777065,27.923972522636177,31.085765936809214,26.442542269531607,24.429673055072673,27718.751006642262,27516.30599335773
BTC,2023-10-07,27930.46,28029.67,27871.36,27948.11,7241.15522,27929.855499999998,27927.39,27952.32705,66.0716747231564,3.1444787495347555,1.4566493216132752,4.624836520394115,12.962355378705375,27944.573794025302,27915.137205974694
BTC,2023-10-08,27951.44,28095.14,27687.5,27923.98,13487.69714,27900.174,27907.169800000003,27856.742850000002,57.22816946682012,6.38019647143301,2.0357990307592404,12.269571475350226,15.287239240133779,27937.831351685465,27862.516648314533
BTC,2023-10-09,27828.21,27987.93,27374.73,27510.58,18224.92538,27530.376,27515.787399999997,27485.240100000003,46.18901678977424,-2.4399655532470206,1.7038108369877776,12.042059570289792,14.409030685309403,27569.981845730537,27490.770154269463
BTC,2023-10-10,27540.83,27735.0,27338.87,27572.37,12027.77557,27557.623499999998,27487.763199999998,27485.1991,57.51663475539105,19.267092529342335,20.57340287841561,25.35589187561866,32.96719596049932,27608.41160225814,27506.835397741856
BTC,2023-10-11,27446.14,27452.17,26964.89,27076.29,18942.09136,27075.985500000003,27105.168400000002,27153.9315,47.97499880110405,-11.968077369569073,-13.44068359783564,15.379459067652975,31.086942547246814,27124.521351274754,27027.44964872525
BTC,2023-10-12,26767.76,26947.04,26633.57,26640.0,13927.04853,26695.991499999996,26723.582000000002,26778.802200000002,33.043310181354705,-18.679824049730087,-14.761627365450028,18.53191830686002,22.059201244061313,26745.105412193647,26646.877587806346
BTC,2023-10-13,26811.5,26966.85,26737.4,26807.09,11345.93975,26805.4765,26824.069199999998,26849.519,46.90201687017173,-3.8627125846833223,-5.988078508050905,9.087810845980258,17.284148055102065,26817.033378946624,26793.919621053377
BTC,2023-10-14,26855.22,26989.58,26841.76,26869.77,6351.3978,26888.652500000004,26895.123199999998,26880.00875,15.454604222428427,-6.641472261744639,-4.484632773841531,2.0778543433383487,42.236368019291525,26907.578118484278,26869.72688151573
BTC,2023-10-15,26854.11,26965.28,26808.25,26897.35,5180.94679,26898.669,26884.5992,26865.2221,51.93817175962144,2.154017890610703,4.140902893725086,4.1398115470268655,31.33982878061505,26916.088943627932,26881.24905637207
BTC,2023-10-16,27210.32,30000.0,27160.01,28128.36,56503.71784,28193.591000000004,28087.597999999998,27980.17245,46.07733718654463,27.046159530364093,39.624512166785784,73.15798954869838,18.814735006184748,28357.565972346903,28029.616027653105
BTC,2023-10-17,28317.07,28609.38,28069.32,28441.88,23322.46473,28392.681,28352.521399999998,28362.143799999998,66.60348444765306,20.401524061671807,16.399336919420193,24.11552918697163,27.48205331918077,28438.03226939769,28347.329730602312
BTC,2023-10-18,28364.39,28982.36,28142.87,28224.7,21294.83401,28281.9475,28293.736,28336.575799999995,40.935954337748754,-26.46948300735312,-17.63388114361064,32.917875595205196,30.836377383487118,28389.440034787924,28174.454965212073
BTC,2023-10-19,28385.01,28592.98,28100.66,28569.91,17481.39252,28534.0705,28514.717399999998,28486.5733,60.251524764821376,10.46837338088153,6.193903442512532,18.432810744064607,17.11146286526782,28578.111157793992,28490.02984220601
BTC,2023-10-20,28605.95,30207.55,28595.0,29564.99,47251.29048,29526.713,29575.6008,29673.393449999996,56.0871846524817,-4.793065837286122,-14.808550653302664,29.33354306839216,24.113637448319274,29590.976716701825,29462.449283298174
BTC,2023-10-21,29618.52,29878.83,29464.77,29798.12,11891.13498,29786.235999999997,29785.548800000004,29780.339,56.71099432458239,0.18672436721317354,-0.8141855834244831,8.48268048513168,16.21262282808616,29807.879366096306,29764.59263390369
BTC,2023-10-22,29994.58,30248.0,29640.0,29862.67,14308.34327,29867.751500000002,29905.063000000002,29912.143399999997,40.399317192723316,-11.936077302500053,-13.734257487895816,9.674527636831805,26.697692169477293,29886.35014110567,29849.152858894333
BTC,2023-10-23,30158.89,30985.12,30158.89,30689.98,33960.66799,30660.0135,30644.6094,30638.450500000003,59.353665048466894,-0.00831477177052875,0.7425779366754003,20.22652091679373,15.78970537824446,30702.639035199118,30617.387964800884
BTC,2023-10-24,33743.35,35280.0,33540.88,34307.99,69795.34323,34206.601500000004,34297.9482,34482.9008,56.31641168251008,-5.763585064269137,-24.789749006972414,49.18847695623868,27.411686083481086,34319.47351234733,34093.72948765268
BTC,2023-10-25,34099.24,34738.33,33679.05,34668.04,28257.25732,34556.108,34469.8408,34372.84705,67.8082327678779,57.427170780152665,52.30513848535206,51.71547498581929,28.337440771111517,34717.56979146802,34394.64620853198
BTC,2023-10-26,34708.28,34824.13,33862.0,33941.26,24787.7769,34160.993,34222.984599999996,34220.79975,26.770878438051124,-73.46412362409319,-46.77141250052101,65.34377182056929,39.04004986517881,34381.31397150287,33940.67202849714
BTC,2023-10-27,33947.89,34245.0,33780.0,33929.34,17943.34455,33938.078,34023.494399999996,34059.6621,43.703148353800714,-26.455514144363406,-34.05317744347799,39.043684117598154,27.03933608003476,34013.898305352675,33862.25769464733
BTC,2023-10-28,33900.0,34493.33,33866.0,34099.18,11929.19327,34098.888999999996,34105.2792,34129.512,49.07349245851765,-3.7688465050814557,-3.171408605852964,13.864468164033706,22.18909246577651,34121.09874011231,34076.67925988768
BTC,2023-10-29,34027.86,34511.62,33930.0,34455.37,9111.81099,34428.070999999996,34389.4062,34348.28635,59.89595101689865,18.02302901069197,17.444167399348096,18.487676688154757,27.147211573068194,34469.44187859341,34386.70012140658
BTC,2023-10-30,34309.5,34856.0,34114.74,34664.37,20082.18253,34672.5985,34667.723399999995,34676.192149999995,48.79318113204954,-5.606263595749624,-6.107981600776322,23.423295121546506,17.43598403881189,34740.31624073833,34604.88075926167
BTC,2023-10-31,34380.47,34535.75,34025.0,34239.26,19266.80446,34278.063,34285.7306,34291.481400000004,41.36073307325383,-0.23466428554820595,4.405173355210168,26.14782529208838,18.494483920887724,34335.17021779125,34220.95578220875
BTC,2023-11-01,34473.13,35200.0,34097.39,34276.86,26020.95906,34278.1495,34258.6266,34515.2803,49.237958263503614,-1.857475033350056,-4.427769533608231,23.48237774408848,17.216510422938907,34311.13144747052,34245.16755252948
BTC,2023-11-02,35610.1,35984.99,34537.99,34700.0,29377.98615,34676.39,34786.955,35039.0577,48.20226275633556,-26.215682830865262,-39.536309257827696,43.23263848684588,40.10174631942379,34761.77589648883,34591.00410351117
BTC,2023-11-03,34639.12,34848.79,34120.0,34795.11,23623.90694,34808.3565,34758.1288,34543.32205,50.62419129808256,15.44898323858797,17.151050034736887,25.884075852239814,22.046935226231422,34847.875364496125,34768.83763550388
BTC,2023-11-04,34748.86,35000.0,34585.18,34720.6,10155.04205,34695.278999999995,34705.8636,34721.7751,60.84654535709126,6.52479476678127,1.6932089949591882,8.39546625802042,30.02150777521339,34733.88935089104,34656.66864910895
BTC,2023-11-05,34963.29,35305.75,34757.47,34899.29,12877.92611,34891.38,34888.3916,34983.72815,54.377053740170865,4.576645122702757,4.4539899013297,9.626001269277456,13.134043942191328,34922.55233260242,34860.207667397575
BTC,2023-11-06,34904.96,35276.33,34725.9,35100.0,13612.2492,35128.434,35150.4766,35105.1487,43.11098244528265,-17.37620052289276,-12.922375762400398,20.603731505132792,20.752335726023524,35188.226456848,35068.641543152
BTC,2023-11-07,34888.85,34975.9,34523.06,34690.3,14391.06794,34702.662,34758.9076,34739.6383,43.27842880461403,-24.267051877126505,-23.776012033932194,24.973492063284397,32.001843938007475,34767.30364434894,34638.02035565105
BTC,2023-11-08,35358.08,35469.29,35100.0,35188.5,12632.45943,35191.6725,35238.468,35330.16265,45.11137878579325,-11.40946041476127,-15.90301498074369,23.66108347502071,35.107667999269474,35242.72451264415,35140.62048735585
BTC,2023-11-09,36030.45,37972.24,36007.2,37490.83,47965.35907,37452.38,37653.4624,37255.963149999996,48.140849134100755,-44.2432241294955,-66.54584247427348,78.53742931720092,32.87220608470716,37677.57006310261,37227.18993689738
BTC,2023-11-10,36695.15,37260.19,36324.71,37033.01,24771.22925,37064.377,37080.5802,37073.4554,42.67122933059361,-4.982330221391749,-6.279371438867722,31.636474706951564,15.029635231782384,37111.16094600643,37017.59305399357
BTC,2023-11-11,36997.39,37274.3,36900.1,37140.01,11451.09489,37138.2255,37174.5156,37137.48855,46.76631742868572,-9.540028640025412,-12.642648315309069,12.800432986152689,35.098399497335,37160.91900345351,37115.53199654649
BTC,2023-11-12,36920.74,37222.22,36850.0,37162.2,10211.6696,37125.61750000001,37134.9364,37082.9104,60.1403246066821,9.972642327695212,3.512736847571737,13.528520409181478,22.545877940266173,37174.12332310382,37077.111676896195
BTC,2023-11-13,37179.94,37250.0,36534.04,36748.18,17343.62916,36756.0325,36755.510800000004,36818.0386,48.59541364957408,4.06235363502492,2.9209905113922403,29.29722483069095,10.224774352313236,36796.007235459816,36716.057764540186
BTC,2023-11-14,36380.18,36744.0,35889.0,36115.66,19222.46927,36227.53799999999,36419.2648,36459.4229,35.09185792982796,-100.48049656853254,-96.6370839655037,78.68713774239271,51.4100772974506,36487.75126496576,35967.32473503423
BTC,2023-11-15,35389.8,36397.3,35360.0,36279.4,18737.44114,36229.4505,36190.9658,36162.3091,61.64084372248698,19.164980555513466,16.8078310274538,26.397083174843836,12.329797915751097,36275.7295490208,36183.1714509792
BTC,2023-11-16,37465.01,37621.1,36426.28,36774.62,21627.10933,36844.2385,36799.6814,36878.29915,41.02426713731796,-3.2955720015306724,10.131832510557935,33.04487624732131,13.782107651430742,36920.00680188182,36768.47019811818
BTC,2023-11-17,36492.0,36673.69,35861.1,35973.78,20273.55499,36055.191999999995,36044.5246,36301.2504,37.73132180355104,-18.890384360762255,-9.1746081340359,43.258418004283676,17.657671266077386,36143.83443083398,35966.54956916601
BTC,2023-11-18,36440.91,36628.0,36178.58,36593.64,8817.01377,36595.715,36561.0652,36477.13255,53.39733158140769,4.37619012529467,10.428454981518327,17.230798469785707,30.69570433869283,36632.22166870565,36559.20833129434
BTC,2023-11-19,36404.03,36716.0,36384.02,36560.9,7896.43553,36535.504,36478.6254,36472.14335,65.12414110249922,21.090761177620152,20.57848538881552,12.327797720335147,36.58435873925628,36571.3127377042,36499.695262295805
BTC,2023-11-20,37223.99,37493.2,36677.0,37308.08,17094.69922,37309.518,37333.13159999999,37175.50035,49.44622718549456,-13.763851022515155,-10.245768333187739,33.9879835013615,19.15139219753379,37373.94566349868,37245.090336501315
BTC,2023-11-21,37548.03,37626.99,36250.0,36515.11,19612.77214,36451.281,36477.7028,36905.743200000004,56.02286946975257,2.4711141548104933,-11.542510481339589,59.50744960160997,30.02121783730683,36542.53608180541,36360.025918194595
BTC,2023-11-22,36088.14,36773.53,36070.32,36490.67,18008.19175,36519.909,36407.9844,36507.8981,49.62991077706131,41.3285566482009,50.38323325342084,40.94609721924082,38.14129061930734,36667.184029233365,36372.633970766634
BTC,2023-11-23,37377.69,37653.44,36925.0,37062.01,14770.07505,37056.705,37133.268599999996,37260.76085,44.802453936866165,-16.12470616106293,-26.437162021414196,32.79571905965601,25.886543847825006,37122.90956283636,36990.500437163646
BTC,2023-11-24,37407.12,38389.21,37300.39,38383.09,25571.88982,38140.7625,37962.9682,37804.68225,73.12355562622274,95.364381491112,84.9998056302397,75.52055449311075,45.344939270348824,38403.43892451288,37878.08607548712
BTC,2023-11-25,37736.75,37839.44,37591.1,37683.07,6348.40181,37657.8265,37667.761399999996,37690.04495,64.6106436982216,5.623979981093726,2.01804574090192,5.564755208657189,26.909667936348864,37700.538005370145,37615.11499462986
BTC,2023-11-26,37709.38,37814.63,37287.0,37490.7,10133.86245,37467.93199999999,37417.1214,37478.047249999996,61.901250104663,21.20093777826696,20.769227243367293,15.103849862147213,16.36027258313196,37512.48130643699,37423.382693563
BTC,2023-11-27,37388.03,37466.0,36715.0,36973.26,18616.61466,36973.959,36932.8072,36928.1475,53.50548785021715,-2.5091338340644143,1.8757665940381187,25.12944833928331,21.00978256643858,37045.665654335804,36902.2523456642
BTC,2023-11-28,37164.31,37458.0,36868.41,37346.61,12444.411399999999,37384.473,37400.6492,37321.6861,40.50761492651543,-21.947159116971307,-16.938530159731982,19.59620001949896,27.45707312331271,37471.65793381252,37297.28806618747
BTC,2023-11-29,37951.95,38450.0,37570.0,37828.0,21567.57473,37724.5445,37740.6802,38035.0035,63.81016962118504,24.16960088639462,8.897150396795409,35.43167927219057,24.967511747042124,37846.38432427282,37602.70467572719
BTC,2023-11-30,37740.69,38145.85,37500.0,37601.1,17482.60801,37672.0715,37667.1388,37759.856349999995,34.30288794433445,-10.126244076811417,-0.981454381653259,23.55969941579783,13.807803046372431,37732.58083755216,37611.56216244784
BTC,2023-12-01,37871.11,38833.0,37871.1,38366.81,26422.45374,38376.7205,38367.312,38371.81065,47.87484086275852,2.771928282243607,2.22693897612813,22.97778845448603,15.330193200838684,38445.26809732272,38308.17290267729
BTC,2023-12-02,38719.37,38869.36,38651.1,38769.21,7904.20852,38789.799,38772.0498,38787.5102,43.07173791788731,0.6169127876928542,5.883650544825206,9.24816822448392,20.34793493852757,38826.48768921166,38753.11031078834
BTC,2023-12-03,39545.07,39771.87,39274.86,39672.21,10510.93798,39595.7425,39582.9016,39574.70625,70.61388892820632,26.94214103060949,16.297546169193122,17.122541341263208,31.813090891402567,39697.10717153252,39494.37782846748
BTC,2023-12-04,40530.51,42154.83,40466.4,41248.47,50039.25209,41402.886,41520.333000000006,41674.5992,32.197674330674815,-79.90075043994148,-65.1377872037548,58.16926800895659,45.58420086778322,41623.83237724161,41181.939622758386
BTC,2023-12-05,41694.26,42417.99,41414.0,42375.99,23099.5533,42257.092,42200.592000000004,41985.32795,71.18767746519515,45.474921723529405,31.05242043159923,41.42517530772703,27.256389787028475,42369.66393888417,42144.52006111582
BTC,2023-12-06,43784.88,44297.21,43335.28,43846.01,31980.422739999998,43911.355500000005,43988.587400000004,44055.67045,39.51173659167842,-43.60294473371323,-37.65402596198026,48.425105452990756,21.30804656612131,44013.99670273496,43808.71429726505
BTC,2023-12-07,43935.68,44047.33,42821.1,43826.85,28059.64062,43782.515999999996,43631.754199999996,43377.8355,59.34460729524663,57.279618403088534,65.09677872857168,60.2933118406789,40.40618643522889,43900.587535672945,43664.44446432705
BTC,2023-12-08,43429.79,44030.16,43081.1,43936.53,24416.58006,43925.802500000005,43912.708399999996,43739.94335,52.29848264803843,19.29391791865055,19.815341613469744,29.423953085195194,14.224143349605523,44018.8503616332,43832.75463836681
BTC,2023-12-09,44124.57,44358.02,43720.0,43939.22,14820.7521,43944.3395,43917.4816,43930.48875,50.22109584823352,8.595311462260725,8.956349014197084,12.499032328591928,12.386174963624596,43972.09076265819,43916.58823734181
BTC,2023-12-10,43756.57,44049.0,43603.88,43939.25,9883.22947,43919.928,43892.0026,43834.23144999999,60.01600725052925,13.141967453360849,13.08355161398949,11.70901344888506,33.017859817209434,43946.85858306235,43892.99741693765
BTC,2023-12-11,41973.99,42550.0,41620.0,41854.46,37121.13322,41918.822,41916.7308,42057.547249999996,39.099718583227656,-20.4880167905867,-11.324656873968507,31.935150217656574,15.392634662719955,42011.27307626865,41826.37092373135
BTC,2023-12-12,41876.14,42104.12,41161.1,41338.47,23189.5433,41302.543000000005,41401.8602,41708.672750000005,49.12408592933356,-30.263460636531818,-41.29900189434586,57.76110611253632,33.038378457167916,41418.36953929182,41186.71646070819
BTC,2023-12-13,40977.21,41946.08,40555.0,41914.4,19627.98869,41833.611000000004,41731.1856,41427.55485,66.23662039799056,40.146416534800665,36.424619251017305,41.68452436089164,26.885217437285444,41927.73554045457,41739.48645954544
BTC,2023-12-14,42791.09,43367.83,41400.0,42289.14,24841.44826,42384.7505,42511.20020000001,42672.82075,32.65669299808141,-50.18350217671832,-49.4071314506686,49.79975438286758,43.99857605442475,42482.38505852774,42287.115941472264
BTC,2023-12-15,42854.0,43026.33,41735.01,41761.99,20179.85048,41957.0595,42061.7866,42337.4478,27.638153092758838,-77.95357406855328,-60.16138961005082,57.27398099907791,41.89179114616211,42154.19730251255,41759.92169748746
BTC,2023-12-16,42132.99,42548.0,42087.36,42444.87,11563.20112,42399.6805,42384.1444,42389.022699999994,58.620333688399434,28.07961061484093,18.879670796983447,20.989962833980734,28.29520934616388,42505.566967969244,42293.79403203076
BTC,2023-12-17,42100.52,42106.75,41510.0,41741.13,13285.34156,41692.1575,41676.945999999996,41818.90145,61.61184845871667,8.40548943864269,1.605116655349822,20.895143523405746,16.166666275198505,41746.0465641509,41638.2684358491
BTC,2023-12-18,41106.56,41750.0,40542.93,41441.99,26556.84174,41390.532499999994,41487.6364,41287.7052,53.773164541101174,-28.242521755906637,-40.83716284636419,44.58026004532127,19.242637595183343,41506.4000609264,41274.66493907359
BTC,2023-12-19,43162.0,43268.74,42232.0,42591.96,21426.72067,42624.527,42514.0076,42776.51359999999,49.14884666159998,14.819154110271484,25.662805085677412,42.997895690875154,21.19479059834861,42700.73619159514,42548.31780840486
BTC,2023-12-20,42321.09,44283.0,42288.0,44193.62,28916.57795,44163.175,44078.523799999995,43581.42315,57.91854324749602,30.93311829357117,32.28796641265205,38.921326491967804,31.658559639544766,44234.698021312804,44091.6519786872
BTC,2023-12-21,43452.81,44242.35,43286.72,43748.0,20797.22816,43770.954000000005,43683.3638,43931.223900000005,50.25435944308514,24.31044080368156,33.166186563827615,45.51494892764993,18.925653962392776,43876.407381623714,43665.500618376296
BTC,2023-12-22,44089.31,44398.26,43412.54,43634.92,20061.73181,43608.888,43618.6364,43612.13795,54.344714396473584,6.04882321076002,2.045776085535405,27.055787873217113,12.840438401229006,43658.630735591454,43559.145264408544
BTC,2023-12-23,43591.11,43809.51,43291.1,43770.78,9469.86665,43779.734500000006,43762.6434,43716.99355000001,50.090451085485455,1.3413573392826947,3.38096398870888,8.11044312376594,12.304790880119787,43805.427522767095,43754.04147723292
BTC,2023-12-24,43848.5,43946.0,43401.0,43705.84,12136.16252,43714.708,43736.46599999999,43716.27845,42.60540054385871,-15.106620566708443,-15.183544733049192,11.815282367876051,29.99224661788736,43751.833749878424,43677.58225012157
BTC,2023-12-25,42958.69,43802.32,42867.81,43647.88,14292.82512,43683.712,43674.645,43562.725750000005,42.27394933220552,-6.118361241882667,-0.19964193671193975,17.645854972019862,23.41684100802107,43731.54969835139,43635.87430164861
BTC,2023-12-26,43438.71,43532.88,42150.0,42686.28,23818.37155,42658.6765,42615.552,42694.0632,57.774631919696134,24.905489811666484,24.349911177712134,25.621803219514135,22.49156865723511,42751.40668953394,42565.94631046606
BTC,2023-12-27,42431.99,43220.0,42098.69,42984.0,20161.68613,42897.246,42907.4484,42926.264950000004,62.03221983643807,16.442736828241323,4.206733561216855,37.86348055346671,14.995032948576787,42982.03646040935,42812.45553959065
BTC,2023-12-28,43441.09,43624.74,42401.01,42502.51,19955.2836,42486.3565,42560.1932,42740.3471,48.843937244857095,-23.637781709054252,-32.887636974648075,48.17560480349823,30.973093305405943,42560.688415965255,42412.02458403475
BTC,2023-12-29,42377.99,43111.0,42222.0,42699.33,18766.30019,42712.689,42832.272000000004,42824.64980000001,41.835617678845516,-31.522491095900477,-39.12098600888321,41.75793822215925,42.291421030843196,42756.0945171146,42669.283482885396
BTC,2023-12-30,42147.38,42325.0,41520.3,42240.04,12318.41562,42216.237,42227.81480000001,42079.6232,55.04518710164837,4.412284930906026,1.366941619852613,16.040553306017923,12.310457699562116,42251.93358644919,42180.540413550814
BTC,2023-12-31,42213.51,42899.0,41965.84,42511.37,13051.24168,42483.542499999996,42526.5446,42503.6316,53.27215428083819,-18.182441095290415,-25.179816417363558,26.73745052693261,37.384292239762374,42589.07999378643,42378.00500621356
BTC,2024-01-01,42537.97,42780.0,42180.77,42653.78,9311.22935,42675.278000000006,42644.462199999994,42675.030099999996,48.71457060943792,-1.5440012702238164,3.3338082078556406,18.55307987041025,20.075889601392102,42738.67215607364,42611.88384392637
BTC,2024-01-02,44902.01,45879.63,44833.33,45210.0,35679.52079,45075.196500000005,45135.64399999999,45426.83205,58.40486835642582,16.277928360046644,-14.875624003925878,72.59814582366494,25.23188971416264,45243.87013425074,44906.52286574927
BTC,2024-01-03,45289.99,45500.0,40750.0,42433.84,52114.74754,42409.5285,42368.825999999994,42389.8702,52.850374155543825,18.19304603181081,19.17114960395562,53.299467032993775,13.486054076088177,42496.266368140685,42322.790631859316
BTC,2024-01-04,42950.04,44329.99,42616.28,44215.86,24866.04938,44045.4755,43845.4402,43452.185150000005,65.6993637765383,116.80407714569446,114.14798101901822,85.12600354559389,45.55157061222627,44392.10811984367,43698.84288015633
BTC,2024-01-05,43481.1,44324.8,43100.0,43718.0,23838.58551,43712.8855,43692.773400000005,43824.4728,50.6684628274658,2.911283798443037,4.564759691576062,48.3263345253643,15.677985308405834,43804.7826182296,43620.988381770396
BTC,2024-01-06,43849.93,44018.57,43397.05,43830.02,10131.9487,43846.1995,43842.712,43746.840650000006,44.01530620845945,-2.3339459650815115,-1.5078100728803738,14.221275025283548,16.140183676874607,43871.08573915406,43821.31326084594
BTC,2024-01-07,44069.37,44480.59,43833.4,44129.99,11835.55679,44210.811499999996,44308.85119999999,44274.7125,30.44910313802662,-50.32607736829959,-45.59002264790106,34.538253491195746,39.78377032149099,44321.106505558695,44100.5164944413
BTC,2024-01-08,43690.09,45200.0,43175.0,44862.57,32458.02624,44830.0215,44820.709,44918.4092,53.311123943889285,14.592654625113937,10.257623508236874,39.295733985800545,18.551654073801554,44936.68409274868,44723.35890725133
BTC,2024-01-09,46627.99,47051.21,45450.0,46914.78,27709.08525,46783.119,46668.284400000004,46679.5811,69.29353177935516,65.34479867807386,52.53588549834586,48.89893770234985,32.78513007049263,46930.239231090054,46635.99876890994
BTC,2024-01-10,46010.56,46211.95,44300.36,45344.57,30688.98532,45174.088,45070.376800000005,45060.1705,64.53705658960823,68.66570377090102,55.80581740230726,79.98699906595382,28.229511271099344,45423.378088178746,44924.79791182126
BTC,2024-01-11,46592.01,48969.48,45618.1,47336.02,50205.04537,47689.6795,48031.4756,47594.0067,29.98911153741647,-141.95470931408636,-121.64425174917663,142.879769889803,35.70368462683483,47970.072761365635,47409.28623863436
BTC,2024-01-12,46146.3,46366.0,44510.0,44512.26,30717.43542,44817.494,45125.6576,45614.757750000004,20.652226785108223,-137.1368060822715,-123.41683561870678,98.21759579273366,50.53873877044608,45066.673492928836,44568.31450707116
BTC,2024-01-13,42844.34,43257.0,42436.12,43164.0,22344.26547,43124.206,43018.0236,42792.65114999999,60.31672246627278,44.54277749524772,48.75351922513548,38.67240326573829,37.11564847859006,43224.694883445016,43023.71711655498
BTC,2024-01-14,42739.99,43079.0,42562.56,42906.08,10292.70872,42887.639,42861.2946,42841.01375,57.40521838728894,16.2516165893976,15.515563813737906,18.47502273605059,17.24817370420504,42937.018803525745,42838.25919647426
BTC,2024-01-15,42299.47,42958.03,42172.14,42403.4,17855.0757,42386.9635,42338.4822,42572.3136,51.942526630904304,24.929840428761963,21.87406682924083,35.398764058466014,33.4926763128191,42486.82515856261,42287.10184143738
BTC,2024-01-16,42640.0,43314.73,42050.0,43305.73,27105.8344,43069.1375,42818.542199999996,42883.243449999994,73.74467996652287,135.38257116671593,122.22958229390275,88.96456296281043,44.50934128981234,43328.72409086149,42809.5509091385
BTC,2024-01-17,43016.77,43061.1,42365.58,42614.0,18558.69529,42615.431000000004,42671.583999999995,42637.01945,48.377436810927556,-21.22045568392059,-20.361699005495275,43.923111069566474,21.910764549729663,42682.64394485344,42548.21805514657
BTC,2024-01-18,42662.86,42930.0,42353.8,42671.99,14166.84325,42719.007999999994,42710.4346,42538.16114999999,41.53880794115402,-8.79747634321393,-1.2431424473100248,26.22596981446399,16.43912212296169,42788.02229898202,42649.99370101797
BTC,2024-01-19,41257.61,41576.0,40718.0,40911.1,21152.62603,40896.93,40940.638,41190.90905,51.38179766919256,-24.65460073070426,-31.613098167455732,65.02754174936786,16.96808321064076,41059.65491020187,40734.20508979813
BTC,2024-01-20,41593.41,41774.0,41459.02,41632.26,8880.40877,41615.398499999996,41568.0274,41595.7636,59.60576554644728,23.15435667350539,24.69421891989287,15.060128363292343,28.901272316900933,41680.41289725985,41550.38410274014
BTC,2024-01-21,41666.49,41881.39,41564.29,41661.63,6271.19916,41734.132999999994,41783.712,41794.563799999996,26.670997435319205,-32.000292151918984,-23.960770938160547,17.166627595446343,44.01901561565603,41803.7029538882,41664.56304611179
BTC,2024-01-22,41423.99,41426.03,40350.0,40546.14,25752.81827,40478.6265,40562.662599999996,40798.469750000004,52.66361375540408,-7.712134923269332,-22.239023878225044,76.27671726471469,24.757925179372947,40586.38273680717,40370.870263192824
BTC,2024-01-23,39900.63,40176.74,38555.0,39149.99,32944.67541,39008.2705,38928.9054,38881.15835,68.58778577971678,35.51050302712247,29.495962331542543,49.23973428495854,19.258988384632815,39098.34610457307,38918.194895426925
BTC,2024-01-24,39831.7,40555.0,39557.01,40045.99,22248.81417,40003.3375,39955.8522,40013.76235,59.92769438195962,17.149231575021986,13.360131594988387,35.49236777661653,17.166725501114886,40058.01715137983,39948.657848620176
BTC,2024-01-25,40032.24,40300.24,39731.64,39845.22,16326.82969,39875.85600000001,39935.847,39925.0214,40.5125874550577,-28.736286656130687,-28.639464538548854,30.345399608304334,23.654093886283317,39970.28128398681,39781.4307160132
BTC,2024-01-26,40087.88,41588.0,39896.84,41292.05,27806.5451,41306.590500000006,41377.2504,41246.42615,45.11994388434896,-30.39802751631214,-33.25437807024889,37.91867752306492,28.936562617348194,41414.65455313153,41198.52644686848
BTC,2024-01-27,41839.73,41896.09,41394.34,41873.98,9137.19363,41834.889500000005,41796.7958,41772.207200000004,69.82570259871524,18.539994616083277,16.842162393063557,11.578295597102535,40.58331220030772,41884.09700612494,41785.68199387507
BTC,2024-01-28,42105.8,42842.68,42100.0,42281.02,16960.16526,42339.963,42343.3866,42384.418,31.442553743576667,-18.585845950306975,-10.530118846571693,15.526507527636204,19.96644200903811,42400.15548394965,42279.770516050354
BTC,2024-01-29,42260.63,42504.0,41804.88,42005.13,12782.41198,42045.2685,41985.8654,42039.23024999999,46.85632400635951,-5.170971190251294,5.138749347549573,25.411158966811012,26.42948172282776,42139.059901369554,41951.47709863044
BTC,2024-01-30,43511.21,43882.36,43114.13,43515.87,19221.01213,43523.08349999999,43470.2666,43371.98685000001,51.48254943120387,12.918203310808167,18.264887741387227,40.14142804035503,18.11919798448494,43590.4800738824,43455.68692611759
BTC,2024-01-31,42722.01,43406.69,42355.0,43374.68,17601.83568,43061.195,42953.04060000001,42759.52694999999,80.45061004506339,127.95370177392033,94.10736543420774,64.45370525017073,41.17835680905967,43473.145455200895,42649.244544799105
BTC,2024-02-01,42164.15,42946.6,41889.95,42737.58,17763.42014,42806.0245,42733.9738,42354.0607,42.71881142300301,17.996673813795496,33.42791767801962,41.08904518776645,32.58645344399013,42915.72908978031,42696.31991021969
BTC,2024-02-02,43178.63,43271.1,42546.79,43138.99,16881.35046,43022.054500000006,42949.2142,42933.802,68.38570189380373,37.56240387733851,31.14555606002785,37.42303811690167,29.44172814110897,43121.81448686358,42922.29451313643
BTC,2024-02-03,43211.98,43234.03,42880.0,43076.1,5902.97841,43063.264,43020.87260000001,43051.4335,58.50531803776368,18.380715963030525,20.13779820435445,15.311843941556491,22.767896057337047,43119.45187036353,43007.07612963647
BTC,2024-02-04,43062.92,43119.04,42720.07,42921.45,7484.77906,42891.966,42895.042400000006,42979.6583,57.113176480680615,6.439245509063767,1.9096259804201758,10.898714939363243,26.13364220760942,42941.454337373696,42842.477662626305
BTC,2024-02-05,42419.43,43569.76,42379.01,42908.97,16399.30451,42881.385500000004,43003.1486,43247.9614,47.34912753848496,-29.3191978124014,-41.59895154409609,40.870271501342685,30.570699723145893,42928.27807317503,42834.492926824976
BTC,2024-02-06,42772.79,43270.89,42658.0,43133.75,14425.70344,43161.8005,43048.581600000005,42917.376299999996,51.81911181953719,28.16114312062564,40.97708144984229,38.720831712355,39.25111445895317,43232.133439501704,43091.46756049829
BTC,2024-02-07,43082.09,43325.03,42788.0,43081.43,12164.9296,43112.996499999994,43074.739400000006,43083.88189999999,46.788961187529544,11.326084950385848,19.153254017397998,32.73024954122364,20.89284749786984,43201.124527386535,43024.86847261345
BTC,2024-02-08,44629.88,45467.14,44427.01,45365.61,22901.0593,45364.2685,45193.3554,44939.474,58.273540202803126,60.75544868675934,72.00532406597478,54.06040336275738,40.14075097059722,45461.85316114785,45266.68383885215
BTC,2024-02-09,45800.0,47719.44,45657.43,47198.0,45099.53937,47120.712,47021.962999999996,47255.43835,59.340304260811905,49.48418048061285,47.237408367514966,64.57701575006003,19.881026624995627,47279.29510295686,46962.12889704314
BTC,2024-02-10,47275.07,47504.0,46800.0,47301.99,11553.43702,47303.3255,47299.834,47258.7767,49.40984867771293,0.8591187330093817,0.0005237541057319939,13.29666719376475,9.852350897941411,47323.39259891478,47283.258401085215
BTC,2024-02-11,47695.9,48592.66,47643.48,48128.88,18814.72756,48065.077999999994,48131.960600000006,48175.029500000004,60.9613892363919,-5.722863758222957,-17.774236484318237,20.34757399245806,28.95789953523783,48117.91085629249,48012.2451437075
BTC,2024-02-12,48388.25,49536.0,47710.01,49500.51,25187.80032,49117.19499999999,48934.8926,48256.77635,73.0393697623369,161.5208761817994,127.57450780512711,109.05901928586562,38.24175849372714,49597.28994408901,48637.100055910974
BTC,2024-02-13,50085.99,50247.0,48400.0,48935.09,33533.06728,48866.672999999995,48764.460999999996,49359.91470000001,58.433007482722154,46.725217310959124,46.21070675991805,74.28412743110128,22.05578026811964,49025.08633253166,48708.25966746833
BTC,2024-02-14,49479.99,52043.71,49225.01,51837.91,39147.57897,51826.504499999995,51771.376800000005,51699.155199999994,52.74110302254698,46.59165458683856,47.802726807120024,80.47762040639667,19.75674361501811,52001.29093763277,51651.71806236722
BTC,2024-02-15,52163.76,52816.62,51634.01,51994.9,27704.98322,52104.5345,52344.9042,52314.2908,38.834984408790625,-116.06301098505355,-118.5089070249312,91.80941927651305,44.910262487142674,52438.85678178667,51770.21221821333
BTC,2024-02-16,52113.99,52572.08,51566.0,51738.47,26466.35132,51768.5205,51793.461800000005,52149.2939,47.25976421040612,-28.46005978292669,-26.53549659420297,61.66451025788927,16.737589096883507,51879.93081594652,51657.110184053476
BTC,2024-02-17,51989.76,52057.54,50625.0,51067.68,15389.52181,50986.066999999995,50866.0118,51236.9687,62.3762593882323,60.78116394520475,62.56488052866447,52.227751585321634,29.976120750828724,51186.64473237282,50785.48926762717
BTC,2024-02-18,51501.1,52069.0,51163.28,51789.28,10799.52732,51814.592,51827.25319999999,51717.82375,45.217675435249305,-9.199125997554802,-4.567304792069185,20.81682489777166,17.1918374652131,51866.213281504606,51762.97071849539
BTC,2024-02-19,52160.72,52488.77,51977.12,52190.25,15550.75277,52249.348000000005,52184.808,52220.0912,45.18276143056733,-3.5419438293320127,10.43936433946464,25.398685508559705,22.563529794727643,52349.18685808655,52149.50914191346
BTC,2024-02-20,51683.67,52985.0,51340.0,51517.68,28597.9434,51597.159499999994,51802.6984,52207.866799999996,41.05134552610017,-90.54824324085348,-94.04013271241183,90.16296176168791,39.074996899313675,51814.30630209213,51380.012697907856
BTC,2024-02-21,52081.09,52160.0,50625.0,51274.86,25313.64109,51236.5395,51085.72640000001,51134.253950000006,59.23558492414358,54.739775580317655,55.67994660650311,50.1920081070338,25.96118355958079,51321.150979711194,51151.928020288804
BTC,2024-02-22,51425.99,52034.12,50940.78,51568.0,19322.63921,51457.8925,51390.7666,51328.6202,65.56835774543438,69.2396852674865,57.03503675572941,52.20230445981337,31.973757812173577,51694.15275276211,51221.632247237896
BTC,2024-02-23,51326.98,51426.0,50800.32,51006.34,19229.22852,50944.525,50983.9458,51010.989199999996,55.85548814900613,6.37823120385292,-6.9447127565261475,56.93104527844598,10.294471691440599,51032.89262563258,50856.15737436742
BTC,2024-02-24,50735.32,51180.41,50682.0,51115.68,7584.17648,51130.1175,51131.8634,51110.6546,37.231965809794964,-4.594258654862642,-1.9156775473904912,4.689351044257215,26.605927041390018,51150.74432998097,51109.49067001903
BTC,2024-02-25,51705.67,51898.72,51456.98,51600.0,8546.70358,51684.1535,51712.11420000001,51653.93230000001,25.705190771076705,-21.097375101868238,-12.838262015349269,16.935505153755912,18.355129286622642,51743.78819268065,51624.51880731935
BTC,2024-02-26,51491.1,52700.0,50901.44,52562.01,19134.89103,52440.167,52073.4478,51491.337349999994,61.87845696524422,146.27581799596373,162.4028148694328,94.78540690001911,44.799746558954354,52733.35203461872,52146.98196538128
BTC,2024-02-27,56292.0,57416.93,55517.44,57149.99,37992.43696,57194.111,57064.765,56983.8171,50.72221239709407,26.790794172768074,36.97009860687942,71.81915314707574,19.21470347118658,57289.7113861631,57098.510613836894
BTC,2024-02-28,56756.39,61360.0,56756.38,60985.14,53117.44177,61049.4555,60941.2856,60210.45175,48.18166602805299,33.86887245050457,56.8045446708088,116.78996350751913,16.377665058993294,61202.34320683225,60896.56779316774
BTC,2024-02-29,61231.1,63676.35,61081.1,63084.76,42559.24095,63138.822,62932.8504,62831.77485,51.342742686666284,50.13849112865137,72.91053531053579,93.96414908673188,21.68843725825747,63279.33239955739,62998.31160044261
BTC,2024-03-01,60823.8,62677.06,60777.0,61573.99,25385.51759,61781.8085,61869.715599999996,62209.326550000005,35.32412055598342,-85.63531045721174,-57.50810319600944,79.39238303698981,21.674503203105623,62030.27605597275,61533.34094402725
BTC,2024-03-02,62067.02,62426.7,61561.12,61901.33,15168.03815,61880.059499999996,61888.74199999999,61902.5554,52.44013184841823,-4.29205866423581,-0.08610526830716303,35.62731860038024,15.043349595866118,61961.05089496862,61799.06810503137
BTC,2024-03-03,61723.21,62640.18,61320.0,62195.25,16531.06759,62183.0155,62170.922999999995,62251.81495,53.341126168255094,2.6224966127847438,-2.581327067381124,26.36255903233285,15.463879016562686,62258.97582661416,62107.055173385845
BTC,2024-03-04,63180.0,66395.0,63162.0,66070.01,40710.59804,66143.766,66146.9266,65494.1232,45.5725320853249,-18.402791079788585,-0.99390628353324,99.07646839710428,15.979799774811893,66276.78898559553,66010.74301440448
BTC,2024-03-05,67741.55,69000.0,65089.0,67000.0,54418.33687,67305.1935,67949.40520000001,67643.02215,40.41410172049281,-265.5817496714444,-279.4897783348074,288.24538625710403,50.66577818015543,68128.22194571166,66482.16505428833
BTC,2024-03-06,63361.11,67641.1,62779.14,66669.99,53342.92181,66301.16699999999,66166.6478,66356.84264999999,64.6165490837594,145.46455939915904,108.84560120231538,163.10193317245452,24.548808479432008,66848.88700018803,65753.44699981195
BTC,2024-03-07,66222.21,67899.0,65657.59,67205.95,30544.11548,66990.264,67017.658,66959.4491,61.208340925691445,65.65640108872321,25.85594026224435,97.26451937807425,24.86073431433789,67324.06730402417,66656.46069597582
BTC,2024-03-08,66940.01,69990.0,66782.22,67955.28,33323.228022,68709.81049999999,68653.6214,67939.9611,39.97517749512675,-204.96839317398553,-58.904813637978165,399.62107340377986,35.955038516614614,69823.4462488052,67596.17475119479
BTC,2024-03-09,67956.77,68541.1,67930.37,68300.0,11802.05507,68278.62999999999,68214.3396,68314.26555,61.14792969476568,25.24103046444361,26.207143705883546,14.058479776578467,38.7619145370533,68350.84334613521,68206.41665386477
BTC,2024-03-10,69190.0,69887.61,68641.1,69250.73,22940.08889,69218.44200000001,69216.9914,69448.5087,53.92000605711187,7.520691435565823,7.041105555004576,54.25374316574885,16.113913547499553,69340.0845295071,69096.79947049292
BTC,2024-03-11,68458.23,72661.1,68255.47,72271.51,49586.597624,72396.4005,72287.90359999999,72031.5234,44.04131770314079,23.390226994713885,50.693769736969315,105.9142373113592,18.90202414384627,72612.85751157544,72179.94348842457
BTC,2024-03-12,72279.23,73000.0,70800.0,71995.75,34302.612781,71996.797,71847.4404,71999.62475,53.01340582447383,39.73301884222019,50.01734599721847,78.93093058345491,9.1016432639919,72103.70444727817,71889.88955272184
BTC,2024-03-13,72029.99,73650.25,71634.52,72764.42,33427.322387,72752.35250000001,72598.4472,72638.95885,52.65938185715268,47.64680792078434,48.900659150785025,85.76176291393024,15.94045568667472,72910.66396980984,72594.04103019017
BTC,2024-03-14,72853.96,73777.0,70543.64,70628.0,33146.764176,71112.191,71488.45,72098.64349999999,27.63983311960479,-193.03636731559527,-186.3001579273929,184.55766573813224,42.275561410557785,71629.18546518993,70595.19653481008
BTC,2024-03-15,71460.0,71467.6,65600.0,68236.46,69267.48597,68334.97450000001,68415.458,68113.36285,41.77055501749907,-39.96090775351331,-31.14436548241214,87.03930797369402,14.499995631651505,68479.01725509914,68190.93174490088
BTC,2024-03-16,69219.87,69460.91,67524.0,68148.01,23237.75934,68098.2635,68046.49399999999,68006.6473,56.13509742709374,19.089796635045786,25.55760455749197,62.302374827375004,16.108470245923268,68210.7004220891,67985.8265779109
BTC,2024-03-17,66170.0,67742.94,64533.0,67684.01,28031.34658,67472.11600000001,67421.80679999999,67126.36804999999,69.29508927601815,89.03490264313587,58.48649850853731,68.89601055761136,38.61135019789782,67767.65413273558,67176.57786726444
BTC,2024-03-18,67578.41,68956.0,66628.68,67392.0,30079.27184,67054.54400000001,66923.782,67640.17675,72.78207039571157,120.0676223841001,82.51308415291231,98.39791876959139,27.874239685047733,67422.40984746895,66686.67815253107
BTC,2024-03-19,66240.16,66384.61,62410.78,63770.5,62737.98876,63227.9575,63005.8566,63183.01135,72.50575003346226,222.5519405224186,148.52383150372694,141.5717941616591,29.8626260270988,63846.950782061554,62608.96421793844
BTC,2024-03-20,62833.33,64395.0,60775.0,63881.09,46242.09979,63920.81999999999,64030.26800000001,63870.7965,48.059823050814956,-61.419517949267174,-61.17776162551401,122.15615903250011,20.71397150984551,64202.586940429566,63639.05305957042
BTC,2024-03-21,67735.99,67932.6,65885.96,66307.0,28454.90327,66277.3835,66512.84700000001,67005.41615,48.65013735407059,-82.82080077195133,-102.76528432859989,110.36541869727257,39.98153330797346,66489.41623306772,66065.35076693227
BTC,2024-03-22,65319.38,66649.62,62601.11,63753.94,31008.42677,63845.924,63372.9558,63660.839100000005,51.10732144285904,140.16315989976283,189.5192642942459,168.82549930116008,40.36100299458672,64307.34580184171,63384.50219815829
BTC,2024-03-23,63940.05,65414.69,63000.0,64884.01,14353.11701,64843.576,65045.99479999999,64782.5077,46.32697823441647,-32.82073135700921,-49.07397153574584,62.46644869162705,22.144132390707675,64945.83019960326,64741.32180039674
BTC,2024-03-24,64350.0,65925.19,63772.29,65571.99,13457.74648,65580.98250000001,65584.7142,65564.872,48.72501001788292,-0.013458679066388868,4.858402845160069,44.89381399476753,16.51355709386519,65694.43921154215,65467.52578845787
BTC,2024-03-25,66500.66,69775.95,66500.66,69689.99,28181.30307,69510.148,69429.9716,68132.98475,65.6956531848019,60.241477100455086,42.73315978001819,109.47871025991265,18.469598729286243,69667.83220903306,69352.46379096694
BTC,2024-03-26,70175.11,71561.1,69280.0,70313.99,24796.04644,70061.17199999999,70065.0442,70437.28555,65.24243656636817,75.58949091327668,40.49354135706452,98.49958367555085,15.50716387471403,70362.01091454379,69760.3330854562
BTC,2024-03-27,70208.0,71769.54,68534.01,69325.36,31848.55783,69263.5125,69537.44399999999,70056.3808,49.3558923493073,-60.93673354681232,-92.19653057220276,144.86671179014786,27.508343721721936,69454.44937741077,69072.57562258923
BTC,2024-03-28,69466.82,71552.06,68903.62,71026.0,24018.16337,71156.159,71279.0138,70950.82514999999,39.52085971686986,-66.14962297098828,-57.20989312601907,83.10067880853661,23.52227769198504,71377.41111528107,70934.90688471893
BTC,2024-03-29,70742.0,70760.0,69280.0,69413.51,15616.59386,69801.7185,69970.885,70198.37765,22.345254085220326,-110.92643972928636,-84.7843043405821,88.25583319795906,52.26994277626167,70053.55701566213,69549.87998433788
BTC,2024-03-30,69903.02,70321.1,69750.0,69986.03,7284.42953,69981.53550000001,70034.70479999999,70118.6682,46.880418556890355,-22.4577327950974,-25.70964150803231,20.60244416115875,23.4609757876769,70032.17362219258,69930.89737780744
BTC,2024-03-31,70094.58,70759.1,69764.71,70393.92,9598.93421,70375.7145,70431.2058,70532.32815,49.10577153525824,-10.670019306446193,-18.719804668284763,23.171927450156375,15.522317661671178,70432.82161986505,70318.60738013496
BTC,2024-04-01,70980.13,71087.9,68888.0,69116.45,21029.26979,69393.921,69638.0238,69687.3491,18.54077865057862,-138.06932528788457,-118.28855945552465,91.00463613932052,52.8886780489981,69683.15094422191,69104.6910557781
BTC,2024-04-02,69389.01,69523.34,64588.58,66007.04,46176.89576,65926.812,65590.2914,65406.0822,60.079957046982855,151.27991129332804,165.7635786666042,100.81086774262006,40.64783227143198,66311.33119976203,65542.29280023798
BTC,2024-04-03,65488.0,66903.63,65316.0,66643.99,20177.01918,66656.6425,66411.1424,66034.05485,53.87485594486016,64.47325361521507,91.33620299902334,97.04197857437636,36.05103053065244,66856.87361815014,66456.41138184986
BTC,2024-04-04,66228.94,67757.23,65064.52,67712.71,18695.91389,67579.88149999999,67482.2758,66900.00305,65.31738055889859,57.30644274718361,43.89557402854292,72.79348842734491,21.14913113357235,67745.26514444091,67414.49785555906
BTC,2024-04-05,68406.52,68412.88,65952.56,67766.66,24423.50459,67664.827,67605.6498,66919.78745,55.34207760587281,64.05732028909551,43.82950371726698,101.15897291963061,21.635758543415186,67931.2999038455,67398.35409615451
BTC,2024-04-06,67940.0,68232.14,67447.83,67942.04,9740.91907,67813.08249999999,67777.61660000001,67719.82255,72.10842439444511,25.108779360089102,13.664383289139568,27.880305217413433,27.035720125438157,67907.40493017955,67718.76006982043
BTC,2024-04-07,69257.69,69777.0,69053.97,69420.01,9742.27565,69307.906,69321.3154,69338.3186,67.01998439588063,24.393593640299514,5.370954138216394,28.694596148840137,25.29426381069726,69425.32684353,69190.48515647001
BTC,2024-04-08,69748.84,72797.99,69126.36,71554.0,33521.87304,71657.66750000001,71782.506,72154.7307,40.803297088485316,-51.23981929347792,-54.454558699119254,91.74821744996277,25.190725668166703,71819.97547612357,71495.35952387645
BTC,2024-04-09,70943.99,71641.97,69374.72,69377.01,22029.95137,69944.45999999999,70098.6008,70563.48965,24.17447793298737,-194.62241143929714,-140.5283556862862,146.51734966054104,49.23750093494002,70555.98795913185,69332.93204086814
BTC,2024-04-10,68744.82,69594.15,67518.0,68726.99,21864.43199,68609.45999999999,68341.9944,68365.0946,63.837779023656154,90.25497194298077,95.91313513129685,96.0447280015211,40.53795077156499,68802.64333085486,68416.27666914513
BTC,2024-04-11,70622.96,71305.89,69599.23,70036.09,20808.05937,69900.263,69989.515,70353.44645,56.1965769871033,11.012919765620609,-11.600383810520224,111.02730127848285,19.19648053284218,70086.17072325175,69714.35527674826
BTC,2024-04-12,70185.81,71227.46,69427.19,69495.15,17616.16401,69809.997,69827.1176,70368.822,28.883035805417226,-55.491244052769616,-23.35051538409461,82.00111075464535,19.04439940152259,70043.07136299217,69576.92263700784
BTC,2024-04-13,66656.63,67929.0,65731.27,67403.62,16992.3291,67610.55500000001,67604.0744,67521.04075,29.564357179287033,-44.02404895159998,-16.560654215992017,53.75839965064047,28.315361383161655,67790.73393966808,67430.37606033194
BTC,2024-04-14,63555.15,64887.99,62134.0,63656.99,32742.87732,63912.707500000004,64074.890199999994,64289.120800000004,38.32835380368546,-111.27866872069717,-70.15607243695378,139.2259894245947,37.299009518830815,64269.716177759314,63555.698822240694
BTC,2024-04-15,65502.75,66867.07,64683.01,64987.69,24284.69719,65343.023,65600.6828,65960.8372,30.468408078960355,-113.54874589452083,-97.40858792419428,122.53601680066004,47.57395339270936,65570.84151260003,65115.20448739996
BTC,2024-04-16,63553.13,63899.69,61600.0,62267.36,32959.8062,62488.933999999994,62592.8696,62822.3384,39.486360575220104,-150.06064494703605,-117.1061742135042,132.1288267382419,31.15478113317942,62997.549250671735,61980.31874932825
BTC,2024-04-17,63715.0,64499.0,60741.0,61471.56,21584.61547,61364.827000000005,61927.9816,62421.3534,47.52718685729753,-155.67901588726818,-203.34339716714675,198.215285022216,55.88318351172026,61666.61238375027,61063.04161624974
BTC,2024-04-18,61384.56,63970.81,60803.35,63797.72,26327.43506,63708.812,63239.341799999995,62602.22595,60.11272478844681,145.23570096634649,161.01717702221026,149.56662562055757,33.10841926446122,63906.273447846834,63511.35055215316
BTC,2024-04-19,62173.17,65450.0,59600.01,64269.39,51374.66684,64263.59900000001,64564.5038,64870.765,45.82021868571352,-91.63655139617913,-116.03273438355009,126.85393153371261,30.97684993452083,64643.34598518185,63883.85201481817
BTC,2024-04-20,63600.0,64268.58,63277.0,63802.91,9713.62611,63807.067,63862.7508,63822.96895,45.32742636116529,-22.480424231878715,-25.737512471160393,26.941535409660847,28.607348626878682,63871.4594250504,63742.674574949604
BTC,2024-04-21,64936.18,65695.56,64763.15,64942.78,10890.18923,64968.245500000005,64953.46859999999,65105.73114999999,46.682752538902406,-10.689773621175846,-5.915284278760803,32.31280476650806,9.521159350386743,65044.14794936107,64892.34305063894
BTC,2024-04-22,65130.01,66479.8,64500.0,66308.0,20283.39648,66302.8615,66222.095,65998.69415,52.60199961825254,23.46653137402609,35.98299651623361,75.48962582184403,12.284984725049673,66441.78258800108,66163.94041199892
BTC,2024-04-23,67011.58,67130.0,65765.81,66829.68,14248.45115,66886.79149999999,66725.492,66237.55285,48.31073757677415,64.55040159251075,75.20868480913347,90.64003332790202,28.075177947616055,67108.68482962222,66664.89817037777
BTC,2024-04-24,66704.0,67070.43,64845.5,65060.0,14736.37516,65405.04549999999,65828.84879999999,66255.6749,25.396178627080506,-259.0794387613132,-235.0163002402616,141.5505184761687,60.633341462821406,66080.17914145245,64729.91185854753
BTC,2024-04-25,64468.5,64588.0,62794.0,63595.12,18175.4514,63669.468499999995,63586.8854,63617.41375,47.2641088181754,-10.624293479042535,4.92746356101903,76.79506411936154,18.403628479112587,63848.4004744784,63490.53652552159
BTC,2024-04-26,63988.13,64820.01,63685.94,64026.0,15724.87304,64447.00749999999,64488.776,64248.816699999996,26.04109027049509,-76.09094367687067,-30.120184790906304,90.84786882092004,20.428911463196158,64747.14392503838,64146.87107496161
BTC,2024-04-27,62597.88,63408.53,62462.54,63236.19,10294.05945,63199.110499999995,63215.3324,63067.28955,55.59047343216442,-2.4514223173609935,-7.700231434183701,25.624328563855613,17.306395926069737,63255.668889818386,63142.552110181605
BTC,2024-04-28,63531.89,64370.0,63345.55,63586.01,9445.33003,63617.43899999999,63677.835,63615.60755,39.3207265713244,-20.683422498652362,-18.191934146683412,24.55709138533075,18.035030213998382,63687.23370893933,63547.64429106065
BTC,2024-04-29,63155.58,63367.05,61765.53,62807.16,17847.186419999998,62700.5775,62328.9024,62360.8963,63.32110564934642,157.50983767589787,165.318993079916,90.3988601670264,50.90540895651281,63084.260799604315,62316.89420039568
BTC,2024-04-30,64315.27,64387.59,60546.22,61210.66,28302.19289,60927.159999999996,60861.026600000005,61124.59850000001,67.94207829461752,76.59975748582656,44.837042567596285,93.22799920972594,24.286660344679735,61184.06178270805,60670.25821729194
BTC,2024-05-01,59912.01,60408.29,56552.82,57331.1,46131.641,57428.170000000006,57378.1884,57708.809199999996,43.197953071654815,20.770463594635658,25.68830019209504,80.79625735649961,13.703645907131268,57560.037305439044,57296.30269456097
BTC,2024-05-02,57694.33,59117.68,56911.84,59079.0,28822.94048,58715.596999999994,58549.35,58591.6724,70.92236356542162,128.28178144669073,94.28829040394115,102.63727617440004,31.759134304083396,59065.59353741723,58365.600462582755
BTC,2024-05-03,59368.02,62115.64,58849.94,61719.96,27261.04468,61643.44300000001,61642.58900000001,60472.35705,55.62518961020019,28.305663417093456,18.727093462783614,87.91135791852919,17.06755456780302,61816.985013944744,61469.90098605527
BTC,2024-05-04,62889.49,64540.0,62541.03,63787.1,15891.79411,63739.977,63689.369399999996,63858.25125,59.796114653341526,31.01448722884379,27.20126943431679,30.938362222890486,12.7874520281835,63808.464822889604,63671.489177110394
BTC,2024-05-05,63370.0,64279.99,62822.17,63915.82,9385.87735,63864.636,63924.8058,63852.8002,56.39752624044012,-13.49804035184934,-18.9473167267402,36.59594994909219,19.265940184487842,63926.67709070448,63802.59490929552
BTC,2024-05-06,64430.72,65500.0,63343.86,63926.32,22487.58245,63976.229999999996,63966.1474,63906.511300000006,47.21763334805596,-21.36565843965218,-16.454782245982404,68.104397104606,17.217761471958454,64168.5430027844,63783.916997215594
BTC,2024-05-07,63678.0,64422.41,62832.6,63230.82,13359.10087,63276.523,63298.93980000001,63557.528,44.29542125074275,-27.720916632148146,-25.751396339298903,59.42721039349667,32.324415261039356,63381.27340507604,63171.77259492396
BTC,2024-05-08,62580.01,63020.22,61761.0,62625.01,13007.48482,62510.25600000001,62376.5356,62237.966100000005,66.23347641503531,59.869655061767844,58.7272571093205,57.66519222191635,34.823024819050985,62655.057630433505,62365.45436956651
BTC,2024-05-09,61517.41,61806.98,60630.0,61432.62,14335.50418,61314.24500000001,61282.3558,61261.18245,60.52838309148408,50.67492603495339,32.49211290131106,65.10724598444445,18.286009669517373,61508.395023692996,61120.094976307024
BTC,2024-05-10,62726.84,63469.13,61728.9,61944.01,15163.25413,62183.52250000001,62568.2054,62955.5007,33.09039282526495,-193.90923301843577,-177.75879432370203,155.352514857381,39.17333548309195,62599.23739291874,61767.807607081275
BTC,2024-05-11,61071.94,61096.27,60487.09,60810.0,7018.27222,60861.962000000014,60912.6644,60798.496450000006,36.07386401901797,-29.521472903237736,-23.381515838396457,18.70287862143736,35.83080222910246,60933.30684861534,60790.617151384686
BTC,2024-05-12,61000.02,61366.59,60610.0,61188.0,5459.82436,61203.16799999999,61215.3974,61162.33645,46.20889375552973,-14.016076463529316,-10.982861314194324,17.816591477476653,17.33743085004835,61259.66605610792,61146.66994389206
BTC,2024-05-13,61328.0,63295.48,60749.21,62895.21,22723.49358,62965.40199999999,62911.6224,62781.5207,46.62629703357548,-2.0811356476915535,7.1034706006645605,64.84184566168116,18.089901777492535,63100.40697348312,62830.397026516854
BTC,2024-05-14,62998.81,63019.8,61142.77,61822.81,18600.75885,61835.130000000005,61692.269799999995,61786.02560000001,50.88795024685307,77.18922720711998,93.72843129454996,123.13382719045165,29.923078338023345,62305.590429324446,61364.66957067556
BTC,2024-05-15,61686.75,64663.56,61636.6,64368.51,23432.0762,64282.80750000001,64212.1704,63483.347949999996,58.70624674972459,49.402705563778,37.37706573227673,77.44070375404812,16.307096233038926,64431.819473063064,64133.795526936956
BTC,2024-05-16,66100.02,66752.01,65652.92,66111.99,15275.42025,65948.824,66098.7588,66135.45775,59.741762815513276,1.3782736175926402,-28.642864167333883,64.0866982645269,21.370934382466412,66100.99462336696,65796.65337663302
BTC,2024-05-17,65233.01,66564.23,65106.38,66281.27,14023.00478,66319.2985,66173.247,66241.05900000001,49.625191796937806,44.05583758970897,60.92715407740137,51.265742148954985,26.656334069866322,66486.86438892514,66151.73261107487
BTC,2024-05-18,66837.66,67400.01,66730.0,66950.0,9040.05631,66971.1455,66914.03820000001,67047.41375,49.52885174766289,8.95618184459454,17.558353208851987,29.193213021926166,17.52444988094718,67077.72108584753,66864.56991415247
BTC,2024-05-19,66941.36,67700.0,66677.0,66990.01,10338.65668,67038.228,67059.5676,67026.57195,43.09114030564018,-20.193024535561563,-14.957270145988122,29.292796199811246,24.70106761708466,67157.35337338224,66919.10262661777
BTC,2024-05-20,66344.46,67349.0,66060.31,66800.0,13340.75885,66860.826,66958.95019999999,67001.64140000001,40.81120571178174,-36.465547870553564,-35.82320784698753,47.458031527211254,19.854600251031226,66949.6176789746,66772.0343210254
BTC,2024-05-21,71044.05,71474.92,70329.82,70672.41,29184.61785,70607.6445,70656.96540000002,71063.51455,50.665702056530094,12.641303498647176,-18.796034408592142,89.21106080535574,18.867910771358876,70871.48058581674,70343.80841418325
BTC,2024-05-22,70170.0,70368.6,69165.0,69771.33,13345.8783,69761.419,69643.1638,69795.1831,52.93336145298773,35.021839146880666,31.27407774161271,100.94234099557545,16.511030704067306,69970.21691214394,69552.62108785605
BTC,2024-05-23,69410.0,70096.12,67700.01,67994.25,17855.98015,67969.3235,68021.9948,69237.09115000001,49.10106931056564,-46.8985549856734,-54.08694189214481,81.28698224261863,20.738195938995094,68089.66557082844,67848.98142917156
BTC,2024-05-24,67684.81,68031.62,66600.12,67889.66,16235.43748,67762.951,67387.2862,67393.8672,63.582025474603626,168.6423588621692,174.782205423111,85.85440417565674,49.1661768571302,68224.38621967482,67301.51578032518
BTC,2024-05-25,68648.59,69610.0,68606.1,68995.29,8206.93764,69021.358,69022.7176,69165.1673,43.33409728020952,-3.227908656321233,0.0787300603073684,22.753210098943075,12.284853410943546,69063.42622345706,68979.28977654292
BTC,2024-05-26,69256.08,69562.23,68808.37,69168.0,6186.61131,69098.8065,69104.518,69060.5697,65.3250402092607,12.074474125212873,3.4815388643216183,16.11638782570726,15.061407070570146,69158.91593695409,69038.69706304593
BTC,2024-05-27,68809.99,69300.0,68250.0,69184.27,10702.30221,69122.9345,69025.28080000001,68702.57425,59.99206093408337,52.76446880954609,48.9129513126011,49.70923014804734,31.130770565887687,69246.10677666405,68999.76222333596
BTC,2024-05-28,69412.97,69591.81,67486.65,67980.0,21627.33703,68071.33800000002,67965.1342,68242.09105,46.032735774607,-17.5819566539285,5.895423133958801,78.15565243377047,21.98020749210956,68252.51422388967,67890.16177611037
BTC,2024-05-29,68420.01,68935.68,67500.0,67834.21,14530.20073,67766.466,67827.859,67852.22505000001,54.163446966799725,-28.56648469925858,-39.68697869642057,78.69212551369439,27.4553472244442,67955.95187265427,67576.98012734573
BTC,2024-05-30,67679.79,68826.31,67128.0,68515.7,15897.62559,68683.859,68643.9268,68217.09655,35.85418668100253,-8.588001106341835,15.202491687043445,56.376708792843736,17.37757745445213,68804.45633992372,68563.26166007627
BTC,2024-05-31,68503.87,69044.1,67426.66,67494.09,14675.99303,67768.5955,67904.4054,68387.01569999999,29.732007623459726,-71.29429122098372,-60.49647926333748,90.2496299618177,41.1688363075463,67950.56837275569,67586.6226272443
BTC,2024-06-01,67593.75,67872.5,67428.44,67816.01,4694.63916,67815.38149999999,67774.8544,67743.2718,52.61421762271274,20.322164728859207,19.477149681991733,13.047416562316188,27.973929159823207,67871.99014148518,67758.7728585148
BTC,2024-06-02,67832.49,68460.0,67367.2,68324.31,8355.45752,68312.666,68209.7218,68025.6857,54.9642039648149,51.657567538451985,58.69987978529467,45.19464179216275,26.850088164296928,68469.34426746446,68155.98773253553
BTC,2024-06-03,68149.94,70288.0,68149.94,69180.02,18838.36049,69573.00499999999,69753.6218,69523.48875,25.704676384075764,-164.5818274331832,-120.31679183821001,96.56634596355161,36.65531797402686,70044.36419677266,69101.64580322732
BTC,2024-06-04,69012.84,70089.99,68567.32,69415.89,12960.45754,69692.425,69768.09360000001,69255.2472,33.72585616455672,-94.89360663547996,-52.18466141515094,102.03386718061516,25.098526006075897,69994.77406346754,69390.07593653246
BTC,2024-06-05,70783.44,71379.21,70383.66,70908.0,15927.03818,70730.175,70653.9558,70859.97865,67.86394824696085,66.21628428812255,49.23400228061702,56.7979256012455,36.393061569812296,70941.21187891098,70519.13812108902
BTC,2024-06-06,71018.11,71535.95,70800.0,71292.86,10172.60665,71212.7535,71198.23920000001,71171.79075,60.676436831116256,35.93883522908436,22.835067709041702,43.146719314765754,17.486594774305505,71350.55743655867,71074.94956344135
BTC,2024-06-07,70771.73,71997.02,70633.21,71429.99,16556.59464,71300.639,71382.8322,71405.70705,61.208208988379,9.51553375167714,-10.015769950066478,42.11448338172104,18.476911436365913,71424.39797832443,71176.88002167556
BTC,2024-06-08,69330.01,69582.2,69168.02,69376.0,6034.26934,69354.1655,69373.64020000001,69358.48945,52.8660038798647,7.022479989827843,1.8600975102556199,15.469547343363743,17.340401941241353,69411.54190123592,69296.78909876409
BTC,2024-06-09,69259.47,69777.0,69130.24,69424.66,5639.96666,69407.3695,69451.52620000001,69454.9625,51.12825130042469,-19.14759397538728,-25.989186745659218,29.623993341958318,26.24757047431189,69535.06174228172,69279.67725771829
BTC,2024-06-10,69594.92,69801.34,69172.29,69587.51,7564.17432,69480.899,69417.493,69410.32165,67.0878337783426,57.92191191462916,40.275262959403356,32.41443439627788,31.056359282027227,69648.75490855284,69313.04309144717
BTC,2024-06-11,69424.0,69479.16,66568.35,66983.9,27736.43129,66932.3425,66907.3226,66993.0342,55.807915615261805,4.355583795186249,-0.7131533838455768,48.64617642971421,24.248034617572372,66997.69370930635,66866.99129069365
BTC,2024-06-12,67073.65,69980.0,66905.0,69794.63,18186.18149,69853.927,69610.28300000001,68874.74025,51.193400039818954,68.30679412386962,89.6895478540418,68.24563701347367,32.86408647327056,69987.83751176494,69720.01648823505
BTC,2024-06-13,68148.12,68449.3,66969.98,67720.01,17415.63376,67443.8755,67525.3906,67771.88705,63.17430388454014,7.426588871167041,-37.36108585976625,107.58990060857157,29.01946069445464,67694.79357925907,67192.95742074092
BTC,2024-06-14,66726.53,67370.24,66480.0,66803.99,11597.27497,66742.17000000001,66924.3048,67064.52655000001,50.25756110897479,-49.01971637821407,-73.81630858509294,79.12781863561872,34.51528322340526,66910.75008933462,66573.58991066541
BTC,2024-06-15,66125.63,66416.66,66050.32,66221.43,6309.41262,66224.08649999999,66242.0818,66287.53279999999,47.638933744299514,-8.937871625297703,-11.311754492284422,9.132071845250188,21.227674418560344,66271.7514801302,66176.42151986978
BTC,2024-06-16,66210.0,66793.72,66034.5,66596.51,5380.77611,66610.6525,66678.6028,66605.88530000001,43.78761837943166,-32.677240830045776,-34.64071350797115,27.857488935395416,31.680054775759803,66713.09430628666,66508.21069371334
BTC,2024-06-17,66333.1,66567.68,65130.0,65684.36,12624.43117,65561.8305,65414.81800000001,65622.8694,64.94052419379096,80.07217096073146,66.3830039193083,50.79700612802683,43.505783985797315,65750.96633842868,65372.69466157131
BTC,2024-06-18,65692.0,65845.47,64359.92,65374.01,24726.81465,65140.895500000006,64927.0404,65069.040550000005,69.20875615796973,124.38035298998147,105.38678229257005,87.97455519406901,35.72859494950403,65421.40724053896,64860.38375946105
BTC,2024-06-19,65480.0,65727.54,64810.62,64957.49,12782.09399,64918.63100000001,64999.8814,65132.3617,51.53885756683654,-16.400182088102156,-28.977609421065587,40.027569992443745,30.861665018685255,64978.822919028134,64858.43908097188
BTC,2024-06-20,65187.15,66482.94,64658.06,65039.99,14010.41489,64946.978500000005,64988.937000000005,65705.4957,54.746790984551694,15.705031229343149,4.548732485676142,75.06198304638393,23.294162620197053,65179.92694951334,64714.03005048667
BTC,2024-06-21,64750.03,65066.66,63379.35,64142.72,15963.77073,64115.938500000004,63849.2142,63774.375250000005,58.96443417637857,88.12886053995317,99.080087745252,64.17697908570726,33.94997904256982,64261.10281700333,63970.774182996676
BTC,2024-06-22,64112.0,64546.81,64072.46,64332.47,5219.04721,64350.2835,64310.467599999996,64293.09215,49.7323483184433,4.398199329574709,9.403696739698956,7.460202801048458,23.84180476304164,64388.99099502539,64311.5760049746
BTC,2024-06-23,64418.74,64519.57,64200.23,64289.99,2727.99609,64264.455,64273.622599999995,64316.87145,61.95314619120155,6.232687777992396,2.2061862485094528,6.71115338313911,23.753814104739963,64314.99629380999,64213.91370619001
BTC,2024-06-24,62993.71,63369.8,60567.01,61409.88,23323.51862,61368.08349999999,61452.6158,61269.4742,52.834400566761836,-18.932011038064957,-30.044379171744282,59.05795322466358,14.13032207874962,61475.53450377444,61260.632496225546
BTC,2024-06-25,60411.4,62134.0,60282.0,61850.0,17319.85346,61851.330500000004,61503.790199999996,61258.96744999999,56.71640042044229,131.108279005457,155.2058383836656,94.7884845675324,49.55090490411606,62184.0995869937,61518.561413006304
BTC,2024-06-26,62003.9,62487.81,61149.64,61570.0,12832.78148,61703.89,61784.17019999999,61537.77170000001,32.497918248693914,-51.54354659473029,-33.932077661774386,59.39666581812322,27.755106545969635,61831.6908841898,61576.0891158102
BTC,2024-06-27,61008.94,62389.22,60606.63,62076.88,11413.90075,62180.493500000004,62133.575999999994,61590.93215,42.20738297948596,-39.633490152671584,-14.791444078220174,53.78488588979528,32.51715503640758,62399.947691054185,61961.03930894582
BTC,2024-06-28,61798.33,62225.31,60941.0,61009.99,14884.58473,61106.2865,61283.31,61517.83104999999,38.19784536268003,-77.06663728962303,-71.90652889952253,69.27030268620692,37.48580569441623,61241.18750804407,60971.38549195593
BTC,2024-06-29,60866.63,61224.0,60703.53,60999.37,6891.46889,61004.2765,61066.399000000005,61086.97275,43.329394553005216,-19.044782069366192,-22.20806268824016,20.312467612370206,30.89414324105281,61040.124373175655,60968.428626824345
BTC,2024-06-30,60969.99,61860.0,60712.21,61570.44,8811.07234,61632.056,61675.217800000006,61592.66665,36.504500307159674,-24.169678846752504,-21.210138185081526,27.473386131302323,17.251430056308074,61726.67449933148,61537.437500668515
BTC,2024-07-01,63491.92,63818.33,62497.2,62866.0,13216.87211,62816.547,62750.973000000005,62767.3974,57.366092442484536,30.105554401365225,27.361946938515743,58.29811289787897,25.556734133203083,62909.63341879542,62723.46058120458
BTC,2024-07-02,62952.33,63288.83,61971.38,62023.11,11738.88638,62273.199,62455.63019999999,62745.8109,30.88816710826703,-108.64956583925232,-86.38897270266979,83.48329802664352,41.895000524813284,62518.86114147829,62027.53685852171
BTC,2024-07-03,62003.68,62218.0,59600.0,60332.21,21043.79857,60437.797,60487.4658,60296.51705,34.922434979477686,-39.66235151424189,-29.780936834173097,39.07998809408468,22.055287474675147,60593.7645394548,60281.829460545196
BTC,2024-07-04,60159.55,60290.0,56771.0,57372.01,39050.10556,57170.189,57273.6756,57396.878300000004,59.91879342543175,4.330884109302133,-29.74379810622857,100.86948501628272,23.22457835995613,57449.102983292505,56891.27501670749
BTC,2024-07-05,57260.01,57321.11,53485.93,55480.01,57536.59081,55441.69750000001,55553.22520000001,55404.8304,50.81713704716214,-27.80955096003163,-41.060128055171134,56.201166767389374,19.404692513886175,55528.49477665936,55354.90022334066
BTC,2024-07-06,56425.99,57299.0,56018.0,56868.17,10350.77202,56819.9415,56874.8434,56760.09479999999,56.60299022034047,-0.12802335833839606,-4.830342510817861,34.59086147672987,15.822551426531632,56889.34322714616,56750.539772853845
BTC,2024-07-07,57996.4,58449.46,56563.46,56757.61,11011.62797,56793.8495,56802.63020000001,57168.036049999995,44.814994419931075,9.157483204529854,13.56385780577666,54.76679909280383,15.398618492649502,56965.42662498782,56622.27237501217
BTC,2024-07-08,54451.11,58236.73,54276.0,55766.0,31835.46431,56021.657499999994,56665.1248,57036.7436,40.476396888409575,-376.19279893514613,-389.9004615347493,244.67268158293822,48.27113153788255,57326.68714444306,54716.62785555693
BTC,2024-07-09,57115.0,58131.09,56335.03,57640.0,17276.6991,57584.926,57460.9366,57390.79815,54.38904647580093,37.17651974756882,40.67515479256742,122.30133332401061,13.206838058050145,57771.82518120879,57398.02681879121
BTC,2024-07-10,57553.98,59470.0,57471.12,57832.36,17177.84381,57786.440500000004,57731.759000000005,58104.13625,57.793909327868974,17.748158801601676,19.999427287517513,63.70018581010186,14.483726852597279,57907.10736562033,57665.77363437968
BTC,2024-07-11,57510.51,59650.0,57050.0,57906.98,20305.8361,57799.128500000006,58175.9028,58590.47149999999,46.17826586148937,-64.87897318373143,-107.7246965854736,77.09002760110695,37.02665456515598,57994.31302646301,57603.943973537
BTC,2024-07-12,56728.64,58020.0,56542.47,57926.45,13087.80224,57866.565500000004,57849.212400000004,57482.7631,58.528725983889764,22.101026545155037,20.73220563068134,58.72565904388875,12.094694140167048,57977.74029633258,57755.39070366743
BTC,2024-07-13,57966.01,58899.46,57756.63,58631.06,7624.48135,58547.515,58559.853599999995,58606.801100000004,65.70984084997963,14.999122351873666,2.2396722572952568,25.799052559232592,19.28470051190067,58618.24187904676,58476.78812095324
BTC,2024-07-14,59466.0,60400.0,59279.99,59726.01,11393.06906,59664.319500000005,59677.265,59788.3868,57.957082699100724,21.295094905719452,10.406750942986823,29.647203484400173,17.79437843360769,59798.57243180702,59530.06656819299
BTC,2024-07-15,61753.99,63243.71,61191.26,62930.0,18928.83176,62878.176,62891.2558,62691.66055000001,54.70325811048009,24.48951570333884,14.108544964938298,49.097508681651945,14.806205753990218,63005.24494607389,62751.107053926105
BTC,2024-07-16,64736.01,64993.95,62373.24,63662.0,23591.49716,63624.3365,63549.5952,63741.898,53.858747195567815,32.67583532512799,24.388548371993025,92.87662788866038,14.60802968136527,63744.948815007774,63503.72418499222
BTC,2024-07-17,65978.01,66128.63,64537.41,65182.0,16282.80666,64990.0885,64987.2068,64834.49814999999,63.606579293565375,75.85647540088394,48.9535753318548,80.50373998148153,22.442129667370715,65265.9444830995,64714.2325169005
BTC,2024-07-18,64585.92,65133.3,64043.98,64122.17,11191.5047,64262.188,64448.1682,64714.67275,33.84357004309305,-99.40688400416548,-87.33309491238471,77.02925526465174,45.30355689292416,64467.2915163626,64057.0844836374
BTC,2024-07-19,63367.27,65888.0,63300.67,65635.69,17172.19121,65654.111,65399.375,64524.4358,56.307701791611535,52.75428151266533,74.2987760212574,90.36205449415533,28.09144875230682,65866.03578900677,65442.18621099323
BTC,2024-07-20,66534.0,66775.11,66222.46,66626.79,5502.09041,66606.3355,66572.86279999999,66517.3062,62.1900198594137,7.5516376475279685,10.00624548321289,13.86411766294757,19.29735513738204,66633.39232426007,66579.27867573993
BTC,2024-07-21,67134.0,67436.22,66592.1,67266.0,5660.0389,67123.99899999998,66956.8576,66888.91589999999,73.55184365097006,62.93229226372205,57.32240230886044,48.53464955648012,40.088722499653755,67228.7846528152,67019.21334718476
BTC,2024-07-22,67869.99,68199.31,66755.0,67052.0,10894.08203,66954.55350000001,67088.4066,67442.19775,53.42200085343634,-64.41634629371401,-80.3933345165689,87.53412910110735,24.404346067797857,67151.13721023849,66757.96978976153
BTC,2024-07-23,67430.0,67710.01,65962.0,67314.01,17511.41602,66932.27350000001,66541.03279999999,66541.2852,73.17319102993073,192.4799879304628,165.48628874008745,105.15906662545886,38.51578792748382,67329.49877222208,66535.04822777794
BTC,2024-07-24,65885.96,67102.01,65476.84,66895.35,10880.32384,66859.095,66678.7138,66515.58665,55.268725913043625,81.20286386554653,83.83432381936935,83.10102909395597,28.95736995845564,67098.69643535004,66619.49356464997
BTC,2024-07-25,64519.98,64711.84,63456.7,64641.79,20101.30684,64213.194,63956.3292,64108.752799999995,76.12551143963643,181.35769880189764,138.6614659296639,96.0100646976582,42.74387039369189,64671.12950189487,63755.25849810513
BTC,2024-07-26,66329.56,68000.0,66193.69,67034.8,15240.86222,67265.71800000001,67587.4482,67369.68615000001,32.282884282810706,-155.07621588355687,-150.71887246466196,98.99401677305396,43.66499689183091,67675.64593877086,66855.79006122916
BTC,2024-07-27,67802.0,69399.99,67630.0,69081.66,9458.62051,68999.5115,69124.2522,68625.17205,54.008387592529196,-11.23241957819846,-33.5442375260393,65.25140041506243,25.50703589716405,69150.99218316958,68848.0308168304
BTC,2024-07-28,67918.01,68285.43,67066.66,67767.09,6215.04273,67752.04049999999,67870.9206,67899.10295,46.65272096036254,-35.54575602589466,-43.34012265778151,32.06286455703195,42.22521014779362,67812.45095619863,67691.63004380134
BTC,2024-07-29,68412.06,70079.99,68386.0,68890.01,18855.06854,68810.8715,68938.77900000001,69488.96635,53.159449455373576,-34.51491896549123,-54.48463188603368,89.889525171948,18.180986106742974,68989.54972523254,68632.19327476744
BTC,2024-07-30,66714.0,67000.0,65958.57,66146.0,11323.44466,66202.182,66293.9524,66540.75855,43.58140089918163,-62.33518514659954,-60.87541224233483,81.82192845539818,46.021935118110584,66396.67194150024,66007.69205849976
BTC,2024-07-31,66336.01,66849.24,65496.0,66432.0,9324.59677,66244.1805,66427.963,66283.87229999999,58.36391204081237,-26.764846962643787,-68.00620562417792,78.28463872443523,35.123652544569275,66479.18643656156,66009.17456343844
BTC,2024-08-01,64509.99,64949.58,63584.0,64350.0,13662.73521,64278.38999999999,64496.84180000001,64651.40059999999,51.63496523269539,-71.34232623616845,-94.13011754755061,69.47945341871707,31.401952166689142,64509.25226551757,64047.52773448241
BTC,2024-08-02,64674.01,65524.01,63668.0,64280.68,17465.618,64724.188,64900.5742,64802.48875,30.633028244171744,-144.79505616009556,-79.84022650569408,135.1073425996796,30.439940104820906,65221.09248319972,64227.283516800286
BTC,2024-08-03,60692.01,62198.22,60692.01,62112.09,9319.7869,62058.612,62025.28400000001,61979.68345,58.303750839928774,32.9578882863716,28.020040973083592,35.11858274339767,19.10585537706298,62168.0813273216,61949.142672678405
BTC,2024-08-04,60587.5,61117.63,59682.0,59688.0,8551.80846,60257.125,60565.199799999995,60832.86779999999,11.176501029370996,-196.42657586843416,-151.83870567696613,93.99379928335428,57.948794943180815,60704.78400216579,59809.46599783421
BTC,2024-08-05,54783.87,55194.0,49000.0,53856.66,112874.69439,53248.183000000005,52972.10760000001,51311.618850000006,65.97492019278296,184.09347735039046,136.59739586601697,294.697996692679,22.46489698688305,53830.46755951203,52665.89844048798
BTC,2024-08-06,56108.0,56588.0,54371.94,56160.68,32825.46621,56209.4975,55865.701799999995,55257.651900000004,52.60998417079171,53.03688248891558,82.01816954730576,182.97747663425045,24.161170161780944,56491.812431227445,55927.18256877255
BTC,2024-08-07,55987.99,57736.05,55671.59,55702.01,23327.74602,56170.705500000004,56498.6188,56961.93520000001,25.9951035537167,-208.42707610643993,-176.67685621148553,129.09034894940388,43.4111619230033,56651.078225015124,55690.33277498488
BTC,2024-08-08,55713.01,58514.99,55593.6,58305.56,22853.25339,58082.5375,57643.9,57623.918,64.41872396215688,210.16695413579873,204.523625023715,132.30082634186442,45.002238046845484,58643.194311246785,57521.88068875321
BTC,2024-08-09,61142.68,61573.27,59535.0,59712.96,17559.45162,60162.991500000004,60437.0476,60458.91825,34.56721055696368,-249.7092133059341,-193.4634912810965,171.41421127665924,38.537284352049966,60974.94335658511,59351.0396434149
BTC,2024-08-10,60732.77,61116.65,60242.0,60617.04,4758.28101,60590.5285,60530.02939999999,60720.890199999994,57.89262288319718,25.45750567958021,21.27560598448222,27.968151417210002,23.995863191456976,60649.24729912548,60531.80970087452
BTC,2024-08-11,61033.77,61858.0,60167.22,60609.64,8004.4137200000005,60565.744000000006,60497.4568,60484.7646,57.12258707335261,39.256329555901175,33.0802980980649,55.84604336607997,19.197177329950147,60668.931197541984,60462.55680245803
BTC,2024-08-12,58782.0,60499.0,57642.21,60394.74,21174.27901,59753.55649999999,59036.4446,59454.25665,74.54748896441895,319.76306563741673,273.72886733652604,206.51928243149166,49.57347337219055,60362.429641738745,59144.68335826124
BTC,2024-08-13,59616.9,59835.0,58392.88,59280.99,13210.47731,59339.925,59385.0466,59054.1527,46.814499036014,-56.60753405820287,-45.10604885701931,90.81209908013952,25.673695454351428,59614.02291516913,59065.827084830875
BTC,2024-08-14,60636.31,61800.0,58823.52,59228.02,16879.33165,59296.367000000006,59380.1238,60642.23,44.51323569203921,-51.71371917329088,-44.9515021033769,118.61407296676754,26.961804089946945,59537.340354137756,59055.393645862256
BTC,2024-08-15,58929.15,59683.23,57713.88,59574.03,16945.59636,59427.081999999995,59423.6774,59029.4612,62.773021397496834,51.196943428694794,35.05225530765737,65.50677091408042,16.874059576811906,59651.49721210442,59202.66678789557
BTC,2024-08-16,57168.52,58915.18,57098.62,58288.98,15144.3144,58149.779500000004,58157.907199999994,58236.661100000005,58.876920519184786,24.585500674547802,0.8766440331395149,95.43131804166615,13.204266302124116,58320.77299396741,57978.7860060326
BTC,2024-08-17,59199.32,59477.16,59000.0,59387.45,4273.76595,59325.273499999996,59341.378000000004,59249.62279999999,61.2909846502771,13.201361216379155,3.1274157058483087,22.903342509813292,19.341286334611173,59406.59527181437,59243.951728185624
BTC,2024-08-18,59581.99,60284.99,59256.56,59765.97,8123.05565,59834.7595,59863.179800000005,59974.84875,39.73800448727586,-39.622351034282474,-30.77961556367572,35.134694343714386,30.61578692242587,59966.14622832131,59703.37277167869
BTC,2024-08-19,58392.0,58970.0,57787.3,58283.07,12315.10111,58297.605500000005,58289.4236,58385.66939999999,48.22349278171123,-12.00904033002007,-9.58602941774218,75.88783873922841,11.582900943746692,58413.48339754174,58181.72760245827
BTC,2024-08-20,60547.98,61400.0,59720.0,59779.98,15927.83508,59900.3355,60324.807400000005,60525.050050000005,38.6739773755969,-136.69400484568905,-148.0165959324144,121.00754162542694,38.77903630052091,60078.612029410455,59722.05897058955
BTC,2024-08-21,59056.0,60201.98,58783.47,59838.0,12472.83301,59642.137,59665.0728,59465.70479999999,59.99376544494551,30.566866365661554,3.568017398932435,130.06540231728113,20.752084263078466,59817.83739841802,59466.43660158198
BTC,2024-08-22,60957.08,61400.0,59724.87,60576.18,13640.75624,60576.587,60628.0944,60925.7671,49.58665373608925,-17.00552944365336,-21.61085894005112,74.3408637780776,10.476370713447697,60687.174030543516,60465.99996945648
BTC,2024-08-23,60806.02,62320.36,60572.94,61643.35,13967.314480000001,61734.57849999999,61581.82720000001,61096.334050000005,47.36464662774406,7.323313017441251,39.787313775096315,151.03080087985185,18.357585770421537,61953.62244337953,61515.53455662045
BTC,2024-08-24,63808.23,64494.5,63626.58,64166.99,8701.859770000001,64157.9245,64153.60400000001,64118.6299,52.44177696648282,1.6821480057988083,3.533734131121636,22.044876868650654,11.878161004147582,64223.09144851685,64092.757551483155
BTC,2024-08-25,64245.0,64366.0,63773.27,64247.8,6026.09123,64162.606499999994,64130.8562,63986.44115,70.29808274824083,27.403643535930314,17.308396591415715,20.388433433253038,34.94965333147472,64244.62174596676,64080.59125403323
BTC,2024-08-26,64173.62,64205.31,63125.53,63184.5,10099.27597,63439.901,63566.9692,63724.559799999995,32.74509107680499,-63.72243399792933,-39.85592535945684,103.56634855911493,31.28521527269221,63681.32464763266,63198.477352367336
BTC,2024-08-27,63075.0,63212.0,61801.01,62109.0,14469.30427,62013.46949999999,62080.0672,62303.9048,56.531657869959744,1.7902603551046923,-6.930936884434844,75.33483787525743,14.246936542829035,62154.65150174905,61872.28749825093
BTC,2024-08-28,59117.61,60234.98,58516.0,59478.67,18533.11151,59590.58999999999,59630.3588,59874.429299999996,37.91860954919769,-55.78646987293905,-42.09544258440898,78.48222613902901,18.179341594642896,59755.235014986065,59425.94498501391
BTC,2024-08-29,58984.0,60841.96,58878.46,60833.6,13740.43567,60648.42649999999,60639.4032,60337.84815,63.28308667833228,45.77554533359944,25.91889130561761,79.51871741653773,19.151812540590885,60845.33694545538,60451.51605454459
BTC,2024-08-30,59175.0,59944.07,58685.0,59114.61,14249.9833,59149.97899999999,59330.096600000004,59466.22484999999,43.34765075241206,-61.77893645995937,-63.22436744948945,99.0244669363404,27.032086749771235,59299.70950736556,59000.248492634426
BTC,2024-08-31,59292.02,59350.0,58831.88,59123.01,4360.94609,59107.012,59061.3398,59137.735,55.35648847323114,19.61977501236106,18.55225145788964,17.776791233903385,27.002456199005067,59171.23153428599,59042.79246571402
BTC,2024-09-01,58901.0,58957.0,57201.0,57982.0,12236.68227,57831.062,57907.495,58017.06570000001,57.649792614475814,40.99406971070857,10.663186420856983,88.3002693216379,24.85270795875504,58061.2798554835,57600.84414451649
BTC,2024-09-02,57492.25,58808.0,57254.99,58630.01,13474.00305,58501.454000000005,58321.7592,58373.54325,62.858728826920675,126.10053176209476,114.3021944493743,77.14548698837451,46.05915851286153,58883.452177033054,58119.45582296696
BTC,2024-09-03,59254.01,59809.65,57761.1,57868.02,13663.28132,57955.0875,58085.877,58841.3694,42.08728750639032,-60.210573027288774,-67.50083762550572,85.5777178264698,31.856611884310485,58121.89322698623,57788.281773013776
BTC,2024-09-04,56161.11,56923.65,56120.0,56665.02,16502.63615,56475.37100000001,56470.092599999996,56545.5661,61.73956744250701,53.61860767833423,28.222384647900466,87.60516290220527,17.79956890696371,56729.51338835035,56221.22861164966
BTC,2024-09-05,58002.0,58249.0,56318.0,57138.15,15547.98217,57125.373,57023.2858,56775.13345000001,54.558267015564006,31.11513484113675,34.2619684007529,83.77193869545322,13.37305567677009,57239.152919333195,57011.593080666804
BTC,2024-09-06,56161.11,57008.0,54750.0,55162.03,26121.96256,55006.5205,55387.752199999995,56088.46075,52.347263355059,-99.30713733844459,-154.18401314433112,136.27671554909097,40.37332487732299,55325.57180781527,54687.469192184726
BTC,2024-09-07,53855.0,54691.1,53745.54,54561.48,9305.48694,54599.391,54586.5846,54509.15159999999,44.5701766578319,-10.090894349777955,-1.7513175019384868,30.16700139464567,14.705164414834476,54669.68551811073,54529.096481889275
BTC,2024-09-08,54280.01,54722.85,54041.61,54216.99,6704.17202,54197.2145,54253.1622,54357.177,51.39255485445315,-7.325606268095726,-12.904891434807029,31.48095300009879,27.234306745528105,54239.643891449356,54154.78510855065
BTC,2024-09-09,55066.0,55799.0,54591.96,54910.8,13411.49886,55088.1765,55389.1838,55306.76625,33.0514603387905,-140.73713896975823,-132.84344504504077,96.75690781875649,39.936869711147224,55394.782749530765,54781.57025046924
BTC,2024-09-10,56911.79,57468.98,56386.4,56966.28,12901.03555,56853.3005,56789.66359999999,57037.961749999995,58.5458980102884,50.97025729100278,47.618922109794674,101.10341060173026,21.261429842845438,57127.473367109815,56579.12763289018
BTC,2024-09-11,57626.0,57666.0,55633.09,55769.83,20476.86542,55829.27699999999,55853.0908,56513.103149999995,44.38454256413289,-29.76619062802638,-29.473891003046297,89.67361052448724,18.04488766379855,55984.43548686068,55674.11851313929
BTC,2024-09-12,57660.01,58588.0,57345.23,58100.0,17028.17567,58235.4175,57937.3784,57903.376099999994,46.91302301697884,73.86296781305282,109.30141534758117,107.52271003869843,30.073715588044557,58429.632863951636,58041.20213604837
BTC,2024-09-13,57941.11,58350.0,57632.62,58196.0,10764.122659999999,58119.3645,58134.103200000005,57958.61675,56.66719809391653,-22.07307391532231,-30.629706283673297,81.13295275368345,23.816454525440733,58383.65225397081,57855.0767460292
BTC,2024-09-14,60547.56,60575.34,59605.98,59915.0,7294.02688,59902.878500000006,59807.255,59759.698899999996,55.06070645625355,40.59459319362941,48.90639702096493,35.84080601246255,33.58505981675972,60068.604144036544,59737.15285596347
BTC,2024-09-15,60148.55,60350.98,59871.0,60172.01,4484.20597,60074.76700000001,60107.919,60072.2529,61.70925877123555,26.57938008957717,10.996868163617009,30.222235032751197,27.426061960759856,60248.49928935355,59901.03471064646
BTC,2024-09-16,58600.02,59179.35,57585.67,57736.04,14847.72719,57923.1355,58178.4246,58481.79194999999,32.636321488426155,-149.71014051541715,-135.9610635094939,87.80862071442519,43.34359073948685,58320.34779439477,57525.92320560522
BTC,2024-09-17,57756.0,60406.18,57750.0,60134.0,14592.80036,60092.8015,59606.1854,59296.09475,58.959243062212074,102.91432309353695,138.5448609882747,134.87309727714518,38.513307234323065,60361.1509872935,59824.452012706504
BTC,2024-09-18,60114.0,60769.0,59308.61,59610.17,12774.95381,59514.65900000001,59479.4068,59781.290499999996,57.388245049150164,27.20178161219519,18.88696650963042,70.12609692359108,14.954067373320152,59697.81092621457,59331.50707378544
BTC,2024-09-19,61944.0,63500.84,61555.0,63361.05,18119.038,63341.975,63198.4038,62949.03,53.59429819566989,52.98326959057158,60.51193735261863,81.67667437868629,23.33857079758671,63515.41870169884,63168.53129830115
BTC,2024-09-20,62792.17,64133.32,62553.9,63423.98,17321.02217,63216.9115,62980.1164,63207.80015,63.53028453070664,135.54210572843294,114.05690163327354,111.20361764559449,40.71931834616275,63503.91229736994,62929.91070263006
BTC,2024-09-21,62960.0,63254.74,62758.0,63254.73,3952.17458,63198.241500000004,63186.686200000004,63112.17480000001,67.47996534404385,17.78020529204514,11.437767891074252,16.16678062167585,17.819214665930183,63256.22735699149,63140.25564300852
BTC,2024-09-22,63168.0,63294.0,62429.16,62584.0,5728.49485,62565.40800000001,62589.309799999995,62728.172750000005,51.05034605787236,-7.173847724930965,-12.909342180506098,30.555509369604806,26.469371965660603,62641.1015911695,62489.71440883052
BTC,2024-09-23,63722.01,64745.88,63059.93,63120.0,14786.86193,63570.3305,63445.826400000005,63390.645650000006,24.813335157384966,-53.50692020961287,9.663188292826971,100.26007058406954,25.481589394139284,63876.69375931631,63263.96724068368
BTC,2024-09-24,63245.2,63948.0,62700.0,62846.81,11875.31053,62993.987,63248.6372,63460.616700000006,34.92358108993937,-116.38427910175233,-118.01861108861861,87.6114428942705,39.284434331953534,63289.757841977065,62698.21615802294
BTC,2024-09-25,64105.99,64817.99,63283.37,63869.99,9620.68058,63790.19149999999,63759.1486,63689.532750000006,59.99305769740341,28.72001474352146,17.644910991856207,53.53569724040021,15.014149966659602,63903.612024646754,63676.77097535323
BTC,2024-09-26,62898.01,65200.0,62670.0,64878.57,14986.65332,64853.85299999999,64681.96,64489.940850000006,54.532230808760666,40.661566098475305,35.823768284399634,111.65032036750775,25.118612844195905,65162.46751709962,64545.23848290036
BTC,2024-09-27,65127.51,66498.0,64819.9,66309.4,14441.08937,66278.1425,65989.80320000001,65662.59474999999,58.77552823227306,98.69874829424953,110.58539574634429,97.44247153847863,29.306914315568758,66439.50696571713,66116.77803428288
BTC,2024-09-28,65820.0,66260.0,65422.23,65782.0,5328.85006,65750.5025,65662.3768,65629.3908,65.28561856473749,31.01073292354704,32.27447130285037,17.997704090409176,47.231272898129056,65803.82337166273,65697.18162833728
BTC,2024-09-29,65718.41,65936.0,65432.0,65692.26,4297.29953,65722.4505,65755.186,65715.7395,36.391360096498516,-11.915781187111861,-10.910293088280794,15.005669523289383,17.56228950153704,65755.38779890146,65689.51320109855
BTC,2024-09-30,65242.61,65325.59,63249.68,63964.0,18279.8031,63781.845499999996,63808.4182,63860.120800000004,66.57742144430802,38.897073900778196,13.154499105346567,59.2258946370699,18.028435572787103,63966.574035910846,63597.116964089146
BTC,2024-10-01,63534.79,64130.63,62448.01,62698.0,15422.82549,62754.583,62770.8358,63388.79075,47.80053213855529,-38.74615484037349,-37.30701338852907,112.39924324358226,15.161249061722987,62992.87415511078,62516.291844889216
BTC,2024-10-02,61228.02,61940.0,60524.21,61402.01,14703.0227,61303.64650000001,61349.703199999996,61097.645449999996,55.886147151754265,0.8549070817971369,-8.52773933835411,100.97303099799917,14.481398930857438,61485.20803251979,61122.08496748023
BTC,2024-10-03,61058.0,61477.19,59828.11,60492.0,15797.82476,60361.155999999995,60445.842599999996,60507.334950000004,53.94939437605333,-16.608291795040714,-36.99462319045999,119.72638452291939,16.080253549390754,60601.49637025775,60120.81562974224
BTC,2024-10-04,60706.99,62004.48,60706.98,60944.62,12928.74337,61011.12400000001,61282.968,61488.090650000006,38.47583290980086,-103.10570398568234,-122.8473293337843,92.22805624130885,34.706966077227705,61314.197121961915,60708.050878038106
BTC,2024-10-05,62062.01,62370.56,61689.26,62138.22,4346.9167,62172.89399999999,62160.100999999995,62217.79605,41.0681251548558,-4.675973080840777,-0.5004935105228905,11.903079709864926,19.13535332492419,62209.75645157323,62136.031548426756
BTC,2024-10-06,61992.0,62526.55,61798.97,62485.0,4083.02651,62385.78199999999,62312.9788,62210.5316,75.39553657580261,38.65977963158366,32.69412133604446,24.42503706649725,44.30150978049716,62477.186772875946,62294.37722712404
BTC,2024-10-07,63810.07,64478.19,62649.95,64220.0,13966.77067,64181.07300000001,63853.9858,63199.67800000001,60.391021039357234,84.38372577241535,103.32120115967433,98.25141722063547,31.4830635921817,64363.35743116031,63998.788568839715
BTC,2024-10-08,62410.0,63200.0,62005.0,62480.01,10450.08831,62460.815500000004,62686.61519999999,62601.85975,48.554572538886504,-76.6973107286176,-97.17698472120891,81.75508091609983,29.145703939593655,62736.39045484702,62185.24054515299
BTC,2024-10-09,62340.01,62543.75,61692.0,61852.0,8463.61398,61929.4745,61894.960999999996,61995.76605,41.80264980267285,-17.221406627606484,-3.87086263967623,48.96053889052555,14.154453994888962,62041.662472522585,61817.28652747741
BTC,2024-10-10,60654.54,61321.68,60513.44,60620.5,8976.97997,60702.210999999996,60818.4416,61032.32815,39.39197013143839,-64.63471388893231,-59.45719356090676,65.01352724755593,39.07634997717274,60851.12361933156,60553.29838066843
BTC,2024-10-11,60191.94,61950.0,60087.64,61835.58,10391.9455,61828.429000000004,61801.002400000005,61421.2854,51.9363096738494,10.256565823066921,13.721987883459308,56.150788448496314,16.422705398960623,61882.14995603048,61774.70804396953
BTC,2024-10-12,62781.99,63260.53,62487.23,63197.89,5834.63935,63148.2375,63111.4616,63025.12825,64.22128589509141,17.099297853877943,14.899671960160232,17.010395418532482,19.83506635235071,63189.22784612327,63107.247153876735
BTC,2024-10-13,62897.03,63040.0,62501.94,62553.98,5365.99151,62596.72849999999,62607.8566,62653.55604999999,41.938624015721224,-19.237354229444463,-12.643036162206341,24.666454725362104,29.347805657414103,62683.92966129601,62509.52733870397
BTC,2024-10-14,62681.66,66116.66,62478.65,65919.28,23363.71592,65852.00649999999,65515.57960000001,65039.9884,62.78625377664644,118.76021956576733,142.5020789439348,92.84761142477828,50.94642862883556,66113.31996756948,65590.6930324305
BTC,2024-10-15,65875.99,67950.0,65201.0,65891.08,20753.9715,66740.68000000001,67149.40779999999,66098.68155000001,21.09038229558668,-271.1977192254417,-173.8919570105988,189.70619095377506,35.564505276834076,67436.36199726637,66044.99800273364
BTC,2024-10-16,67223.31,68424.0,66775.67,67467.3,21252.47942,67849.038,67726.73619999998,67851.05235,36.615254569703815,-69.93429452102282,-15.635262710451945,131.57396953494785,27.41719909557267,68236.13360775622,67461.94239224379
BTC,2024-10-17,67662.32,67908.48,66666.0,67018.0,14870.529,66955.19450000001,66955.4912,66992.77685,54.82594585500721,10.193425792924245,0.2457569470389691,89.79794222243852,12.358665015245847,67126.30524945336,66784.08375054666
BTC,2024-10-18,67587.06,68600.0,67522.0,68405.41,16708.6152,68259.727,68200.398,67895.9555,58.281461830795465,71.80883377908322,55.771071339958084,110.46092970234274,26.626707547000265,68564.31405035636,67955.13994964364
BTC,2024-10-19,68422.43,68693.26,68088.0,68285.69,4557.83783,68254.564,68196.2354,68183.17229999999,60.26558192942657,23.458543403961812,26.840728817486326,17.312575871490182,37.758445999413254,68347.17852292134,68161.94947707866
BTC,2024-10-20,68209.52,68772.7,68100.0,68710.57,5191.98203,68697.514,68610.7274,68437.6248,55.31050528282499,25.744013821007684,30.975907617930854,36.14782287072247,25.57135717151802,68755.78818137807,68639.23981862192
BTC,2024-10-21,69364.0,69480.0,67075.0,67105.99,17966.96321,67340.0435,67388.9642,67939.89835,30.1290592361577,-66.85815260194067,-48.758285234224104,86.19203059118475,25.47609216203773,67525.3965183428,67154.6904816572
BTC,2024-10-22,67373.54,67800.0,66644.18,67500.0,15124.28021,67302.3805,67182.4214,67171.34465,63.364359742941666,68.93142496058135,46.50936700940221,102.19257996329002,22.74337835086125,67583.25737725943,67021.50362274057
BTC,2024-10-23,67250.63,67386.94,66105.0,66771.62,12231.11438,66721.711,66686.659,66507.393,57.29898404651312,37.94927738670958,35.64038852195617,48.18938813910044,23.312030789292685,66874.15924878036,66569.26275121963
BTC,2024-10-24,67426.2,67998.0,66700.0,67947.29,11700.55981,67705.383,67749.7844,67512.66885,67.11749626830608,44.750377103104256,7.071732757811242,75.31687905505363,17.98690510075376,67939.69576295496,67471.07023704505
BTC,2024-10-25,67943.99,68771.49,67250.0,68468.94,11403.52671,68619.44499999999,68448.36439999999,68151.1834,42.36701558297063,18.47011915431358,58.62260521696001,67.84691165952138,27.462329609982,68793.19753028336,68445.69246971663
BTC,2024-10-26,66588.59,67264.34,66439.9,66802.0,6904.05007,66816.6605,66862.51,67011.90305,43.58174852962093,-16.40347035227751,-18.71285013680257,32.96426993451355,19.71401063385264,66866.50294355687,66766.81805644312
BTC,2024-10-27,66984.0,67776.99,66913.73,67742.11,4014.66275,67687.3635,67666.5916,67448.1075,62.736992242047535,12.878733033052413,8.196488360329539,24.025932189317363,17.599121364976703,67730.33071738476,67644.39628261526
BTC,2024-10-28,67754.77,69280.0,67618.0,68585.79,13944.03078,68555.39749999999,68689.085,68885.3228,48.82339000365481,-32.912272863439284,-45.20706645501433,67.9230890831718,34.264809271468295,68618.12586578325,68492.66913421673
BTC,2024-10-29,71004.0,72095.79,70837.83,71844.13,24292.50443,71900.8325,71860.00259999999,71522.137,48.76509237201409,-16.639806223203777,1.344323352485432,84.08082615741924,15.422336350182112,72083.45741110719,71718.20758889282
BTC,2024-10-30,72534.0,72610.0,71436.0,71964.84,14965.91446,71924.72,72106.0884,72005.29375,47.505269721762865,-24.949268195021432,-38.82475309733134,78.02981551989707,27.16220659921911,72113.16763262016,71736.27236737985
BTC,2024-10-31,72370.07,72700.0,70600.0,70766.69,15709.72133,70887.34599999999,70835.8358,71456.1942,42.13604841388354,-18.95071566772822,-7.743194889548468,67.60052729960329,15.505020727152475,71051.6551878648,70723.03681213518
BTC,2024-11-01,69226.85,71632.95,69080.0,70059.91,20179.95417,70634.4575,70902.558,70760.16320000001,23.5402477932644,-201.82298343120783,-141.00754709189096,127.69300685151985,47.85078912707402,71123.86920525043,70145.04579474957
BTC,2024-11-02,69776.99,69914.37,69000.14,69378.15,6548.99788,69361.546,69263.5398,69392.6964,57.7840986557503,40.82791364521836,45.724692756919524,30.967639780405584,29.02299352850051,69470.96360560574,69252.12839439427
BTC,2024-11-03,68712.0,68771.58,67478.73,67734.99,13263.51478,67631.70300000001,67686.2206,68083.01365,55.65092313640383,-15.594635557528818,-23.12970590447474,75.44840905916249,12.864592388951882,67728.40045583759,67535.00554416243
BTC,2024-11-04,68974.93,69500.0,68202.99,68388.0,13278.46859,68397.943,68366.7288,68714.75480000001,49.65896560209697,7.46282195718959,8.628655039046278,63.99285930936158,9.833579608890869,68486.62045510414,68309.26554489585
BTC,2024-11-05,67932.5,70325.06,67830.0,69622.0,16163.79223,69521.6675,69759.099,69162.048,52.55302454381476,-66.84895879463875,-97.8386442909379,110.57260078155662,33.637494103527644,69814.29750358059,69229.0374964194
BTC,2024-11-06,71908.7,75407.1,71838.81,73967.99,71974.309928,74205.469,74037.3812,74094.31125,42.01868499793492,-52.23300641631067,-6.87128139798055,138.8506633903056,22.06381151475384,74552.18719120961,73858.75080879038
BTC,2024-11-07,75360.0,75660.6,74416.0,75598.72,17775.42658,75379.3445,75152.4598,74920.60445,70.71167378402241,88.68581037786498,81.39137694778688,86.93288366747247,23.389278913801988,75546.49940402458,75212.18959597543
BTC,2024-11-08,75770.0,76584.6,75555.0,76305.12,17677.26512,76395.70550000001,76046.7964,76032.45825,51.600737655604625,97.71412142571353,131.60935380099554,97.66406062476976,34.671111717976146,76600.43913021327,76190.97186978675
BTC,2024-11-09,76223.69,76795.69,76136.0,76354.0,8152.32034,76359.70749999999,76341.6398,76344.2065,49.659539080351024,7.067985386107466,9.307596984627978,13.467010213131562,27.477645404555762,76394.57643223026,76324.83856776972
BTC,2024-11-10,76986.99,80080.0,76985.43,79683.99,34777.995859,79580.966,79541.69900000001,79599.732,60.52306574061075,16.459290121638332,8.643365520552155,63.76172912550141,15.11446746394815,79700.47471673989,79461.45728326011
BTC,2024-11-11,81429.58,84263.51,80432.0,84022.12,32531.035671999998,83683.60800000001,83059.043,82229.5575,69.30791267026194,303.71414040290983,292.45043631043404,196.1652064685481,45.231638595760074,84259.41358390728,83107.80241609273
BTC,2024-11-12,88180.0,89940.0,85072.0,86820.8,59752.172941,86896.69249999999,87000.6798,86408.60995000001,45.991574877453,30.3539531846327,12.896989240873566,198.99413269771838,16.41209663554535,87279.82785346417,86513.55714653581
BTC,2024-11-13,87666.66,91888.0,86127.99,91312.0,41648.110622,91605.512,91361.20539999999,89394.4676,44.316593135985435,46.95815012983803,101.16535701891712,214.6825372581525,20.589319057609153,91854.897112349,91356.126887651
BTC,2024-11-14,90269.02,91790.0,88234.19,89000.0,29671.53433,88814.505,88988.46519999999,90441.9919,51.83690914243285,-45.20459445682354,-89.0763433002114,263.58481166396365,21.672222614607904,89168.69537809983,88460.31462190018
BTC,2024-11-15,87993.18,90709.74,87073.38,88273.76,26085.70407,88052.13249999999,88529.09960000002,89469.38870000001,52.50202620949799,-111.13433785509551,-153.8047998171488,199.34077497940316,29.77708240019831,88327.60843824924,87776.65656175074
BTC,2024-11-16,91534.13,91779.66,90289.3,90312.0,13392.44389,90510.0255,90693.5392,90857.58524999999,32.153540289683576,-78.51184418673802,-74.21291143884979,87.92479271061924,49.32274371113369,90683.05676775293,90336.99423224707
BTC,2024-11-17,89707.43,91449.99,89552.0,90572.0,12653.43646,90401.49,90347.6476,90592.62234999999,66.67444804930714,49.06435746837815,29.49669282806857,59.170202859701824,19.669028343684538,90549.50772217968,90253.47227782033
BTC,2024-11-18,90542.0,92300.0,89376.9,91764.01,23478.29973,90815.73000000001,90619.5546,90291.61914999998,82.90013070070626,237.3512371992838,131.301294655004,147.992958630858,30.928022299419812,91571.14711031751,90060.31288968251
BTC,2024-11-19,91088.0,92788.0,90967.81,92099.99,21939.50342,91864.2095,91932.8246,91938.00295,56.41522593246648,78.50955661571061,33.5783836274591,155.3453165591328,22.03280568788065,92327.27056985974,91401.14843014025
BTC,2024-11-20,91750.0,94807.62,91500.0,94764.0,23303.017582,94577.0705,94499.84419999999,94171.87265,61.355657538477075,85.57465827988926,72.15297439003795,123.59031962718883,11.40132509075144,94867.8370448692,94286.3039551308
BTC,2024-11-21,94543.99,98384.86,94040.0,95713.17,44486.933554,96371.824,96716.2208,97291.96895,30.395802843745027,-236.7842840742669,-193.03746119637887,207.01107184220578,33.480458359900375,97076.75667052678,95666.8913294732
BTC,2024-11-22,98320.01,99419.99,97122.11,98522.01,27801.098853,98327.7245,97927.90479999999,98065.841,64.6450880329875,150.44768336345442,138.22807772693807,126.49338935124328,27.151872101176806,98612.61368017232,98042.83531982767
BTC,2024-11-23,98403.06,98847.68,98284.61,98562.99,11333.78159,98654.44099999999,98672.9174,98632.69810000001,40.17714004346206,-19.963584899902344,-13.43705953852163,37.56825041856877,15.596094728318265,98759.89139855822,98548.99060144176
BTC,2024-11-24,98384.69,98564.0,96150.0,96264.2,16781.97342,96555.95599999999,96766.05459999999,96972.85905000001,26.191969733226777,-136.64038725727005,-107.69335525431211,91.99232372087317,29.361714038172867,96914.27256234697,96197.63943765301
BTC,2024-11-25,97531.02,98871.8,94525.0,95620.01,24799.97168,95751.285,95625.7616,97054.8239,46.23693531654393,41.536086441294174,68.17893772433398,204.38472568931934,22.00402610606901,96331.28905248467,95171.28094751533
BTC,2024-11-26,94564.01,94973.37,91466.52,93390.61,32349.76836,92889.099,93117.48619999998,92526.62295,63.20093060209828,73.6565047045151,2.958345825716627,169.1753360827935,17.420844447571728,93469.47646485658,92308.72153514343
BTC,2024-11-27,92477.52,95481.02,92361.66,95245.4,19526.66987,94789.809,94745.4072,94057.73814999999,65.28131016579535,180.57944841412245,107.66849760915676,144.13128525604893,34.59373932060372,95489.9107255464,94089.70727445358
BTC,2024-11-28,96355.9,96439.69,94640.0,95233.49,18005.41644,95267.793,95328.4108,95446.43955,47.16514626183327,-38.126218605117174,-27.464630716069507,97.34831815181077,16.9355006062041,95502.7196527324,95032.86634726761
BTC,2024-11-29,96301.74,98619.99,95600.03,98003.96,16603.88876,98107.956,98131.755,97350.01335000001,46.703020239264866,-85.7802650945232,-64.74389880931324,125.40626307160656,27.34140504302446,98590.29594955403,97625.61605044598
BTC,2024-11-30,96544.5,97234.02,96092.01,96628.0,8822.83587,96631.90599999999,96576.37959999999,96562.22285,51.16791474953896,12.658911224832991,16.849687014781196,31.261981622576034,7.799054485995842,96690.70671612078,96573.1052838792
BTC,2024-12-01,96149.57,97388.78,95693.88,97047.99,8182.89951,97147.64,97190.66380000001,97099.98875,36.06992455312488,-33.639267668360844,-20.357172599045317,40.72957796338578,14.184093375277797,97255.29973359854,97039.98026640146
BTC,2024-12-02,97611.49,97743.77,94766.0,96947.8,20636.12581,96815.77200000001,96526.31319999999,95813.63394999999,62.02203466470475,105.59280251801829,100.09720813393709,125.3696329666003,15.600653831618828,97038.95718092636,96592.58681907367
BTC,2024-12-03,95772.0,96305.52,93578.17,95827.55,21460.99002,95902.19350000001,95693.97600000001,94780.4799,50.77702346637539,26.463123085035477,65.36659624137467,157.73968692353398,17.390067277176925,96178.79466856684,95625.59233143317
BTC,2024-12-04,95560.51,96950.0,95352.41,95862.74,15947.8389,95994.08499999999,96009.1482,95880.39349999999,42.58746024928163,-30.379416319759912,-13.96677399280395,127.15979635548206,13.50919897681673,96164.00292083265,95824.16707916734
BTC,2024-12-05,98584.87,104088.0,98517.65,101625.99,62183.766612,102155.60250000001,102863.93980000001,102879.54845,28.876993378992374,-321.41168130429287,-299.0641041070724,232.49225676771042,46.67794287143983,102824.82771771945,101486.37728228056
BTC,2024-12-06,97985.85,99483.81,97186.27,99218.47,21705.48229,99046.03949999998,99057.1238,98523.35935,56.97025333393726,99.38504614925478,72.45516177080664,126.67445933398497,22.404023734397335,99507.72602366815,98584.35297633182
BTC,2024-12-07,100072.23,100167.37,98844.0,99534.88,8780.23435,99474.0545,99485.1158,99429.93870000001,55.74172704820695,8.794627441850025,0.8802566550588465,49.783416467642056,18.629809147925926,99562.38495646254,99385.72404353746
BTC,2024-12-08,99968.0,100500.0,98657.7,99696.53,8125.38659,99608.6485,99629.829,99943.49590000002,55.264463807225184,21.632006254250882,1.2597050157851903,74.84742630580448,22.29820120453325,99784.15941216834,99433.13758783165
BTC,2024-12-09,99519.37,100421.8,97703.68,97929.31,22235.23696,98262.1765,99198.57939999999,98940.66385,34.08111084866958,-368.59004932572134,-367.0057858285499,203.40766849144592,55.292917130562515,98893.4602408386,97630.8927591614
BTC,2024-12-10,97716.0,98270.0,95565.41,96458.13,22664.9331,97022.77050000001,97478.089,97551.8325,29.52981958405075,-217.26225698667986,-200.5764687480882,213.59557920604018,38.876462082091635,97560.4243755552,96485.11662444482
BTC,2024-12-11,96175.96,100800.0,96060.06,100291.99,18747.26308,100408.6165,99931.21540000002,98871.26715,53.125124982706076,122.35930443709367,175.19836765876204,159.78457561000215,33.59854234252035,100705.41636902244,100111.81663097757
BTC,2024-12-12,100708.61,101829.0,100178.32,101451.62,14721.94425,101351.016,101337.09879999999,101068.08575,55.92813197549171,50.675397950952174,39.472821642523115,129.21872103000302,14.936612392208126,101593.1533712906,101108.87862870941
BTC,2024-12-13,99356.57,101375.26,99205.0,101363.63,9515.14089,101283.6795,101118.0778,100513.36639999998,60.829805230356314,61.48951166732877,63.67071264186676,81.51242631303958,13.392359351767746,101403.9977630383,101163.3612369617
BTC,2024-12-14,101863.64,102344.0,100826.38,101596.65,6989.08041,101647.233,101552.14680000002,101361.78125,47.69280754317673,23.49576135489042,35.30191114708895,38.878655865374654,25.528883650686986,101743.76279397019,101550.7032060298
BTC,2024-12-15,101987.65,103359.97,101534.01,102882.54,10230.04466,102922.741,102896.5504,102841.99050000001,47.00773220807143,4.460928013882949,12.95797628381005,37.999172419136826,15.776365009353698,102990.09476065451,102855.38723934548
BTC,2024-12-16,104912.01,106499.99,103333.0,106263.34,17818.06987,106233.60800000001,105961.3898,104557.71255,56.2094875377877,52.942918727902,69.05751446025945,167.17824027934944,17.52641509773804,106603.78178408254,105863.43421591747
BTC,2024-12-17,106535.01,108353.0,105725.99,106366.71,16009.465256,106107.10949999999,107025.4858,107212.15655,49.565750022540854,-215.60296404264227,-316.642643333122,212.32252921425348,41.06020589954352,106529.13827070073,105685.08072929925
BTC,2024-12-18,105384.0,105651.88,103137.82,104443.34,18775.79622,104192.0895,104076.0592,104600.55765,60.925690133840924,74.62816374925023,45.20685387747826,145.23457813195736,12.251466121860755,104442.46324410627,103941.71575589373
BTC,2024-12-19,99737.1,102800.11,98802.0,99692.05,21362.00424,99870.09099999999,100428.4818,101690.0834,39.578970575826936,-222.9044880483416,-243.76698579739318,222.64588833654446,30.50226969753674,100222.52186555129,99517.66013444868
BTC,2024-12-20,96709.68,98233.0,92232.54,96938.31,43634.51613,96914.4945,96347.7916,95071.6475,58.497078925732964,156.32911576343758,207.0415831641876,172.09117152424125,18.936777894267774,97265.08488620564,96563.90411379436
BTC,2024-12-21,97433.74,99540.61,96398.39,97444.94,15363.15921,97469.3,97367.9716,97399.7252,50.907656311943015,10.230108309755451,22.611142225030182,58.32514777985532,12.77024002985631,97560.69810807446,97377.90189192555
BTC,2024-12-22,97068.01,97351.57,95166.16,95322.0,10069.3034,95414.1755,95469.8324,96470.33790000001,42.84574445180684,-33.93330053945829,-33.242031956618625,99.52469910647646,19.134329017156578,95533.59851695584,95294.75248304415
BTC,2024-12-23,93954.13,96538.92,93268.94,93637.94,17056.81067,93481.576,93737.90620000001,95117.63045,51.592296278672755,-63.104617151780985,-109.02362155396794,184.95836735554872,18.227110118998795,93722.2673021665,93240.8846978335
BTC,2024-12-24,93774.14,98105.45,93569.02,98083.28,11616.42986,97602.7045,97493.14559999999,95858.49415000001,70.40704822092022,158.34733901006985,102.39010495079184,127.02383784800523,25.13101993344236,98088.35925533347,97117.04974466654
BTC,2024-12-25,97980.94,99349.31,97632.02,98620.13,7958.00959,98415.877,98501.4466,98437.15125,60.83061222655287,30.837109122076072,-12.49006569904299,84.85800828961986,26.544464177234353,98693.12581519004,98138.62818480995
BTC,2024-12-26,99136.05,99194.21,95199.14,95968.53,13607.2004,96005.4505,95659.4892,95656.70300000001,54.56547662678617,77.10453693574527,104.3731548144252,126.67571700021325,20.461285880443807,96228.34062347082,95782.56037652919
BTC,2024-12-27,96273.78,97544.58,94100.0,94116.24,16077.79455,94545.351,95039.2692,96054.68609999999,26.76084321864157,-257.47620006580837,-236.9475330528798,156.8179925313839,42.347658156586455,95066.7476048583,94023.95439514169
BTC,2024-12-28,94527.59,95340.36,94276.01,94635.35,4322.17898,94711.1425,94642.1858,94703.21295,44.16957728825132,-7.777124797779834,4.758822771697888,45.722152626861025,11.87555281491867,94820.70734890286,94601.57765109715
BTC,2024-12-29,95036.36,95315.5,94010.0,94671.99,4761.81512,94637.3425,94592.48879999999,94782.57334999999,56.17382033430941,36.965465368906735,40.15188363722015,51.149901074930895,33.865539190605205,94771.92207941813,94502.76292058187
BTC,2024-12-30,93488.77,94277.23,91530.45,92010.09,13190.90553,91712.69249999999,91849.3438,92900.10369999999,61.240048545606676,13.243032432161272,-34.30949973046046,132.26055519117213,19.579332617205935,91948.39793344765,91476.98706655233
BTC,2024-12-31,92560.17,96250.0,92250.0,95967.2,12003.64022,95566.462,95510.0524,95374.90375,70.38931481132562,90.85441586554225,48.56188345896047,123.93855182508968,15.005499298851207,95860.60307177226,95272.32092822774
BTC,2025-01-01,93722.79,94450.85,92888.0,94174.48,5061.78992,94157.018,94129.2444,93957.45504999999,56.84150631419026,5.751496348239016,8.960552825063639,37.970856339634125,10.997795211524423,94221.87307092467,94092.16292907532
BTC,2025-01-02,94883.97,97440.91,94829.0,96429.15,12523.55856,96475.4725,96844.186,96686.0952,40.81393621151829,-125.91722953868157,-131.26800902533842,149.10451369385578,27.95867723829697,96671.80258876494,96279.14241123507
BTC,2025-01-03,97272.74,97530.0,96100.01,97454.55,7415.24372,97216.501,97123.5634,96843.69315,65.75987624558003,99.25341401543119,75.68849237991871,102.5219600751653,25.538171253109166,97611.20593961452,96821.79606038549
BTC,2025-01-04,97900.01,98350.04,97532.58,97636.37,4870.28405,97820.277,97938.30059999999,97920.6952,38.863373854868044,-105.17522567957349,-90.66812005955562,79.73122302382825,41.125019618099024,98231.20014328047,97409.35385671954
BTC,2025-01-05,98190.0,98522.76,97276.79,98150.25,4149.46666,97973.7645,97907.7782,97788.2586,66.87722996727129,93.20236558026227,70.7882232044276,57.91551872907306,43.48309257689347,98284.15526716117,97663.37373283884
BTC,2025-01-06,98774.56,101916.0,98670.27,101703.25,13709.3584,101652.549,101267.17,99789.33115,60.065247587419506,192.6896791606705,214.6741705697088,146.11510222191615,37.015021292162864,101999.08464324412,101306.01335675588
BTC,2025-01-07,102000.01,102015.01,97600.82,97763.16,15889.19408,98340.09,98964.7346,100286.34694999998,27.926757969624283,-276.76125355686236,-258.9415081708629,236.81923982158773,50.6711993811744,98845.65184863469,97834.5281513653
BTC,2025-01-08,97039.61,97181.82,92500.9,95060.61,31644.99883,95090.614,95043.701,94652.94754999998,48.72031190086511,2.46463833967573,10.780651885332045,44.484996574227026,11.608627892015786,95195.99981942512,94985.22818057488
BTC,2025-01-09,95060.61,95361.84,91203.67,92552.49,32163.26832,92344.559,92339.5598,92212.47674999999,65.89786940625781,57.78423810888489,31.034760168225773,66.73265502373376,27.20681328297693,92575.70697458946,92113.41102541053
BTC,2025-01-10,92552.49,95836.0,92206.02,94726.11,31482.86424,94759.839,94783.6194,94750.94855,42.668947807340935,-19.4376699609129,-13.982823311810822,24.00309114001927,19.270991374445188,94826.462025126,94693.21597487401
BTC,2025-01-11,94726.1,95050.94,93831.73,94599.99,7047.9043,94619.19200000001,94643.4876,94699.12725000002,45.27818812572332,-22.349437148979632,-19.66188340941015,22.69156110040406,23.77978381221888,94710.01120140676,94528.37279859326
BTC,2025-01-12,94599.99,95450.1,93711.19,94545.06,8606.86622,94473.56850000001,94343.03020000001,94322.39185,69.69225230445605,55.285961026354926,55.74184200974299,37.86734247022699,32.578476712862575,94558.14024428322,94388.9967557168
BTC,2025-01-13,94545.07,95940.0,89256.69,94536.1,42619.56423,94433.1355,94385.44879999998,94157.7316,60.81000816983847,52.24034914307413,38.06558169136098,49.64710338124701,30.780645092920956,94594.2066142993,94272.06438570071
BTC,2025-01-14,94536.11,97371.0,94346.22,96560.86,27846.61753,96614.62250000001,96594.9624,96560.60609999999,45.10131477216358,-7.925031899299938,0.7472032109990199,31.949267593343865,16.88486279802743,96714.37025724527,96514.87474275475
BTC,2025-01-15,96560.85,100681.94,96500.0,100497.35,30509.99179,100289.412,100048.9518,99771.72745,75.78961862466241,111.11179710284341,93.7741215048911,54.762897872468365,33.67361730345479,100509.62217085237,100069.20182914763
BTC,2025-01-16,100497.35,100866.66,97335.13,99987.3,27832.85317,100042.714,99981.5378,99969.75889999999,47.62153497537387,21.515135042005568,30.275945179724513,40.31847266317405,20.54325416597792,100113.9232304125,99971.50476958751
BTC,2025-01-17,99987.3,105865.22,99950.77,104077.48,39171.85292,104192.209,104320.84419999999,104568.64445,23.570874709134905,-65.71032168854435,-61.448591109317015,27.41677178668508,40.0993971345831,104343.91987395911,104040.4981260409
BTC,2025-01-18,104077.47,104988.88,102277.55,104556.23,24307.82998,104481.378,104530.0142,104214.7125,56.75465387842643,-4.711621858397848,-16.356921077954148,47.85291565401306,17.49434779041221,104619.99868771723,104342.75731228276
BTC,2025-01-19,104556.23,106422.43,99651.6,101331.57,43397.282979999996,101279.9455,101043.8732,103494.98845,51.77784751841286,93.94918042782228,124.36831780679712,323.74495800029933,15.665917975012368,102277.24558447849,100282.64541552152
BTC,2025-01-20,101331.57,109588.0,99550.0,102260.01,89520.822022,102542.95950000001,102803.27819999999,103249.55119999999,42.545631260823725,-252.17796137141704,-246.40984916061166,227.64288011438072,27.2114733974398,103655.87162500301,101430.04737499701
BTC,2025-01-21,102260.0,107240.81,100119.04,106143.82,45941.020019999996,106042.4235,105931.54280000001,106193.72819999998,57.2904455096612,66.66720539909147,54.87468996448289,96.68545388874256,19.665884422495342,106253.95723605936,105830.88976394065
BTC,2025-01-22,106143.82,106394.46,103339.12,103706.66,22248.69254,103816.064,103846.2776,104009.91604999999,37.316913694347384,-53.088083676062524,-40.24605788999425,50.0482720892233,37.367033057253785,104000.792760337,103631.33523966299
BTC,2025-01-23,103706.66,106850.0,101262.28,103910.34,53953.12031,104060.602,104208.875,103677.25720000001,31.597974234491943,-61.86478469707072,-54.48927777550025,61.14859642765287,26.20945386469978,104212.19241244758,103909.01158755242
BTC,2025-01-24,103910.35,107120.0,102750.0,104870.5,23609.24017,104775.0015,104680.3846,104995.25805,62.140221452638976,43.16030837192375,33.68692788969116,45.024426144578115,11.657456861644176,104891.45039614176,104658.55260385823
BTC,2025-01-25,104870.51,105286.52,104106.09,104746.85,9068.32377,104843.71949999999,104913.9358,105004.76125,31.76664154295694,-53.09638134413399,-41.935212206393985,25.49345715518399,46.894514687777495,104985.85464983585,104701.58435016414
BTC,2025-01-26,104746.86,105500.0,102520.44,102620.0,9812.51238,102823.3825,102959.7054,104230.16700000002,39.79057837284512,-108.76233933234471,-98.89292357961617,123.79946656648187,24.894221042996925,103136.64009890132,102510.1249010987
BTC,2025-01-27,102620.01,103260.0,97777.77,102082.83,50758.1341,101925.8165,101908.01299999999,101681.35885,60.879575223012296,60.92470143303217,34.76598368941667,69.60125009052138,22.95924526681517,102147.84287007693,101703.79012992307
BTC,2025-01-28,102082.83,103800.0,100272.68,101335.52,22022.05765,101256.627,101156.0112,101086.8833,60.95245975131403,77.78645654415595,67.14459489115887,55.94331819196862,27.598677170226484,101460.436843932,101052.81715606799
BTC,2025-01-29,101335.52,104782.68,101328.01,103733.24,23155.35802,103809.2375,103979.46519999999,103916.66004999999,40.9378112056603,-73.63082729220332,-67.3196753453462,59.987732013133225,30.926881564594336,103978.59433746409,103639.88066253591
BTC,2025-01-30,103733.25,106457.44,103278.54,104722.94,19374.07472,104879.72450000001,105038.27260000001,105088.30679999999,20.31932708807557,-93.09775472726324,-80.9574673756092,32.58869472272068,55.92772282153689,105085.77060139271,104673.67839860731
BTC,2025-01-31,104722.94,106012.0,101560.0,102429.56,21983.18193,102340.8585,102254.39520000001,102058.85295,66.91711153762472,54.96394218064961,48.23780808836714,29.89935668084145,32.60389494493814,102475.19051991765,102206.52648008235
BTC,2025-02-01,102429.56,102783.71,100279.51,100635.65,12290.95747,100727.475,100587.99859999999,100979.5468,45.50469468758235,5.206816523030284,28.006415547823057,62.17243318988575,19.53392838659962,100851.16158966182,100603.7884103382
BTC,2025-02-02,100635.66,101456.6,96150.0,97700.59,34619.49939,97569.2625,97414.851,97386.85725,57.3538738272542,97.1789427871845,84.91918975860085,161.73057949013614,15.407493503702025,97817.20593249168,97321.31906750832
BTC,2025-02-03,97700.59,102500.01,91231.0,101328.52,75164.7385,101421.505,101474.9612,101557.92270000001,40.35102844285778,-51.96814245132555,-41.024460589267186,47.75376184135512,17.590329219474498,101588.97493168984,101254.03506831017
BTC,2025-02-04,101328.51,101732.31,96150.0,97763.13,40267.98697,97871.761,97780.3304,97526.85339999999,44.79170816938288,37.17360999433731,58.66792674712836,94.53176406528038,22.76939146701953,98088.81363010641,97654.70836989359
BTC,2025-02-05,97763.14,99149.0,96155.0,96612.43,26233.30444,96557.408,96553.14619999999,96862.34405,54.99028395898774,23.90397315796872,14.973008309653666,76.48025277569482,12.019085879921796,96650.75815127132,96464.05784872867
BTC,2025-02-06,96612.44,99120.0,95676.64,96554.35,23515.20405,96464.6465,96542.1866,96590.35945,53.42598718795497,22.623762835472007,4.868814171959469,55.78356889627606,16.49653365530537,96708.42247898664,96220.87052101336
BTC,2025-02-07,96554.35,100137.99,95620.34,96506.8,31794.22065,96443.841,96301.0342,95979.45465,60.23992330998745,57.941380689124344,62.16558569135262,46.51707719489049,19.797377454573716,96548.17241347165,96339.50958652835
BTC,2025-02-08,96506.8,96880.0,95688.0,96444.74,10147.24294,96568.504,96580.759,96504.64924999999,31.263111255029457,-39.69264534609101,-22.479774940198855,28.085767404375744,34.98888291638708,96734.37759818911,96402.6304018109
BTC,2025-02-09,96444.75,97323.09,94713.0,96462.75,14120.91613,96423.361,96227.981,95896.85650000001,60.50998925879101,83.08968404185725,91.02516472950357,59.9414691806133,32.148450081632,96574.71530577466,96272.00669422535
BTC,2025-02-10,96462.75,98345.0,95256.0,97430.82,20572.87537,97357.829,97339.36140000001,97332.5782,64.4427560539886,26.916740246713744,16.388952138822365,20.618198669913706,29.699393133811,97441.75453983218,97273.90346016781
BTC,2025-02-11,97430.82,98478.42,94876.88,95778.2,18647.76379,95799.5325,95832.024,95843.33610000001,44.85299409859337,-24.36893073216197,-20.284704008720738,29.714339101586173,17.8632861052972,95897.6898893024,95701.3751106976
BTC,2025-02-12,95778.21,98119.99,94088.23,97869.99,29151.16625,97734.64050000001,97775.73800000001,97616.00435,64.068248273931,36.46773236960871,8.733820308815307,38.31052069690873,26.44691152588696,97908.83554843934,97560.44545156068
BTC,2025-02-13,97870.0,98083.91,95217.36,96608.14,19921.77616,96567.0365,96488.26,96442.0289,61.82647940439875,31.857899026857922,29.582970426642518,32.01091056704397,16.400115047711328,96622.03387314556,96512.03912685445
BTC,2025-02-14,96608.13,98826.0,96252.82,97500.48,18173.02646,97455.1615,97373.9856,97299.62094999998,62.11389432582582,36.49879367616086,36.533114183391824,29.287544150521843,16.716329952861503,97533.59131048663,97376.73168951337
BTC,2025-02-15,97500.47,97972.26,97223.58,97569.66,7349.37683,97555.3185,97556.8502,97574.57029999999,52.43205919293993,-2.760276743589202,-4.581874359451292,19.157069060389098,12.912824755245097,97601.80215746109,97508.8348425389
BTC,2025-02-16,97569.67,97704.47,96046.18,96118.12,8191.4249,96129.561,96208.5172,96756.82029999999,45.4792944876289,-19.881779373754398,-32.9158347442561,48.92721215053175,22.068665029184274,96212.19168604148,96046.93031395852
BTC,2025-02-17,96118.12,97046.59,95205.0,95780.0,16492.0451,95768.397,95805.12240000001,96021.9543,49.27178918029674,-10.52333215168619,-15.32821319877859,28.1275739083243,16.015677349146657,95821.7689402275,95715.0250597725
BTC,2025-02-18,95780.01,96753.91,93388.09,95671.74,23368.19471,95483.391,95500.839,95100.54405,70.83262859792836,37.843678972596535,14.804621153413109,41.908433329378504,23.52609887563626,95646.11994222135,95320.66205777865
BTC,2025-02-19,95671.74,96899.99,95029.99,96644.37,16438.50954,96611.62049999999,96665.1196,96464.6875,53.61504490260682,-12.37126512422401,-21.035354366840217,27.388330503376967,16.596545828446,96692.87276260981,96530.36823739017
BTC,2025-02-20,96644.37,98711.36,96415.09,98305.0,17057.39177,98356.738,98348.16,98276.582,40.04818240974382,-15.535373054401134,-4.736633120759023,23.7383353294685,18.659480275268695,98419.4722039387,98294.0037960613
BTC,2025-02-21,98305.01,99475.0,94871.95,96181.98,32249.2814,96163.381,96033.8048,95578.42235,60.90917083287459,37.847953560733,47.35311746329651,25.92374844904344,40.729373754659704,96231.01954253337,96095.74245746662
BTC,2025-02-22,96181.99,96980.0,95770.49,96551.01,11268.17708,96572.2965,96593.91679999999,96600.07025,38.12410978434682,-13.146335459910915,-11.63212914568911,8.809498515225568,32.32660337643143,96614.52643311606,96530.06656688394
BTC,2025-02-23,96551.01,96650.0,95227.94,96258.0,10884.84913,96149.842,96041.395,95819.98065,62.21192215610075,83.89085416520538,77.38686296510313,47.384308044567305,42.823051955158235,96420.97054741613,95878.71345258388
BTC,2025-02-24,96258.0,96500.0,91349.26,91552.88,31550.10299,91735.274,92048.33679999999,93255.9205,40.68668333038359,-174.98162265282008,-171.6001724005439,148.1491966342278,25.485655202416794,92250.0537244045,91220.49427559551
BTC,2025-02-25,91552.88,92540.69,86050.99,88680.4,78333.11111,88777.112,88907.2252,88669.1805,38.10245350975068,-38.308972656552214,-35.39301470948859,62.154171545986365,18.04876015542196,88882.5930960457,88671.63090395428
BTC,2025-02-26,88680.39,89414.15,82256.01,84250.09,56893.54409,84068.993,84131.131,84375.90045,60.387547692519846,7.490100714261644,-22.343663810492163,86.3722781084042,14.713857666776006,84205.62105687534,83932.36494312466
BTC,2025-02-27,84250.09,87078.46,82716.49,84708.58,42505.45439,84751.301,84689.7932,84208.61295,46.78354239984777,28.724898158674478,33.84385858374393,51.55270097027069,26.539004160710906,84859.40677688752,84643.19522311249
BTC,2025-02-28,84708.57,85120.0,78258.52,84349.94,83648.03969,84423.44350000001,84231.9306,84195.63905,48.518297430316615,50.439402217045426,71.5852378725229,47.43413028873477,37.391538962208365,84558.1752459719,84288.71175402812
BTC,2025-03-01,84349.95,86558.0,83824.78,86064.53,25785.05464,85915.298,85847.68519999999,85785.77355,70.03455043357454,67.51762553368462,47.617808238204816,35.9207710074563,33.40544961898521,86143.80105972984,85686.79494027015
BTC,2025-03-02,86064.54,95000.0,85050.6,94270.0,54889.09045,94292.019,94370.931,94211.9782,49.58693138387426,-37.407729157901485,-38.581335210904385,110.89412177454558,13.338425443357485,94517.37169423241,94066.66630576759
BTC,2025-03-03,94269.99,94416.46,85117.11,86220.61,59171.10218,86369.3265,86434.6514,86244.96755,43.187115784787885,-94.75089772757201,-70.21303636548033,106.17338316882322,23.20504951783026,86733.64913160159,86005.0038683984
BTC,2025-03-04,86221.16,88967.52,81500.0,87281.98,55609.10706,87331.51999999999,87386.58300000001,87590.67425000001,43.29992902939775,-32.346772201228305,-28.420207555007217,53.51622235831001,12.992594338059664,87420.79274948782,87242.24725051216
BTC,2025-03-05,87281.98,91000.0,86334.53,90606.01,38264.01163,90707.362,90583.23939999999,90344.37095000001,47.26027529213619,-7.247106474038446,18.291420293711166,83.37830455238255,21.71563168634125,90934.21669089922,90480.50730910077
BTC,2025-03-06,90606.0,92810.64,87836.0,89931.89,34342.44902,90107.02249999999,90300.8608,89855.08575,32.154110477223796,-115.22847772341629,-106.08420625884627,73.921348390275,38.32869442065081,90441.85981702557,89772.18518297441
BTC,2025-03-07,89931.88,91283.02,84667.03,86801.75,57980.35713,86707.125,86510.09960000002,86570.69789999998,60.4915609242706,73.41239989225869,75.26394562240387,73.49022868596313,15.969715744909566,86901.63531154429,86512.61468845571
BTC,2025-03-08,86801.74,86897.25,85218.47,86222.45,12989.23054,86138.68149999999,86215.45959999999,86239.36575000001,58.57386142533741,-0.983241787616862,-14.360093893574295,28.31489186526162,19.5742184776744,86220.39316214861,86056.96983785137
BTC,2025-03-09,86222.46,86500.0,80000.0,80734.37,26115.39345,80606.542,80706.58480000001,81589.7876,53.77400182326403,1.1678198411827907,-15.70141579749026,131.4804829880393,12.188492669006898,80849.83506555506,80363.24893444494
BTC,2025-03-10,80734.48,84123.46,77459.91,78595.86,47633.38405,78965.525,79150.6062,79351.509,30.906020550651803,-162.84893012599787,-125.05685581472466,135.99748802130034,47.42533821123952,79435.6717640859,78495.37823591409
BTC,2025-03-11,78595.86,83617.4,76606.0,82932.99,48770.06853,82789.6775,82754.585,82991.1513,62.11116251553159,34.0333937092073,17.33616422614596,70.69271817913477,13.544828515441468,82935.7670779927,82643.58792200731
BTC,2025-03-12,82932.99,84539.85,80607.65,83680.12,31933.986,83730.1515,83615.8504,83389.40935,47.942161104091596,40.50428096415999,53.90986439092432,57.96220373052278,32.52206877937167,83874.63403199786,83585.66896800215
BTC,2025-03-13,83680.12,84336.33,79939.9,81115.78,27546.27412,81123.66750000001,81180.8746,80898.9084,46.00102623399127,-15.58095034956932,-15.674269925377674,37.51795742216999,11.59718942513327,81188.2487780576,81059.08622194242
BTC,2025-03-14,81115.78,85309.71,80818.84,83983.2,26858.52755,84013.937,84141.204,84217.0309,37.903301312744645,-54.31103557118331,-57.65483041678079,31.51879813952939,37.0379545238106,84104.92168049361,83922.9523195064
BTC,2025-03-15,83983.19,84676.28,83618.0,84338.44,11324.7332,84366.2555,84339.42,84370.74625,43.52298648931108,2.4805687133048195,9.083441906746375,11.918766867363418,17.682168868765388,84409.14852762863,84323.36247237137
BTC,2025-03-16,84338.44,85117.04,81981.12,82574.53,17596.12531,82575.0745,82452.8214,82609.07770000001,53.91316610505345,34.044244892458664,44.23198143281059,55.98884142904194,23.672517661403603,82636.3588289792,82513.79017102081
BTC,2025-03-17,82574.52,84756.83,82456.0,84010.03,17214.74358,84074.2155,83992.65960000001,84055.31795,44.562385884338546,19.65296549271443,28.003202319341046,33.30840331768609,22.57622906956452,84137.58131080672,84010.84968919329
BTC,2025-03-18,84010.02,84021.74,81134.66,82715.03,17610.89883,82712.9965,82682.0312,82297.8012,50.65922493701199,24.403005616390146,28.108975946078168,35.13729977754293,22.13824103020406,82824.60664384827,82601.38635615172
BTC,2025-03-19,82715.03,84888.0,82547.16,84669.82,15568.01403,84612.53,84586.95779999999,84413.15490000001,56.910209315586094,31.27181929341168,21.116068126160485,54.783818936293265,14.540646071514715,84714.17703163507,84510.88296836492
