symbol,date,open,high,low,close,volume,MA_20,MA_50,MA_200,RSI,MACD,Signal,ATR,ADX,BL_Upper,BL_Lower
ETH,2017-08-18,296.95,311.79,295.19,298.3,5008.26624,298.4595,300.91900000000004,305.98769999999996,37.46384136112348,-0.9275355269464285,-1.049518551831051,0.37722763963965,55.43980172918833,300.07385405039304,296.84514594960694
ETH,2017-08-19,298.2,299.9,278.0,288.64,1739.6764,287.35499999999996,286.7106,285.96355,87.06144022142394,0.5593378923151135,0.376669409984121,0.13717713613015725,47.89509483495687,288.8743090534968,285.8356909465031
ETH,2017-08-20,285.96,296.92,282.85,293.41,600.93553,293.41,293.2292,294.44725,87.53135218911162,0.03842561616903595,0.0544973534283469,0.0045175807810186284,73.83046418378272,293.41,293.41
ETH,2017-08-21,299.1,346.52,294.6,328.68,2081.8554,335.3405,339.04740000000004,332.0351,18.524498035226063,-2.2088061126091247,-1.6284613756116053,1.1059347457194102,50.39004146739912,340.441031246831,330.239968753169
ETH,2017-08-22,320.0,323.58,144.21,306.84,4638.43385,304.24249999999995,305.9314,308.1214,55.671001303176105,-0.34389823735165237,-0.7260296768883344,1.6611279177462583,13.819353878973772,307.04895595012493,301.43604404987497
ETH,2017-08-23,310.56,324.99,310.56,315.74,5117.62609,315.5985,315.56719999999996,317.2536,51.04879267007532,-0.07009621804377275,0.014737604781807457,1.0697251467745854,19.791650961869575,317.26560857475346,313.93139142524655
ETH,2017-08-24,315.01,328.04,314.01,323.71,4382.29003,323.267,323.76160000000004,320.94859999999994,51.97492908558339,-0.14075253031944612,-0.07595683562418788,0.830492716764195,11.002839395667294,324.9086589170734,321.6253410829266
ETH,2017-08-25,324.42,335.41,324.42,331.68,4802.26481,332.01,332.09340000000003,331.31269999999995,47.778078306586806,-0.06408294328377906,-0.0002919933466334571,0.6675320308202759,29.023896100856728,333.5841537409121,330.4358462590879
ETH,2017-08-26,327.24,335.44,323.41,329.93,3018.00513,332.4465,331.81660000000005,328.4774,39.508137353506896,-0.4483952096557573,-0.04564525442893306,0.9218418117937316,33.26729627106962,335.69028343913754,329.2027165608625
ETH,2017-08-27,335.0,338.42,330.73,333.68,2575.02264,333.8195,334.1544,334.43120000000005,47.01406896225263,0.020069021950007482,-0.07610859253750595,0.6037302233915718,25.35679487894625,334.59984543633163,333.0391545636684
ETH,2017-08-28,345.89,350.85,331.95,342.0,2551.82864,342.4965,342.8092,341.98940000000005,45.14571951622752,-0.29964025809431405,-0.25041506339592745,0.4253638450634794,16.794805764486075,344.007609195258,340.98539080474205
ETH,2017-08-29,351.94,367.13,347.06,361.67,1593.59652,362.4405,362.8506,360.92479999999995,42.67356080028791,-0.17607977479775627,-0.14662036872078685,0.7610092415916688,34.49135240181012,364.13003810256026,360.7509618974397
ETH,2017-08-30,373.21,393.71,362.05,374.45,2678.68735,376.207,377.76340000000005,377.66519999999997,34.038826404539684,-0.5737581310042401,-0.5218069618189136,0.7912459453268077,31.367854007359092,377.38175273994096,375.032247260059
ETH,2017-08-31,382.62,389.36,377.78,387.18,2322.34283,387.70300000000003,387.52479999999997,386.27705000000003,47.31715203478941,0.2450895164879512,0.20926197116078746,1.07143582027116,48.70376965925412,389.56234504594937,385.8436549540507
ETH,2017-09-01,390.45,394.39,383.18,387.79,2630.41013,387.5835,388.9798,389.1853,46.55102617997921,-0.3003416099443257,-0.42125626064566174,0.42027750778758743,55.45959810871077,388.36093874356357,386.80606125643646
ETH,2017-09-02,388.49,388.62,336.48,336.48,4720.27773,345.7895,350.3246000000001,354.60470000000004,12.25400391545814,-3.33367528172613,-2.524041051025895,1.5725524677972265,53.823062325856114,354.14087228244193,337.438127717558
ETH,2017-09-03,351.54,367.28,320.08,325.0,3679.56524,325.0,325.02,333.64765,49.200608027086275,-0.14935097417316,-0.20429534927137177,1.1097028658345665,26.600811371709362,325.4891216619688,324.5108783380312
ETH,2017-09-04,335.0,339.77,270.0,287.04,4753.24266,287.8995,289.35560000000004,288.14300000000003,45.354116451837896,-0.16034905830269963,-0.19574971325581345,1.658888629614521,11.417233997460238,290.89902979645126,284.8999702035487
ETH,2017-09-05,274.0,304.99,235.55,303.0,5843.78302,297.4135,299.267,299.08245000000005,78.44990287170681,-0.044921891675869574,-0.5556090601782345,0.814720985118527,17.57456095467026,300.0244789352167,294.8025210647833
ETH,2017-09-06,327.45,335.23,314.76,325.21,4418.29343,327.72799999999995,327.1452,328.2265,40.809157449314704,-0.18575159438438504,0.2437820833466103,1.3159764093811908,17.697243858204807,330.6779938982983,324.7780061017016
ETH,2017-09-07,325.54,338.38,320.17,335.16,2010.13664,334.947,334.916,334.29294999999996,51.24260521669399,0.13050777359370613,0.10833763214210944,0.9534962818822761,16.575603258220266,336.2561692022253,333.6378307977747
ETH,2017-09-08,331.82,333.76,272.0,284.0,2271.23007,281.371,286.52320000000003,315.84545,51.67489815897179,-2.058169229636974,-2.2975136127417706,5.074161421020548,31.30335573514989,291.11580353830533,271.62619646169463
ETH,2017-09-09,294.71,307.0,281.66,298.06,1539.9255600000001,298.1155,300.1244,301.77685,37.10813311798227,-0.7541985508050288,-0.8284332319853343,0.22214802728490113,62.23152568674783,299.17874926523007,297.0522507347699
ETH,2017-09-10,297.0,297.01,261.03,284.65,2846.53409,285.76099999999997,285.8,282.33905,25.70693533292213,-0.3888823784119495,-0.1839807953246637,0.16310400113345377,28.87407719385597,287.36772212906465,284.1542778709353
ETH,2017-09-11,294.94,304.98,286.82,297.67,4103.30544,299.7955,299.63779999999997,295.8516,18.671392102408348,-0.2960191352054835,-0.022176170674435475,0.43291066074595264,27.180255166799903,301.5579014866078,298.0330985133922
ETH,2017-09-12,301.34,316.46,298.6,305.0,3818.16403,303.875,303.8816,308.085,61.944684511559444,0.20443487800019966,0.012823352204664629,0.5656057825002276,34.402648329491434,305.02925300519524,302.72074699480476
ETH,2017-09-13,292.0,294.5,257.05,262.56,4619.64606,262.8965,266.2122,266.18055,32.83176088581533,-1.0209711119319422,-1.1775107175801403,0.36026872507309105,53.3195383890516,263.83288186653056,261.96011813346945
ETH,2017-09-14,283.77,283.77,229.77,248.98,7553.55943,243.81,243.55460000000002,243.5388,66.61754012222084,1.4594454161689328,0.8073388228012428,1.5327345800774703,17.75008801531216,248.84859107289876,238.77140892710125
ETH,2017-09-15,237.94,262.0,192.0,253.13,8983.678319999999,252.766,246.1492,222.15904999999998,54.80972194035383,2.0034936112993194,2.6117807894841807,2.9923192434518278,33.86854903815867,257.04538500253506,248.48661499746493
ETH,2017-09-16,261.88,271.81,235.51,253.0,7772.41457,254.987,253.07780000000002,249.56175,44.3779176166052,-0.0748388691489481,0.4538036274957936,1.4806820288535525,18.509476185536286,258.0712769006621,251.9027230993379
ETH,2017-09-17,248.0,252.19,239.02,248.45,2849.5996,249.33849999999998,250.1268,244.8528,43.37879835707141,-0.3287994523934117,-0.28229244035043205,0.7092807340576203,11.212739103418787,250.89160366686303,247.78539633313693
ETH,2017-09-18,265.0,306.22,264.01,297.13,3224.44093,297.157,297.7926,295.6594,21.134408368395423,-0.17264356372737666,-0.23413929359136193,0.08873860677097045,44.820441303775496,297.28554571072254,297.0284542892774
ETH,2017-09-19,290.21,294.99,277.41,287.0,1239.93696,286.245,286.1212,288.14015,55.65793968489288,0.19647353789878252,0.08932872726506326,0.509563857465606,13.614266311164647,287.9054397008029,284.5845602991971
ETH,2017-09-20,284.96,294.0,275.91,294.0,775.09311,293.251,290.7184,286.34950000000003,75.69316207798676,0.8783937908517032,0.9352447907043732,0.3555922684925315,40.33487006226728,294.98827257506844,291.5137274249315
ETH,2017-09-21,282.99,287.0,278.05,282.01,558.96187,283.217,282.9022,283.0389,12.399331384788143,-0.20986646021015076,-0.0230573792504137,0.11601965676229567,23.847899751033847,284.23108283685815,282.2029171631418
ETH,2017-09-22,262.01,272.97,253.17,262.0,937.93971,261.0945,258.01460000000003,257.27615,90.5936292100293,1.1517706845331759,1.2349763677787604,0.15704779784907247,71.427660566915,263.00622670640814,259.1827732935918
ETH,2017-09-23,258.05,283.09,255.11,280.0,591.28623,280.0,280.6594,279.5616,36.408861738309675,-0.13912135391211677,-0.17920582612123473,0.046038065649870404,27.41038227101345,280.0,280.0
ETH,2017-09-24,283.34,294.61,275.0,282.65,4027.61252,284.4665,285.3188,283.70465,36.19740454164406,-0.6026502572835284,-0.38784264791387596,0.7302475172186623,28.30772954281063,286.58644598987433,282.34655401012566
ETH,2017-09-25,283.0,296.26,281.34,296.26,3520.98702,293.04699999999997,290.2966,288.84225,78.41283945530779,1.6091096216083542,1.4626748623434005,0.6966055898018408,54.27938785884341,298.20056614394116,287.8934338560588
ETH,2017-09-26,295.26,296.81,287.94,291.93,2932.77344,290.8795,290.96,292.58729999999997,60.88334720283277,0.1857113361073175,0.05979287514298474,0.47418573547093623,43.81497922944137,292.3992693904091,289.35973060959094
ETH,2017-09-27,289.39,299.04,286.13,297.5,2987.79168,296.781,295.8768,296.09485,65.67445105765343,0.47333084153365235,0.4185140127194158,0.4758808233853928,34.90781614434869,298.0473001224084,295.5146998775916
ETH,2017-09-28,307.63,311.81,298.41,298.41,4388.74206,299.2605,301.1866,301.62485,35.196133143242676,-0.7734063023473254,-0.7630266564712971,0.4591206932825725,17.89405864979275,300.48419072888976,298.0368092711102
ETH,2017-09-29,301.85,302.97,274.0,294.54,8711.42939,293.64099999999996,293.044,295.5358,61.59321901646537,0.4977247558762201,0.4079542115642241,0.48191592905498937,26.886385748488248,295.5613114330652,291.7206885669347
ETH,2017-09-30,295.53,307.47,295.21,302.07,2705.82104,301.8435,301.7864,302.8143,52.197798790382166,0.10056782527800578,0.059168084476426616,0.556644295893527,20.58095406061307,302.67829997601996,301.00870002398005
ETH,2017-10-01,301.22,302.92,294.0,297.81,3272.76719,298.4145,297.683,297.64615000000003,46.75648235535929,0.13052166538449228,0.27693427852783764,0.5944329775793773,19.14832202187257,299.1505835550414,297.67841644495854
ETH,2017-10-02,301.86,305.0,296.71,299.03,2657.66681,299.489,299.69460000000004,299.6607,43.84096917875227,-0.21597898120438686,-0.18329012827576374,0.41734242429839175,15.030672545793196,300.77197934512145,298.2060206548785
ETH,2017-10-03,297.2,301.0,283.18,289.0,4011.2886,288.267,287.8094,289.74055,60.81342207541521,0.32788665038413,0.27078277685859264,0.5070789171437368,36.37969993934226,289.719667890483,286.814332109517
ETH,2017-10-04,293.88,297.97,288.0,292.09,2663.65413,291.903,291.6376,291.2039,50.95990377566675,0.1552056499052128,0.16667286406878346,0.9935321084142059,19.74364941750174,293.7182366237013,290.08776337629877
ETH,2017-10-05,292.4,295.62,285.53,293.0,2301.92743,293.86199999999997,294.106,292.62675,36.26346386398595,-0.3080828969424374,-0.21602608801140655,0.38355692629726723,19.424669090389372,295.1030253825059,292.620974617494
ETH,2017-10-06,295.62,303.43,293.78,301.1,2352.58939,300.732,299.7794,300.9363,67.46914556879663,0.41912405930168006,0.41833458729021916,0.24974842088635227,31.33683803094286,301.50767003294743,299.9563299670526
ETH,2017-10-07,309.96,314.28,303.6,308.26,1266.15716,307.5415,306.959,306.46299999999997,63.06209669871522,0.3787804476614838,0.31369898294416065,0.5103221087849458,12.976766957544573,308.7216741396928,306.36132586030715
ETH,2017-10-08,312.49,315.0,309.5,315.0,1578.64066,313.3335,312.30760000000004,311.3604,66.09022326820994,0.7270118916528077,0.5775913208427242,0.6040831615583241,36.93657347352352,315.39514279156066,311.27185720843937
ETH,2017-10-09,307.5,310.0,302.32,304.07,1635.48613,305.665,305.5794,305.719,36.584162873880246,-0.22797711963028178,0.03873605008848852,0.6409260432570626,20.735200958039474,307.6592266671588,303.67077333284124
ETH,2017-10-10,294.99,305.9,293.0,305.0,2757.58098,304.3525,304.5616,302.0324,52.7507205877509,0.21075393754455263,0.042997616635667466,0.8135233838135856,15.215738115355377,305.70191283525924,303.0030871647408
ETH,2017-10-11,302.0,305.5,298.02,302.1,2816.66551,301.9475,302.2982,301.88259999999997,51.88574416198761,-0.07071988613392932,-0.1317324347345957,0.180931245073465,27.249185352171416,302.89254761784156,301.0024523821584
ETH,2017-10-12,304.36,310.0,303.8,308.72,3822.87316,308.13,307.6238,307.25879999999995,57.520948066485964,0.29274712294056826,0.26247568798778087,0.486862733232246,36.03859120984057,309.261459234787,306.99854076521297
ETH,2017-10-13,301.13,353.96,297.0,341.2,12867.76743,341.4235,342.73920000000004,338.80365000000006,45.05714108967874,-0.36551013503833474,-0.4243861130637169,0.8775062820621512,36.06663019632946,342.2187427303315,340.6282572696685
ETH,2017-10-14,335.57,349.8,335.52,342.45,4597.57461,342.23699999999997,341.9184,342.0809,51.33531774421894,0.1985189496360249,0.1499375997548923,0.5844056246279643,34.33471833348293,343.2631598315879,341.210840168412
ETH,2017-10-15,342.73,347.91,316.17,326.59,6812.90091,327.62399999999997,326.6434,323.43275,46.842797228963384,0.18038501285366237,0.3310974542236518,1.0238011605041943,15.366870511451495,329.4965426563934,325.75145734360655
ETH,2017-10-16,339.99,354.0,336.05,343.61,5500.22308,344.44,344.455,343.26994999999994,44.958797304436196,-0.20770702568802335,-0.05122904577832729,0.8319474788716202,26.180229780323952,345.86291250609514,343.01708749390485
ETH,2017-10-17,331.82,333.55,320.46,323.64,3891.9696,323.474,323.4142,323.2156,51.55576367511542,0.011195090461228574,0.020892808944848563,0.6192641012881699,13.319046332528336,324.50518184626503,322.44281815373495
ETH,2017-10-18,314.33,318.0,284.68,292.7,8660.85366,289.41,289.2036,294.43315,66.61881636669182,0.7360335730394922,0.32685251291139306,1.0983791021825131,16.03205847294137,292.00514932130824,286.8148506786918
ETH,2017-10-19,311.89,315.0,300.0,308.69,4804.40708,306.6335,305.9234,305.41655,66.06789732020069,0.66499777793058,0.5088564855865704,0.9267625779857324,59.061545071155585,308.9314231927927,304.33557680720736
ETH,2017-10-20,307.79,308.69,302.01,307.84,3872.28257,306.232,306.39959999999996,304.4693,62.60892005457464,0.43669791359354804,0.22578865000140902,0.45944443482674413,38.87883811783628,308.5745336710488,303.88946632895124
ETH,2017-10-21,303.15,305.06,293.12,295.02,5123.44041,294.177,294.0848,294.8261,58.25474055889629,0.11430888848292398,0.018290390596258588,0.43804834298081735,16.952342814043107,295.94028216685325,292.4137178331468
ETH,2017-10-22,299.32,306.99,290.0,294.35,4698.28531,294.946,295.2668,293.61185,46.7047976294246,-0.2411461771115455,-0.1666410529722797,0.9985201486357117,34.39800360587248,296.96549894774927,292.9265010522508
ETH,2017-10-23,291.64,294.6,272.2,288.73,5618.80978,276.77049999999997,275.6526,280.87899999999996,87.15655485362069,1.6073960425104588,0.6064846597864322,1.443656249718278,43.10678273097754,283.03696463326054,270.5040353667394
ETH,2017-10-24,281.72,310.0,275.5,307.97,8922.98598,307.70300000000003,307.9342,307.5462,52.00507912853476,-0.10164393564116381,-0.07718431109736046,0.8951585742069748,43.666310195599884,309.0173074221559,306.38869257784415
ETH,2017-10-25,292.02,300.0,281.0,292.57,7078.59362,292.88250000000005,292.4164,291.3007,48.18205934779334,0.09511605944163648,0.16145102591095728,0.6273214924076963,31.05244464146498,293.9676152012499,291.7973847987502
ETH,2017-10-26,294.88,299.76,294.0,294.93,4499.52123,294.9415,294.85380000000004,296.5141,52.26166298808476,0.021450066542911372,0.022559217110302544,0.04005933782825984,22.52779271506963,294.96778687899456,294.9152131210055
ETH,2017-10-27,295.62,298.1,292.03,292.91,3459.65842,293.2255,293.3438,295.1223,46.2941924846718,-0.0764036125726193,-0.08078528298728527,0.3796076110190736,19.802272949754474,294.1861555053648,292.2648444946352
ETH,2017-10-28,295.98,297.0,290.1,292.93,3094.97675,295.059,294.9748,292.71235,29.017289443362184,-0.41488971796479746,-0.06033186636647501,0.46834620487686746,18.610392695986786,296.9840236362164,293.13397636378363
ETH,2017-10-29,292.48,309.0,292.0,304.98,4959.26444,306.13800000000003,306.11060000000003,304.92815,38.324771375933764,-0.1864049634251046,-0.11108069616014463,0.489920730383875,29.711993939175333,307.13717165693146,305.1388283430686
ETH,2017-10-30,309.0,311.39,304.85,305.96,5651.61576,305.708,305.5272,307.2984,53.76704344333864,0.07628865406877594,0.0716194245625535,0.6346839501277464,43.45806088534827,306.61747457359445,304.7985254264056
ETH,2017-10-31,308.02,309.99,304.38,305.99,4505.16594,305.6725,305.69559999999996,306.82219999999995,52.65016588220675,-0.030086660971278434,-0.04165602224706336,0.745131690709806,27.899641990910286,306.594386652467,304.75061334753303
ETH,2017-11-01,303.83,305.08,295.99,299.02,6462.18166,299.682,300.5536,299.1434,41.40315539652121,-0.502666636951119,-0.45951100482294455,0.4721998791906134,15.067290988605512,301.24841756883956,298.1155824311605
ETH,2017-11-02,288.98,291.65,275.4,285.49,8311.35519,286.098,286.68940000000003,283.7962,47.1112736595105,-0.2380727557647333,-0.18133877136474144,1.0327236914541504,38.471248754756324,288.04249582154483,284.1535041784552
ETH,2017-11-03,287.71,299.24,283.07,297.41,5174.92863,297.33299999999997,297.1544,296.49635,51.23852913758035,0.07993571773437225,0.11278142277349501,0.8862219136946841,12.621027309981114,298.81925838935024,295.8467416106497
ETH,2017-11-04,293.99,304.99,293.37,300.1,4581.69975,300.28000000000003,300.2718,300.4846,47.50110889919338,-0.008883859019533702,0.017319403426707923,0.4503693980422231,34.138701658408095,300.8217379440368,299.7382620559633
ETH,2017-11-05,299.88,302.14,295.01,295.12,4450.80683,296.063,296.38379999999995,296.59590000000003,43.81475838650111,-0.02581723754184395,-0.047536475762024924,1.103132716414341,30.979730229318687,297.4722139653071,294.65378603469287
ETH,2017-11-06,294.3,303.63,290.11,302.99,4823.06689,300.70000000000005,299.707,300.41110000000003,65.48995741798626,0.9089988424528883,0.6661943456851569,0.8281120628307408,21.421526769089926,303.6773007909862,297.7226992090139
ETH,2017-11-07,298.73,303.52,287.0,288.0,5755.30966,288.2155,288.02,292.32595,46.90455842717836,-0.06920487059494462,-0.051009704029925815,0.43820382511837885,20.929430518901476,288.8739975322404,287.5570024677596
ETH,2017-11-08,293.0,299.85,293.0,299.84,4690.7228,299.54249999999996,299.2634,298.4995,55.137069110131776,0.174051466107926,0.14498133110102723,0.3726280408872297,10.093999785052121,300.2750810535184,298.8099189464815
ETH,2017-11-09,310.06,329.0,303.88,327.5,6533.92238,327.255,325.7176,320.37495,53.702411595270405,0.4721379909452139,0.610039521653007,1.0632578657030998,13.170773409883086,328.9602683073714,325.5497316926286
ETH,2017-11-10,318.79,322.65,296.12,300.15,8602.49363,302.2855,302.425,304.0305,40.38714940082258,-0.49531082265343684,-0.21921207583949137,0.9570777474865835,36.38227197702844,304.9260868665869,299.6449131334131
ETH,2017-11-11,298.99,305.0,292.0,300.02,5646.43693,299.6105,299.2684,297.86400000000003,53.6820853849947,0.2772405453557667,0.2435385763508689,0.7814690888907899,36.872564352737754,300.784492759772,298.436507240228
ETH,2017-11-12,301.92,309.99,281.01,305.98,15113.35939,304.605,304.3414,299.33465,58.04196610487045,0.44518133860611897,0.24209211664958988,1.2866168945778511,31.74384672655398,307.25262912810405,301.957370871896
ETH,2017-11-13,314.98,318.88,307.11,310.09,9200.9763,311.03499999999997,310.945,311.3316,43.75087692812018,-0.33244000709169086,-0.17448963301824166,0.757108567410113,16.431252782697346,312.6734077636574,309.39659223634254
ETH,2017-11-14,314.87,336.99,314.32,327.0,12349.92863,328.1305,327.80840000000006,324.99925,35.483507953498076,-0.16473336783917603,0.060063137885660894,0.6360413582180386,43.53336026582123,329.33210684086015,326.9288931591398
ETH,2017-11-15,330.78,339.0,327.99,331.04,9320.0481,329.0165,329.12660000000005,330.4275,67.29640658021202,0.0886124943805271,-0.06559295892120728,0.6232199052068309,16.81682919611735,330.110781042534,327.92221895746604
ETH,2017-11-16,328.73,330.07,321.41,328.12,8664.92213,327.6095,327.5,327.52295,55.46709973486136,0.17686695708579236,0.0987011567464677,0.4167024007139065,19.495174569395584,328.51232833362735,326.7066716663727
ETH,2017-11-17,328.22,333.6,323.84,333.6,11183.67303,333.073,332.7262,330.68160000000006,57.80689816407904,0.12968783575718135,0.12285791553587852,0.5072884372480836,33.79857855767867,333.5787706990673,332.56722930093264
ETH,2017-11-18,327.91,334.98,326.01,333.02,8623.30989,333.35900000000004,333.3244,333.3544,45.6662575346603,0.057216989097980786,0.07415985704588565,0.6230317878127593,21.12675596900089,334.1054020364271,332.61259796357297
ETH,2017-11-19,345.96,373.56,343.07,355.0,12214.123810000001,357.2245,358.0312,357.30215,34.406472261583914,-0.4921690243314174,-0.37035877682486573,0.7409792241885828,22.416593334250358,359.0595637591211,355.38943624087887
ETH,2017-11-20,356.98,364.0,355.0,363.0,11462.21948,362.428,362.0932,359.75589999999994,64.23608888590644,0.1419008253714651,0.13209597139356036,0.36112763525984143,20.173162898691146,362.86437598469877,361.9916240153012
ETH,2017-11-21,370.94,374.99,350.02,372.12,18966.8781,373.0335,372.8986,370.53664999999995,42.09801804621232,-0.3140890343387923,-0.10880512389654727,0.417852315202433,37.49548330434671,374.70920015217575,371.35779984782425
ETH,2017-11-22,363.75,371.24,359.0,365.2,10566.08378,364.24899999999997,363.7314,363.84804999999994,67.58356047015782,0.3682813604538069,0.2711421618379681,0.4591175712577325,34.40474692341208,365.15533106535105,363.3426689346489
ETH,2017-11-23,378.64,416.65,370.02,411.42,15804.73913,410.316,409.74420000000003,398.79339999999996,54.27296702082015,1.2959911849848709,1.228177310282108,2.1869275310634047,35.255142999465654,416.15140709806695,404.480592901933
ETH,2017-11-24,406.08,453.57,392.8,449.99,18370.64791,448.64799999999997,443.99240000000003,436.5768,57.90003592339022,2.0146865261951916,2.0613942926093793,1.8945516544600847,31.61606936951267,452.96835461507845,444.3276453849215
ETH,2017-11-25,463.0,473.2,450.0,471.99,13162.68798,471.67600000000004,469.7916,465.6721,53.92420214819103,0.6569592862265381,0.7609620445407119,1.2947572596438417,15.510758703917801,473.5830752475916,469.7689247524085
ETH,2017-11-26,458.5,465.0,436.14,457.91,12739.76745,457.59849999999994,456.9536,458.80204999999995,52.49529249887922,0.10798978032676132,0.19306819089162924,1.2904751719547392,16.84145549207728,459.68670760462186,455.51029239537803
ETH,2017-11-27,466.7,486.94,453.0,472.7,15498.21594,474.52700000000004,476.6452,473.2226,38.914453101430915,-1.1721203847497463,-1.00393210595579,1.115951532054787,41.01078532767325,477.3705477840088,471.6834522159913
ETH,2017-11-28,472.81,477.5,453.5,466.34,15853.94536,466.875,468.0906,464.17975,43.343886896082026,-0.4298272161387331,-0.43625811534996634,0.7906571833792614,49.67153727929808,467.92722621143804,465.82277378856196
ETH,2017-11-29,468.02,515.0,455.0,471.28,25391.66753,482.3,492.7192,498.26615,23.36045387669651,-5.555092865031725,-4.497066315616693,3.804111050000035,52.00706415935005,493.7183641560466,470.8816358439534
ETH,2017-11-30,446.36,460.0,387.01,398.02,29090.32707,396.028,400.74480000000005,405.58934999999997,52.18738992323213,-1.3010838047047173,-1.7038140300736329,2.957046567037929,36.96092391486714,401.05393513686846,391.0020648631316
ETH,2017-12-01,420.79,457.83,413.74,446.72,21962.68032,444.7105,444.25419999999997,447.74514999999997,61.21847073719327,0.6464247426321208,0.32139928745585666,1.4779551388481185,37.75873382317936,447.43443447056484,441.9865655294352
ETH,2017-12-02,464.11,471.91,445.7,453.62,17432.80935,454.19300000000004,455.3208,458.12839999999994,44.71212246107225,-0.5542728168646818,-0.6141437479066107,1.2874382740735268,27.962216851728705,457.7021828108562,450.6838171891439
ETH,2017-12-03,458.89,485.9,453.54,477.3,12904.6539,477.5785000000001,476.6534,475.9591,49.91509884399301,0.2632915489691072,0.3424328660729493,0.5794270691586997,59.21083321128776,478.111426824281,477.04557317571914
ETH,2017-12-04,460.41,470.98,445.0,457.0,13721.17317,456.78249999999997,457.5926,456.72285000000005,50.40233990221705,-0.42400434318307134,-0.5497045386031342,1.8243045505496454,24.206029896808495,459.6217948068145,453.94320519318546
ETH,2017-12-05,464.56,468.0,450.02,456.33,14961.1322,456.93600000000004,456.59939999999995,456.74885,46.18776203150033,-0.09634624939258174,-0.008896489989126184,0.853194717535427,16.32076449070915,458.1875654197811,455.684434580219
ETH,2017-12-06,453.28,453.91,421.0,431.0,22042.01655,435.38599999999997,437.88519999999994,438.2871,28.309486560765897,-1.2516356544642804,-1.0137797183287693,1.7248228894853515,65.55564120400841,438.0253665906711,432.7466334093288
ETH,2017-12-07,417.91,427.61,391.0,399.88,22972.72733,403.85900000000004,409.05439999999993,407.8374,36.058687741143224,-2.6492488673323464,-2.2629247687979914,2.528361314472307,20.748023036616683,410.5048104095699,397.21318959043015
ETH,2017-12-08,400.0,454.2,390.0,435.41,27400.32405,432.854,432.1742,438.78855,57.89760630139331,0.7654973234705267,0.31074803594755124,3.409861137709519,23.529633453008113,436.5728998373119,429.13510016268805
ETH,2017-12-09,452.85,487.0,452.0,467.99,20515.56009,463.23400000000004,462.9472,464.71899999999994,72.88231193102995,1.4530892243696485,0.7227751825939056,1.3022695591513045,27.489189015501232,468.51728079889494,457.95071920110513
ETH,2017-12-10,439.0,446.0,403.2,443.84,20587.78661,441.35150000000004,439.95259999999996,437.61084999999997,57.04955021799113,0.5884910769615317,0.5444480423759739,3.072030632474805,27.174964770089115,445.8242900688409,436.87870993115916
ETH,2017-12-11,444.56,470.0,442.83,465.0,16826.82857,463.15200000000004,462.85659999999996,462.25849999999997,64.5553993050414,0.6217970870692966,0.36222044365358536,0.8095191536382378,16.48962125815431,465.57081458569616,460.73318541430393
ETH,2017-12-12,504.36,639.27,495.04,610.0,34514.77828,622.3255,605.2462,569.0785500000001,44.7196414495405,2.7667496747803852,5.123148776976533,6.852022966452688,29.452712157915546,638.6454368565045,606.0055631434956
ETH,2017-12-13,590.42,705.69,539.93,686.05,34335.17082,687.121,687.2324000000001,663.5095,50.24512866757411,-0.9269011719852642,-1.0109718478698384,4.554029497649188,18.036782398202636,699.000387021222,675.241612978778
ETH,2017-12-14,713.32,747.6,630.5,662.62,44062.09987,646.1205,644.39,663.95785,81.94033355914537,4.472665444456766,2.3450834379747487,3.8709379847140726,46.4326707691152,661.2505792793457,630.9904207206542
ETH,2017-12-15,626.66,689.0,594.6,686.2,25835.82245,685.0405,679.2675999999999,666.6572500000001,56.672598921706445,1.1602322698053058,1.4737662148802735,2.9896271374812846,33.53866028704968,690.0415577880668,680.0394422119331
ETH,2017-12-16,705.0,711.59,670.0,680.65,15187.90637,680.7045,681.2828,685.9255,47.09632236839765,0.13636770500136208,0.07854048011425337,1.416923793574171,25.27360372087646,683.1417646553298,678.2672353446703
ETH,2017-12-17,699.99,720.0,697.31,702.03,18930.0834,700.9175,702.2667999999999,704.1250500000001,52.03397528517717,-0.05253050397811876,-0.43549247582090644,2.037089099460701,29.46214704891183,703.8323370451911,698.0026629548089
ETH,2017-12-18,691.2,748.01,680.12,732.21,25392.80692,731.739,729.1086,721.8322000000001,54.29484236059928,0.4863563437556877,0.6984701532515271,2.9751985130930976,16.316609436922352,734.4757272425494,729.0022727574507
ETH,2017-12-19,796.0,864.9,729.01,781.0,49979.44925,772.514,770.5773999999999,794.4019000000001,56.641810089932804,5.050793598511291,3.745652192118505,6.463361520269667,30.9677284475988,798.0529650534087,746.9750349465913
ETH,2017-12-20,756.02,828.0,735.0,805.1,33112.22853,806.623,802.0408,806.7925,51.07146993197505,1.4006440497843187,2.0582195142484885,3.6439248870234695,28.13357052523031,813.3978006612887,799.8481993387114
ETH,2017-12-21,805.02,845.99,721.67,756.8,49322.24126,753.891,760.5438,803.0435500000001,52.995639256127895,-5.515655952700172,-6.0589944667815185,10.23448066415637,19.500033220552496,783.2638976439131,724.5181023560868
ETH,2017-12-22,726.06,749.0,504.99,612.0,105282.90848,612.9215,584.2822,592.1047,58.84633022261417,7.0958751948300005,9.602113982167765,7.4469010016399,28.28460550830187,625.1207135402628,600.7222864597372
ETH,2017-12-23,678.1,714.99,627.97,693.11,46599.05028,699.1795,706.3434,697.7723000000001,37.661932208235754,-4.156981858936319,-3.83342601472865,4.135731881759224,52.36850047854836,710.6438124085416,687.7151875914583
ETH,2017-12-24,611.0,667.64,563.49,602.96,59264.84761,607.431,617.5814,607.2683499999999,33.528547422375034,-3.3273989873040364,-3.3527105319210344,3.9077191772480844,24.664509492906387,613.1858341418721,601.676165858128
ETH,2017-12-25,686.0,744.0,662.16,707.23,48637.60226,703.0735,697.2552000000001,711.2342,62.85260905579895,2.140988192087434,1.7892700660270673,2.647729559785295,33.87982107193635,708.6372119802955,697.5097880197044
ETH,2017-12-26,725.0,750.0,718.1,735.0,39610.76421,735.6700000000001,735.4370000000001,736.6145999999999,48.84883500238846,-0.26871293084968784,-0.25295047712459684,2.1335572107434664,14.673259320289239,738.9477614312133,732.3922385687869
ETH,2017-12-27,751.72,766.05,720.02,733.98,28469.438009999998,734.9100000000001,732.1246000000001,747.5874500000001,49.646552318965384,0.6942200645543153,0.8876175173765597,3.0605570672603433,23.825320088125995,739.2217884920486,730.5982115079515
ETH,2017-12-28,726.99,729.33,645.88,702.04,52327.86147,705.3485,704.6374000000001,689.6326000000001,42.5776184747988,-0.6913925222370381,0.06663971978640318,2.4147917964119245,26.995644085635053,710.4996213342158,700.1973786657841
ETH,2017-12-29,726.25,747.91,705.07,746.0,38990.50947,741.9240000000001,740.6573999999999,731.3268499999999,71.1892016488723,1.0925054978945354,0.7862997318993316,1.9157703530713763,23.34239207477505,745.4827885579571,738.3652114420431
ETH,2017-12-30,689.04,711.0,635.82,677.0,57395.45452,682.205,680.6928,672.6053999999999,37.752863533910485,-0.9280858540965937,0.10098836823965421,2.658327384754165,26.304689555526107,688.5846692704068,675.8253307295932
ETH,2017-12-31,702.83,730.03,680.0,717.53,36096.53378,714.953,719.6946,719.2881,54.43886887681968,-0.6645536026073842,-1.2950137101369867,1.6201453009943407,33.16770017149866,717.3296371199795,712.5763628800205
ETH,2018-01-01,721.99,763.55,718.06,749.17,32513.33344,749.8565,745.4946000000001,739.54135,53.006217680135094,1.5443945175144336,2.0146702227056625,1.6408171482701195,47.302255976433315,753.9331911827737,745.7798088172262
ETH,2018-01-02,892.39,899.5,817.0,859.0,60743.98447,861.024,860.6934000000001,852.92495,41.745642724984435,-0.8828470363174574,-0.43967782763857777,2.0124589208970747,27.3467881295217,864.7381696245479,857.3098303754521
ETH,2018-01-03,865.06,879.53,810.0,870.0,50530.7583,872.8059999999999,871.3326,864.6917,36.464644849318404,-0.29811066024842603,0.228326685718516,1.875490258291651,31.91819661295229,875.488203571702,870.1237964282979
ETH,2018-01-04,925.0,1009.72,890.01,989.4,69213.22008,991.6115,992.8367999999999,991.6256,39.00922767285346,-0.8411096437605465,-0.6487374934077715,3.2240233017767403,41.5992540021252,995.3798538847294,987.8431461152705
ETH,2018-01-05,980.7,1045.0,960.0,978.78,58951.65094,977.74,979.2206,984.05805,52.710781584799804,-0.44205614137490556,-0.5414878979667954,2.286194839279654,37.719972992849904,980.4571602823588,975.0228397176412
ETH,2018-01-06,954.1,1007.0,952.0,1006.71,44196.6807,1003.8715,997.94,993.3678499999999,61.43446349018251,1.7948007243769553,2.0818265703273644,3.111093688173506,12.8305374705361,1006.9000592284463,1000.8429407715537
ETH,2018-01-07,1014.61,1095.9,1013.0,1087.12,36791.50244,1084.4964999999997,1083.1778,1079.9956,64.23284464009477,1.055145782436739,0.7447976485630964,1.7476205727549552,18.69363475440977,1087.2899156512456,1081.703084348754
ETH,2018-01-08,1163.0,1239.18,910.0,1057.97,102730.8937,1058.6815,1010.2544,1073.4853,56.02889576097131,15.024512990423318,18.404270097678854,15.094437221782357,30.804277749360082,1090.12236911971,1027.24063088029
ETH,2018-01-09,1168.5,1260.0,1132.57,1205.33,68292.83203,1208.144,1205.3332,1187.27805,48.01417620973451,0.5472413826555567,1.3135059352370306,4.89089067731824,12.571122260304561,1213.4069208620049,1202.8810791379951
ETH,2018-01-10,1291.79,1440.0,1230.0,1356.51,109577.72011,1351.837,1337.5282,1331.68875,61.90198323132662,3.690477407852086,4.551144383692208,7.537394586239169,25.747418906746624,1358.2750217456605,1345.3989782543395
ETH,2018-01-11,1305.97,1306.0,1021.0,1227.1,144588.77315,1237.35,1230.9926,1211.14715,41.11199323455331,-1.1603055837813372,0.6114632983789077,5.598548187686405,12.975785669984905,1248.2984720395684,1226.4015279604314
ETH,2018-01-12,1173.0,1288.5,1158.0,1230.4,53902.77848,1241.2125,1251.4478,1257.5642,27.81219804845935,-5.900457548755639,-5.277951005116611,3.3489697678566723,47.113172058604896,1255.816751264577,1226.608248735423
ETH,2018-01-13,1284.26,1368.89,1252.0,1347.5,40682.04425,1348.3875,1346.3663999999999,1352.43535,49.96122351226473,0.5745535878666033,0.8427920759609673,3.650418825963987,9.7565647722879,1351.701186014129,1345.073813985871
ETH,2018-01-14,1374.99,1378.8,1220.89,1244.98,63931.71107,1239.91,1263.9192,1282.0818000000002,49.28284652655839,-8.042665284380291,-10.667755159049902,8.616754017901942,46.10088121696472,1263.3440939658688,1216.4759060341314
ETH,2018-01-15,1308.97,1345.0,1260.02,1319.5,43999.18434,1317.7175,1307.9741999999999,1300.3569,57.15543318726595,3.303641304158191,3.8670982481638188,3.817091502045718,34.23219916741764,1324.781532488591,1310.653467511409
ETH,2018-01-16,1205.53,1262.11,947.0,1087.84,160822.02507,1085.343,1080.375,1077.55125,54.349783778009595,2.0507489252217965,1.7620451124983658,6.265629427973225,10.175222197436154,1091.4176756289535,1079.2683243710467
ETH,2018-01-17,991.31,991.36,755.0,778.99,205804.21221,769.1795,777.2334,827.5714999999999,54.44199842293225,-1.703226644766005,-3.620968781021846,9.37115408074633,16.59463824157813,783.3898673070188,754.9691326929811
ETH,2018-01-18,1040.12,1074.0,924.21,1062.77,161376.63641,1054.6665,1057.6860000000001,1042.1487,57.33832627914123,0.935911262721902,-0.4480093249610637,5.458414266991665,24.249746026278096,1064.6391491466202,1044.69385085338
ETH,2018-01-19,1012.98,1079.0,941.0,1042.99,111564.08744,1047.3595,1040.4986,1058.26415,46.62986190131529,0.02584949599668107,1.0619798835763479,3.8102382219548443,14.752640161998201,1054.0469104853662,1040.6720895146339
ETH,2018-01-20,1055.5,1141.34,1050.61,1127.9,83726.2822,1127.9615,1130.181,1124.1126,47.632011259103734,-0.5239442155832421,-0.7343671903082731,2.856828015141875,20.682553756424852,1132.208382503584,1123.7146174964157
ETH,2018-01-21,1132.18,1135.0,1016.0,1056.5,101841.27337,1073.8905,1076.8264,1092.7131,22.353498673522562,-5.436535171794276,-3.361244147288046,4.788540973828808,36.638862746914256,1091.887885893488,1055.893114106512
ETH,2018-01-22,1029.27,1090.15,951.1,967.24,97860.24177,973.1610000000001,974.9794,993.8224,43.78399916781016,-1.497208086427463,-1.1552520240193702,6.4724111337401276,17.415586356569886,979.8181702695468,966.5038297304533
ETH,2018-01-23,983.9,1012.16,909.0,963.57,82354.76111,970.1625,963.9914,944.9940000000001,43.04078986205528,1.4865251810012978,2.761539264375759,4.688196730656239,20.76208019048779,977.8114917636093,962.5135082363907
ETH,2018-01-24,963.99,1074.0,960.0,1026.88,86187.52136,1030.9985000000001,1035.9704,1036.2289,39.31742823514106,-2.245967322196293,-1.9547971979002614,4.212874701917032,20.927769460392096,1036.5152065355524,1025.481793464448
ETH,2018-01-25,1074.2,1115.0,1035.0,1042.01,79677.97166,1046.7234999999998,1049.7944,1051.37925,35.13881340753542,-1.9502390535265022,-1.7953009495993537,2.6725040886519005,30.65380908986893,1051.4961356449369,1041.9508643550628
ETH,2018-01-26,1077.0,1082.0,986.0,1053.52,100311.61906,1053.3584999999998,1047.9912,1032.053,53.00922861227507,1.9274411292813056,2.2225751078667457,3.1788711329787587,19.324883613057136,1059.3587309122158,1047.3582690877838
ETH,2018-01-27,1046.8,1085.0,1042.0,1083.37,47119.89795,1081.139,1076.768,1072.75595,71.94687661842306,2.1177490351349206,2.1044153691478416,1.3676768984610472,59.70876792511516,1086.201497012341,1076.0765029876588
ETH,2018-01-28,1122.55,1277.0,1118.31,1231.79,105825.22761,1228.224,1229.7233999999999,1234.23015,55.949190545469065,0.28931593546008116,-0.4140103627617848,2.49824633150802,23.50610937244345,1232.7772291840633,1223.6707708159365
ETH,2018-01-29,1207.9,1240.0,1170.0,1193.0,64860.20735,1196.7855,1200.3952,1193.47605,26.227043036406283,-1.9716676062148508,-1.632886905372481,1.864657658387563,36.39436865285577,1200.9839972311806,1192.5870027688193
ETH,2018-01-30,1145.36,1186.85,1102.0,1103.0,61468.00372,1115.268,1128.1981999999998,1145.2878,24.573520698523136,-6.600891761911953,-5.652623916726192,5.508795121233497,48.50533141175607,1127.5575396170773,1102.9784603829228
ETH,2018-01-31,1062.0,1135.0,1051.91,1112.43,55336.92933,1108.0955,1103.0348000000001,1113.24215,60.86467716148932,2.761890859236928,2.4381550367896203,3.2594500879173607,19.92664354027249,1116.3301401864576,1099.8608598135422
ETH,2018-02-01,1144.3,1164.99,1090.5,1098.65,94770.6334,1101.7365,1108.8356,1127.18685,36.458734289009676,-2.829649627769413,-3.0522726182707287,3.276942294133457,25.46474482280584,1106.9972652484043,1096.4757347515956
ETH,2018-02-02,978.0,1008.01,783.67,949.0,248956.17734,939.4024999999999,930.8357999999998,911.0927500000001,61.27363483703288,6.877016887272362,5.9320923947114315,6.727571402661375,29.165497071148394,960.6535233871381,918.1514766128618
ETH,2018-02-03,904.8,998.0,851.0,972.63,106521.86788,973.2085,984.2184000000001,975.9881,45.881694056496784,-4.207699389687377,-4.856419165138695,6.475582887830041,26.423466474087423,985.4490919382931,960.9679080617068
ETH,2018-02-04,954.0,972.0,856.0,860.0,84267.66299,867.9095000000001,877.0558,882.5499000000001,34.33621751955749,-4.164191570700154,-4.001465422433937,4.827205234515221,24.49699493953626,875.9053626175275,859.9136373824726
ETH,2018-02-05,817.0,862.47,707.0,737.99,136586.11797,718.8875,721.2531999999999,752.4870000000001,67.28724433421569,2.7899718069627397,-0.027373344489423745,7.071838183955938,18.762950887600642,734.5141181561806,703.2608818438194
ETH,2018-02-06,643.73,760.09,570.1,744.21,417988.81101,747.1955,730.2621999999999,698.7470500000001,53.297206123169374,5.044229419809653,6.961575572732842,6.763487421959718,32.40215766140914,760.4573557901689,733.9336442098312
ETH,2018-02-07,776.0,847.21,714.18,808.0,214291.63291,815.2665,821.4614,825.5812,35.11595314820082,-3.4531070095868017,-2.803773198479964,3.6578967386470826,26.76568718917132,822.7714670885258,807.7615329114741
ETH,2018-02-09,829.39,882.2,829.29,863.49,66892.57401,862.9465,857.7386,862.3789,54.49875426607744,1.8310638851154408,2.2148693628212754,2.202539355810789,29.56733345324388,869.5659660660627,856.3270339339373
ETH,2018-02-10,882.96,911.2,825.0,826.03,120965.94594,835.0355,843.9558000000001,865.9665999999999,31.872888283965683,-4.4133804357214785,-4.16581549494874,4.602588376912339,40.49590483911902,843.4271112278868,826.6438887721131
ETH,2018-02-11,820.07,857.0,768.28,855.01,125987.51245,850.108,846.5287999999999,839.54325,75.07319513272397,1.8144913009804213,1.3652475436929299,1.9200667817573491,19.37534511721381,854.1805844374156,846.0354155625843
ETH,2018-02-12,834.91,874.0,830.0,848.96,89072.24094,849.0205,847.2078,855.7384999999999,52.434137226666145,0.2552405488761451,0.42088153221959734,1.4716941582971328,13.548799448581912,850.3089017229973,847.7320982770026
ETH,2018-02-13,849.0,862.66,820.0,837.07,70686.45747,838.7385,842.5706,843.5642,42.04883878332229,-1.8224957118612792,-1.7736666563162904,2.066060699872405,16.388748992933177,843.7214680914008,833.7555319085993
ETH,2018-02-14,849.97,899.99,846.0,894.53,82453.43613,894.6240000000001,889.9656,888.48795,54.801980372545785,1.4282040155051163,1.8983660997748666,2.013680563507842,26.623662072668473,898.6158987962626,890.6321012037376
ETH,2018-02-15,911.78,946.66,895.59,933.5,94309.13048,935.1165000000001,935.0316,925.5469,42.9282201311517,0.647475098152313,0.7230773819648099,1.6535986809705592,16.990853740995263,938.9410589288132,931.291941071187
ETH,2018-02-16,945.0,948.48,901.36,934.11,69978.9211,934.8805,933.58,927.68905,47.92640608890599,0.2746982767687314,0.5883348695709475,1.7215739845917704,17.51931127721166,937.3790233638719,932.3819766361281
ETH,2018-02-17,949.32,974.0,945.5,960.21,72793.29896,961.6940000000001,963.0734,965.1722,42.2340301843712,-0.6460987739632174,-0.6208702105423041,1.6777481509056664,19.19138963505032,963.9167316527565,959.4712683472436
ETH,2018-02-18,974.18,978.5,897.0,942.66,109431.74884,944.1854999999999,943.6058,937.2107000000001,43.71109260630844,-0.4862049984337773,-0.1700953385498573,1.5480360260591142,13.157248514008502,947.3473442403304,941.0236557596695
ETH,2018-02-19,921.32,953.94,912.21,951.99,44839.33227,952.18,949.0928,945.63985,54.63967332719337,0.4683524860520265,0.7872419372685475,1.7392871303512414,22.96699831992256,954.1013849171537,950.2586150828462
ETH,2018-02-20,948.48,961.0,927.1,936.5,54103.34419,936.0174999999999,936.6633999999999,939.43045,52.30580294195627,0.05119209216547915,-0.1493863603126628,1.237066895739983,16.921580112781676,936.98562964007,935.0493703599299
ETH,2018-02-21,885.4,901.63,837.0,838.0,83965.48805,840.9680000000001,848.9052,869.0189,31.833513626354648,-2.90436984640246,-3.134633923449468,2.9392077461879427,24.133299030661814,846.4818792151884,835.4541207848117
ETH,2018-02-22,857.72,871.96,788.66,814.0,89644.18033,810.079,804.7364,802.9741500000001,65.78099220755905,2.6053337108286314,2.4647428979754,2.3931431136056305,25.63194205526389,816.8830161669581,803.2749838330418
ETH,2018-02-23,801.49,885.0,800.0,864.99,95124.96986,867.8619999999999,869.8104,871.5564999999999,34.35753409581703,-1.622285712162693,-1.5651520475799265,1.9503591653320564,31.269135386908836,873.0248852398572,862.6991147601425
ETH,2018-02-24,870.0,875.0,819.19,830.78,56142.06804,831.833,833.3566000000001,832.1884,44.57900408944471,-1.012412872164873,-0.8125956623915573,1.741903012864844,23.14750324923799,835.3935454637929,828.2724545362071
ETH,2018-02-25,838.95,849.5,813.18,817.41,35645.32371,817.034,818.592,824.8732500000001,48.144653391834446,-0.3471702435314228,-0.5935346684388104,1.8311561126920088,23.279105654492543,818.9025117072524,815.1654882927476
ETH,2018-02-26,851.42,882.0,833.0,873.98,47726.72937,873.0640000000001,873.2086,870.5515,53.33768955769723,0.26492523827675996,-0.0072569962192515075,1.3928008325063872,21.416265312527525,875.7273918224372,870.400608177563
ETH,2018-02-27,862.25,897.49,861.1,870.37,42129.10047,868.55,873.328,880.6266499999999,51.41696096750987,-0.800563710634151,-1.433420217541256,1.7427981298847435,29.36412508880535,871.5710461763924,865.5289538236075
ETH,2018-02-28,885.28,891.0,854.71,870.16,36443.58984,872.6975,871.682,866.2075500000001,38.69188930293688,-0.1627646497290698,0.2283373952202005,1.3090181308212798,21.56918631862801,875.1298311862877,870.2651688137123
ETH,2018-03-01,858.51,874.62,850.35,863.51,24427.01878,864.7609999999999,865.779,867.8707,40.697511734843765,-0.1091719460123386,-0.24409134402677957,0.9479770836830353,21.585699366729767,866.2139679969134,863.3080320030863
ETH,2018-03-02,874.98,875.97,850.0,854.21,24486.81548,853.992,853.2072000000001,858.5684999999999,55.59897062697145,0.2563110363267924,0.2871741217030179,1.0095354674016208,14.037434865788896,855.1332729735742,852.8507270264257
ETH,2018-03-03,867.98,870.78,857.13,859.23,20141.85941,861.0385,861.7826,864.7315999999998,35.745040628362624,-0.6305014801093876,-0.47768415097117767,1.0371822173447696,19.89699637749548,862.9954698515863,859.0815301484137
ETH,2018-03-04,855.2,859.66,836.24,855.0,18289.23754,855.0485000000001,853.9313999999999,853.67345,52.47734110054539,0.2880799765271149,0.36158575991030617,1.1300321051699862,26.534881772812117,855.911385276305,854.1856147236952
ETH,2018-03-05,866.55,871.75,858.01,859.36,17891.80555,859.6555000000001,861.6176,865.7182,41.63907541279679,-0.7764941711071742,-0.8861371979150819,0.849162393256305,30.038811536215,861.6192156108167,857.6917843891835
ETH,2018-03-06,843.92,853.18,819.0,829.46,23578.38611,830.6,829.4752000000001,826.7921999999999,44.57099188466863,0.19428278558689271,0.4915590794861654,1.0974364692610337,17.93501131516438,832.6391076479836,828.5608923520165
ETH,2018-03-07,821.39,823.49,775.0,783.97,35748.82858,785.8875,787.0522,788.2746,41.1323782982455,-0.8187318322367219,-0.5550456472192435,1.994014301942271,38.57780176235015,788.4836808488982,783.2913191511019
ETH,2018-03-08,740.6,772.07,730.0,746.9,34454.89658,748.1764999999999,745.2653999999999,743.49035,47.36470922452234,0.602886391791003,0.9844111473930055,1.1142554687305648,24.30774191284058,750.0044526799173,746.3485473200825
ETH,2018-03-09,672.74,711.0,640.0,691.96,68285.90165,693.031,699.7364,693.6847,38.23032973853218,-2.0091668257986157,-2.3661981490536927,1.8945033139266392,43.42842640689274,696.4820688199922,689.5799311800077
ETH,2018-03-10,737.71,742.99,716.0,732.11,29557.33751,734.426,735.3414,729.2386,37.47164303980908,-1.2143970261062123,-0.9154055162645847,1.2949074463918517,23.369523046005927,739.0909390135337,729.7610609864664
ETH,2018-03-11,672.99,721.51,670.6,704.05,38433.9812,709.943,710.5404000000001,712.0615999999999,23.534299994499843,-0.9652434287631877,-0.44085326056895013,1.6167813661958303,28.627053838649505,713.5093824809029,706.3766175190971
ETH,2018-03-12,723.59,740.5,693.1,699.5,34218.54051,700.3925,699.3920000000002,719.5789500000001,46.6133829147129,0.21431114434244591,0.22164191421609725,1.655493817610092,14.419258533420852,701.9644398843554,698.8205601156446
ETH,2018-03-13,695.67,713.76,681.0,685.93,34233.91379,684.1535,685.6912,688.7229000000001,55.58125648525236,-0.23752155579984446,-0.6953552557942403,1.9673729000907978,16.835683729820637,687.1402793691808,681.1667206308192
ETH,2018-03-14,702.31,703.47,648.22,654.36,37803.9961,653.823,656.178,655.95205,48.76644681350691,-0.636148992643939,-0.9789828834065087,1.7538109046613155,31.550264506843575,657.1647067495808,650.4812932504192
ETH,2018-03-15,586.46,621.12,570.0,592.05,63359.26645,592.83,600.8266,609.19215,38.844396723529364,-2.7162844463838383,-3.10519387978343,2.1973970103858713,67.05777206065586,597.0756471827174,588.5843528172827
ETH,2018-03-16,594.13,618.88,593.59,618.55,36261.3293,617.0405,616.6036,611.1745999999999,65.75031640252145,0.39735125202730615,0.2504154068730715,0.9935834217781249,12.234217095361984,618.5500625193802,615.5309374806197
ETH,2018-03-17,594.0,609.26,574.28,577.8,27835.66001,576.5725,578.3919999999999,584.2006,53.919099395993555,-0.2546470926976099,-0.6970221219010647,1.1292951442474737,34.97130113213759,579.0960679107563,574.0489320892436
ETH,2018-03-18,521.73,525.0,455.0,465.94,110185.68751,470.5365,472.74100000000004,483.61715,36.608892091681746,-1.4119942866678343,-1.143147901617315,2.5336381265325167,19.40768438840626,477.6821427981862,463.3908572018138
ETH,2018-03-19,528.03,557.0,515.8,550.0,90224.69879,545.3340000000001,546.1656,539.8832,68.34869978620353,0.49874099217879575,-0.1789949118201032,1.376050072541849,22.99382821040406,548.9338355518153,541.7341644481849
ETH,2018-03-20,548.19,556.45,515.0,537.87,68116.8834,537.143,535.4534,534.5311,58.28438816678793,0.45842324612783614,0.6860941872065587,1.28789826187114,20.444418182668443,540.0048672226151,534.281132777385
ETH,2018-03-21,563.0,590.52,557.99,581.95,63134.79927,582.2275000000001,579.0598,575.7924499999999,56.465041696351776,0.5652927539001666,0.8892727099519762,1.2445909496311296,22.809852388692523,584.4866668818256,579.9683331181745
ETH,2018-03-22,574.1,578.6,516.0,530.15,73673.13369,526.8145,523.6324000000001,531.91215,70.2556164414656,1.8430275618010228,1.550450508038359,1.312838969623342,41.55664569257018,531.4649342808124,522.1640657191875
ETH,2018-03-23,522.5,532.98,506.71,526.54,70314.462,527.637,528.0803999999999,518.68695,42.17782337353967,-0.15589098777707022,-0.08908432330299848,1.27468189916587,16.80957589116831,529.1352136029794,526.1387863970205
ETH,2018-03-24,538.32,545.0,524.13,537.2,48461.80903,539.0955,539.7977999999999,536.8667499999999,34.17198321935806,-0.5852752210709014,-0.3587874116219485,0.7895803919793281,20.377722544293782,541.2464948860863,536.9445051139137
ETH,2018-03-25,518.77,526.93,512.0,517.61,36857.60465,518.106,519.7158000000001,520.1403,44.41394053470551,-0.7604459931311567,-0.723322819587963,1.1078745699234631,28.355939717411424,519.9444928610168,516.2675071389832
ETH,2018-03-26,520.1,524.66,474.96,480.45,76037.10731,484.17999999999995,486.1404,487.08615,26.016571276216872,-1.4218396655272727,-1.137203240840132,1.323974608533648,37.15720832123895,487.83123540741417,480.52876459258573
ETH,2018-03-27,487.11,487.7,446.0,461.59,91211.21925,461.95050000000003,462.2238,457.13275,49.36791297835061,-0.2263721552733955,-0.06673782395626127,1.568982469577154,14.251472199480164,464.2860725207871,459.61492747921295
ETH,2018-03-28,443.39,466.0,440.14,450.45,54485.35827,451.241,455.085,457.97549999999995,37.52774808405063,-0.9374308109715344,-1.0272572291502082,1.172750450106933,35.58439842439047,453.55906729840956,448.9229327015904
ETH,2018-03-29,448.25,449.43,396.11,398.82,107551.92672,399.2845,402.0636,406.7122,44.11125927327025,-1.2005762098830814,-1.3171590013387093,1.3705809947440284,40.75830435370952,402.38145640915195,396.187543590848
ETH,2018-03-30,367.47,412.04,366.0,383.23,169832.71146,385.34749999999997,386.6092,389.6741,31.67990799787324,-0.9320901964370023,-0.8209908212470942,1.3027798030613937,33.540544072375106,388.37932370860744,382.3156762913925
ETH,2018-03-31,404.24,419.4,388.52,400.18,108925.94168,398.1495,398.903,402.33770000000004,65.24857516732853,-0.05963122958820577,-0.3191776354979832,0.9829403877424948,23.452977609345425,399.3479068590994,396.9510931409006
ETH,2018-04-01,396.0,398.7,356.9,360.87,74756.59306,360.3645,363.0218,371.19355,48.503185065190934,-0.7167293907272665,-1.0349546760556714,1.4253838602685938,17.60585902998985,362.69398470700634,358.0350152929937
ETH,2018-04-02,383.96,394.87,376.53,384.01,66360.45681,383.02200000000005,386.13919999999996,388.72735,50.61028785604252,-0.8972766545241484,-1.2121943862507594,1.028712380975461,36.94172710002451,385.19423019038396,380.84976980961613
ETH,2018-04-03,381.71,406.49,380.13,401.28,79129.91265,400.329,401.00660000000005,401.49454999999995,56.5241170172167,0.05334395143245274,-0.1437972939540162,0.789134740847171,19.973343148905983,401.6104039175789,399.04759608242114
ETH,2018-04-04,413.62,414.0,372.12,373.92,88253.97442,374.968,378.3678,383.01814999999993,38.45218528182375,-0.8673824048549363,-0.9973198123664566,1.3384292145939798,47.05846677109531,376.8349183164169,373.1010816835831
ETH,2018-04-05,370.84,387.03,365.61,383.75,77000.52363,384.4295,383.6246,378.316,49.2751332498895,-0.13308427885243646,0.1695030490491951,1.1170209028922498,20.359586774957574,386.32768307859965,382.5313169214004
ETH,2018-04-06,381.32,382.3,362.54,368.04,52933.6794,368.39,368.0478,367.52185,45.963404733147826,0.11139685889764905,0.19144795951956395,0.560587760493299,15.82990902465397,369.11872491386765,367.6612750861323
ETH,2018-04-07,377.45,385.27,375.5,381.22,34922.66494,381.091,380.44379999999995,381.6404,53.16086209539058,0.2188568979626666,0.2605612769025013,0.6282265482790362,22.87450555017762,382.1833534226493,379.9986465773507
ETH,2018-04-08,385.05,404.05,384.09,399.97,32255.73599,400.228,400.7798,400.06775,39.48278995524563,-0.25210106354728623,-0.253831634152557,0.3419432336992602,27.251373278334707,400.7561136241192,399.6998863758808
ETH,2018-04-09,409.68,431.99,387.1,392.51,110281.58805,391.043,391.07980000000003,394.7237,65.30380641421576,0.18283131608694703,-0.008567483671723844,0.8690917560572714,23.898755364340634,392.11211365165013,389.9738863483499
ETH,2018-04-10,396.79,404.07,391.4,399.19,40650.76565,398.94100000000003,399.2786,397.7133,51.28136620115622,-0.07200208334631952,-0.10546148368078662,0.5402959961532618,24.322222638840177,399.64062561418024,398.2413743858198
ETH,2018-04-11,415.28,425.0,410.38,423.87,48621.31,422.832,422.17879999999997,418.04130000000004,63.78966299259205,0.5553773542935687,0.4554060894069506,0.6464427239786783,26.10047943776361,424.57456821958255,421.08943178041744
ETH,2018-04-12,432.48,476.73,412.88,467.77,154278.1528,468.1345,466.4608,462.5685000000001,50.76014663880234,0.1731851149569934,0.35741226252261094,1.5535984959371356,17.705191266957062,470.354143890383,465.914856109617
ETH,2018-04-13,489.7,530.0,480.22,513.99,152576.57648,512.5020000000001,515.0842,519.78815,51.919955956837434,-0.5487672170636415,-1.027116508196039,2.087016850503252,18.021898791585638,515.8589366988283,509.14506330117183
ETH,2018-04-14,497.02,515.0,485.58,491.3,80512.15186,491.43550000000005,492.5022,492.2715,45.38759465059329,-0.23605963568002153,-0.3008404767155776,0.7696709690928016,23.148843288528056,492.7537029434138,490.11729705658627
ETH,2018-04-15,509.89,529.9,507.68,527.0,67744.57694,528.1915,528.3548000000001,525.3232999999999,38.59710098986742,-0.37466463154441954,-0.22524207021512077,0.7334683086365842,26.427762633724978,529.8015220495786,526.5814779504215
ETH,2018-04-16,532.1,533.99,497.31,503.74,91902.49563,501.76149999999996,501.68520000000007,505.24325,68.51675731447807,0.46165453517789956,0.2594589717291858,0.7674207037785069,22.748928771475228,503.51293683873286,500.01006316126706
ETH,2018-04-17,510.07,521.2,503.73,516.72,51971.74539,516.6854999999999,515.964,516.6704,52.529007828475386,0.21579524528908678,0.22324851150457944,0.8055999002841998,17.0507096274717,517.3326004559076,516.0383995440923
ETH,2018-04-18,506.85,518.0,504.08,514.47,36899.41677,515.211,515.3264,516.1508,42.327428699526784,-0.1618409430261636,-0.10512350264607795,0.6230814165380488,22.906504024666678,515.9138200338443,514.5081799661557
ETH,2018-04-19,525.99,548.04,525.39,544.72,63033.82907,544.8235000000001,544.8224,540.81525,50.627615977814045,0.053389562521260814,0.09278197930468578,1.1178120893286567,14.013818185140673,546.3746966348132,543.272303365187
ETH,2018-04-20,578.3,596.53,556.5,587.51,95482.79212,587.1634999999999,586.0918,588.98375,55.585896379358644,0.3455497038822841,0.3626186858414188,0.8979447290671305,11.915291832954221,588.380320036049,585.9466799639507
ETH,2018-04-21,605.13,624.5,570.23,596.29,112811.11438,596.2175,595.2384,589.7342,56.23995526921966,0.1920620995894069,0.2670199658462691,0.8911885797937793,17.718415920060085,598.0555410768447,594.3794589231552
ETH,2018-04-22,593.94,636.0,593.25,633.4,65966.3147,632.5255,630.4382,626.2105,56.75086962267538,0.9182940920667306,0.9802628817064021,1.1871744445185346,25.121640273046626,635.0963945914249,629.954605408575
ETH,2018-04-23,630.5,649.11,626.68,641.67,47055.26726,643.5785,645.3358,642.49415,33.08083454498947,-0.8714545148844763,-0.6713554601698385,1.2429922044603496,37.42316493761333,645.4847767375305,641.6722232624694
ETH,2018-04-24,663.54,712.99,660.0,698.98,97843.11142,696.1495,695.0084000000002,696.6451000000001,63.57488426899107,1.041691488810784,0.6450550763001115,1.4039543013032665,19.59198879499408,700.4823303682228,691.8166696317771
ETH,2018-04-25,686.97,703.3,596.51,600.07,215915.08854,602.5264999999999,608.8852,621.70135,42.17397120819833,-2.8115544082196493,-2.781753262575633,3.6245679657373278,23.742478899775694,608.4970653836733,596.5559346163266
ETH,2018-04-26,614.0,639.99,611.79,629.91,86400.43182,629.3915,631.756,633.5082,49.090029885020684,-1.1559249738510289,-1.2001862758411745,1.627850845478067,30.97078147518296,632.2442830271369,626.538716972863
ETH,2018-04-27,661.01,686.82,635.73,673.3,72780.54445,674.1075,673.1862000000001,678.0958,46.87228312788477,0.07485361426859072,0.3064522818097838,1.3911254381026938,12.254505713207424,675.7619228601321,672.4530771398678
ETH,2018-04-28,657.5,694.9,656.0,685.3,67960.68734,690.163,691.0926,686.2702499999999,25.27724073417925,-1.3088733854110615,-0.6439803311495627,1.6463286837217617,38.16560908633763,694.3969867737346,685.9290132262654
ETH,2018-04-29,689.12,700.49,665.28,686.5,78654.14475,684.706,684.2446000000001,677.9202499999999,65.15092345936746,0.5832124597885695,0.37564553010355195,1.2241953198131312,19.977228148513515,686.496702655388,682.915297344612
ETH,2018-04-30,692.16,695.3,673.18,679.5,65225.88396,681.0015000000001,683.4262,687.09825,31.354616565915762,-1.1361760072442166,-1.0947248459261192,1.2177359529929923,48.045583954317244,683.0335263286057,678.9694736713944
ETH,2018-05-01,634.13,675.0,627.58,646.53,74526.4259,648.3230000000001,649.0554,653.4812000000001,37.3017487680016,-0.5385854390369786,-0.3630404832597121,1.1695016360677244,16.48679821066999,649.9886302110697,646.6573697889305
ETH,2018-05-02,669.65,688.12,663.0,679.0,48763.52108,679.5835,678.3016,678.14405,49.595683704761896,0.2760125087418146,0.49213358357739245,0.9155433978586551,20.9929674729267,680.7614350576658,678.4055649423341
ETH,2018-05-03,689.0,758.7,687.91,748.0,136593.76825,746.5200000000001,750.1328,738.3491499999999,53.96721051860586,-1.2816154010969285,-1.6051774922900597,2.0296977565620486,20.7619711950143,751.8819809771885,741.1580190228117
ETH,2018-05-04,773.2,810.0,765.85,793.06,104082.13969,791.798,794.6906,798.6324,48.66449752972204,-0.5703416081216801,-1.0044009151582518,1.6083032533538597,23.62391525985523,794.6527196008972,788.9432803991028
ETH,2018-05-05,792.98,832.66,789.01,826.26,77399.96926,826.1235,824.9896000000001,823.3322000000001,55.11786527816785,0.04844717061098436,0.07471694495460701,1.2067954723393914,16.787753847351613,827.9375702854171,824.309429714583
ETH,2018-05-06,834.68,839.99,752.49,776.69,118061.10713,777.0695,777.2411999999999,775.4146,48.84475674838543,-0.28755815386637096,-0.1041093182125084,1.4797629638788952,19.094034448278034,779.252474805303,774.8865251946969
ETH,2018-05-07,768.09,768.2,701.0,718.01,184600.63431,714.0070000000001,711.8057999999999,725.6044999999999,58.92335582806576,2.0858909299222432,1.6046407486801777,3.0390361295567665,28.246806914445322,722.202391631872,705.8116083681281
ETH,2018-05-08,774.03,777.0,720.02,733.65,90549.68241,735.7155,733.6372,732.7746500000001,42.674113948360635,-0.01149961471151073,0.3862474525096586,1.4892204356061265,18.645783724382827,738.4750831206687,732.9559168793313
ETH,2018-05-09,742.69,752.04,710.26,745.91,71642.57581,746.1949999999999,744.8661999999999,746.35935,51.93509985548959,0.4684504595488761,0.5267611959230043,0.9714402386472274,36.04610119344675,747.0057404021917,745.3842595978082
ETH,2018-05-10,757.19,769.88,751.0,762.37,47776.25287,763.5004999999999,764.2196,762.54755,40.20593202909416,-0.5643906875225184,-0.4193976731842616,0.9831336603007896,23.943838750116853,765.2251967849523,761.7758032150474
ETH,2018-05-11,728.1,737.23,666.73,684.52,142063.09488,679.6645000000001,676.067,677.27905,69.34513428736534,2.1019319980048294,1.6199142946420908,2.4114728304713875,41.878143913306964,685.1844727353772,674.144527264623
ETH,2018-05-12,680.42,690.0,633.2,671.22,114481.55498,670.9725000000001,670.9514,677.7595,52.717767506975946,-0.4628856195791968,-0.3425673642790817,2.4642214462390775,15.534170156776304,675.1851470300682,666.759852969932
ETH,2018-05-13,677.31,712.74,666.31,711.51,60570.65274,707.9064999999999,705.5116,699.82075,67.27962702718155,1.213489137077545,1.1025153429984198,1.5373611922356163,32.796543806180225,711.3209942524763,704.4920057475235
ETH,2018-05-14,728.96,741.0,686.0,739.78,115370.59894,731.112,728.4903999999999,710.55715,69.50516115359243,2.8308698387849063,2.2766082695260073,3.1753814760421104,25.246165798472326,738.543426780904,723.6805732190959
ETH,2018-05-15,721.88,740.0,709.0,713.02,70757.60376,721.2445,725.5601999999999,730.4921500000002,20.697633120560617,-4.084169720135037,-2.9096611891436432,2.643433820766268,68.57521369723003,733.0493354075774,709.4396645924227
ETH,2018-05-16,696.95,712.84,673.52,689.21,78243.67235,689.0355000000001,686.3928,697.98795,56.20721257053701,0.4080309919179399,0.5087595732116095,1.4894188876302397,12.973107471858562,691.0436879891944,687.0273120108058
ETH,2018-05-17,710.3,719.25,695.0,706.8,53074.67359,705.4080000000001,703.7805999999999,701.20465,64.42104783044581,0.8002318854734085,0.7575011390610311,1.0522704479519702,31.292356027476096,707.2426291178526,703.5733708821476
ETH,2018-05-18,664.0,685.68,662.87,672.62,59329.6523,674.4825,675.5316,678.8714500000001,37.06150071607132,-0.4955501445074333,-0.41106254476700055,1.317227117907486,27.74733095237844,675.9048062258036,673.0601937741964
ETH,2018-05-19,682.86,717.8,682.31,706.71,52353.7049,706.6125,705.7064,706.4928500000001,52.61665466335383,0.2013890963069116,0.2762450937548862,1.1286580784862792,17.25192786275413,708.1094285220184,705.1155714779815
ETH,2018-05-20,693.71,718.2,692.44,710.09,45270.39511,710.223,710.0606,711.0959000000001,48.704023098245266,-0.0935210441991785,-0.03745635749534214,0.7160161076883164,16.562849678378136,711.0280863307628,709.4179136692371
ETH,2018-05-21,711.17,720.46,697.66,698.74,56330.29054,700.207,703.4495999999999,707.62,33.38366052490123,-1.2275225775445051,-1.2962667077682815,1.2977292337515889,28.691680149665686,702.4389148728965,697.9750851271035
ETH,2018-05-22,687.92,699.0,677.0,684.58,48736.7915,685.2719999999999,685.3186000000001,684.1497999999999,42.62537053404538,-0.10461122046956461,-0.030645630299497892,1.1132384643371465,30.86193010581596,686.1172833844964,684.4267166155034
ETH,2018-05-23,627.01,644.37,610.0,616.92,103216.54204,614.838,616.913,620.54675,59.376464915566366,-0.21397016354137577,-0.6765159285486542,0.9817277449710089,32.058227044023226,616.8233825827343,612.8526174172656
ETH,2018-05-24,595.07,612.1,550.0,587.87,117801.14338,584.7015,582.0862000000001,573.9901,63.97115657453102,2.01799935891313,1.623187958621359,1.7571217051555297,27.71045124314427,590.7932592696953,578.6097407303047
ETH,2018-05-25,594.43,617.46,582.41,601.42,73454.03509,601.392,600.9722,600.69405,50.37502127296348,0.14518043954535642,0.14062969695879293,0.8476299743993251,16.00319756037623,602.6909472660996,600.0930527339005
ETH,2018-05-26,583.27,606.29,580.59,602.25,43765.67008,603.0545,603.4934,601.0512,36.84774895547694,-0.24794962094847506,-0.1694618712750323,0.5865161622202293,16.21490170665987,603.7694678312532,602.3395321687467
ETH,2018-05-27,582.8,592.0,564.05,572.1,53537.216,569.716,568.1162,571.9388,76.2022579044263,0.8372567689671087,0.6469909439673224,0.9888199063557573,26.712059538323324,571.6945590716668,567.7374409283332
ETH,2018-05-28,570.15,576.2,520.7,534.53,99473.93753,535.6155,535.148,533.4017,41.27998563913192,-0.00781554642253468,0.15536925607222998,0.816809165112449,18.577686981067288,536.5206513684919,534.710348631508
ETH,2018-05-29,516.24,572.25,510.0,557.55,119222.54531,558.4694999999999,561.6156,558.1576,41.04642151992474,-0.7196718217444413,-0.7890193577007198,1.567161643625448,12.78166689362505,560.8898840605198,556.0491159394801
ETH,2018-05-30,585.07,585.32,555.28,565.92,66314.52731,567.5184999999999,566.9656,568.93305,40.82233348333891,0.0488276889983581,0.2803272083991147,1.0450386436902437,13.536236683388912,569.4139922843373,565.6230077156625
ETH,2018-05-31,561.21,579.0,555.0,573.98,55255.51483,572.2935,571.9884,574.25695,69.26255588525004,0.3981694428521223,0.2204997751017791,0.5889733029563907,26.670261407020984,573.431081205981,571.155918794019
ETH,2018-06-01,580.06,590.26,568.9,576.15,52186.786,575.4395,575.2286,576.31145,62.18523835781147,0.2732553219791498,0.184869275265223,0.5801235463958072,22.517703935736563,576.3799355373785,574.4990644626214
ETH,2018-06-02,577.0,598.0,576.46,591.64,49646.27191,591.036,590.8114,591.2701000000001,55.45377860094119,0.31195527466866224,0.27168423350400417,0.7539077438324274,23.946108489969745,592.7299468704792,589.3420531295207
ETH,2018-06-03,596.0,628.81,590.4,617.83,54289.87229,618.0485000000001,619.5419999999999,621.0545999999999,40.729463751208925,-0.32226528293927004,-0.42294908930537817,0.82568002163909,31.372110335949834,619.4713742037778,616.6256257962224
ETH,2018-06-04,622.0,622.9,580.5,583.98,64101.30938,583.1015,587.0458,593.52135,48.323865209044065,-1.112470870357356,-1.447477915786989,1.2669878674237578,36.80445601746431,584.6772445861463,581.5257554138536
ETH,2018-06-05,596.01,609.0,570.36,585.22,50783.63945,585.7610000000001,585.1368,587.4159500000001,46.45052616204179,-0.02981756537462843,0.07116772569530999,0.7532897734970169,22.21552262188851,586.6893512266348,584.8326487733653
ETH,2018-06-06,606.55,613.35,598.41,609.55,36947.16796,609.3014999999999,609.0816,607.8278,53.31483598479067,0.1639789802283076,0.11284012590022223,0.5162396565104264,26.483008233346727,609.8902028112599,608.71279718874
ETH,2018-06-07,614.45,618.0,602.57,607.66,35001.67164,606.2484999999999,607.4966000000001,608.4582,57.739326536159076,-0.1643473532584494,-0.5731934463252807,1.0284678453730187,42.40639428603062,609.636757811937,602.8602421880629
ETH,2018-06-08,608.07,608.32,593.33,596.69,31593.08209,595.426,595.6936000000001,596.3339,65.32057712501562,0.339679654602719,0.10357314624470737,0.5292383502568359,29.38612628513647,596.7594226636809,594.0925773363192
ETH,2018-06-09,603.42,608.97,596.1,601.87,22910.86091,601.6205,600.714,602.47185,59.03365189935397,0.24374051183156098,0.32214325717693004,0.5255070915058605,39.927299183834876,602.2058708226062,601.0351291773937
ETH,2018-06-10,576.99,580.59,557.31,568.5,54399.71242,568.443,569.2074,567.0155,47.54879384856265,-0.06725904781887948,-0.10618768261849344,0.7388715374302864,13.032989378406494,569.2232589314191,567.6627410685809
ETH,2018-06-11,512.44,535.51,509.0,524.0,83388.66473,522.8149999999999,524.8618,528.9879,52.27160164541715,-0.013633567013812353,-0.43123317280871026,1.2647917949281744,25.276427694198958,525.2001582756785,520.4298417243214
ETH,2018-06-12,526.15,538.88,519.0,524.62,72717.45342,524.0755,523.0586,526.2311,58.58371174372338,0.3014062244570823,0.2807978632871491,0.7891244504269777,15.258625907676233,525.0397919681977,523.1112080318023
ETH,2018-06-13,494.95,501.97,461.0,470.41,95449.08756,470.671,472.7782000000001,475.70135000000005,41.604137570480056,-0.585644817496302,-0.8077536495378153,1.0896882490369373,51.81861500404403,472.24766610287526,469.0943338971247
ETH,2018-06-14,474.54,495.24,468.67,476.03,84870.92344,474.858,474.3022,480.77644999999995,58.07050839138779,0.3011715270212676,0.17900614563370948,1.149991807076151,18.793546811026307,476.3117345012065,473.4042654987935
ETH,2018-06-15,516.0,516.6,485.5,491.68,91077.23414,490.54749999999996,490.5964,491.20550000000003,61.219466177446634,0.16228972538152675,0.07856675923200508,0.8506866047460165,21.789520144181974,491.62612644122635,489.46887355877357
ETH,2018-06-16,487.98,502.98,486.0,489.53,73361.65455,489.4905,489.894,493.91145000000006,49.013285779038824,-0.17246624729767746,-0.19818337276719436,0.5184640814720288,17.097459402405434,490.3940812082874,488.5869187917126
ETH,2018-06-17,500.33,507.6,494.12,499.49,68583.01506,498.8275,498.27,498.9223,64.01725328386567,0.3498526435342342,0.31410163587772755,0.576016222485427,22.34400946787365,500.1265900661667,497.52840993383325
ETH,2018-06-18,489.71,499.94,487.64,493.62,63856.06999,495.038,494.65939999999995,493.6962,33.81490484369605,-0.05052594632564933,0.11782721499030484,0.6663344291295489,38.16237574043115,496.00415940713646,494.07184059286357
ETH,2018-06-19,518.07,548.2,510.01,533.86,90979.7193,535.246,534.4208,537.27015,37.45095823296161,-0.1540470568058936,0.06386825332116225,0.7172449051584474,22.56090317752844,536.8354451863433,533.6565548136566
ETH,2018-06-20,517.73,541.02,515.08,538.76,83436.43021,538.3195000000001,536.6756,527.3182999999999,54.022812790789004,0.8012072994550863,0.921786358453431,1.143828117169364,34.11081844551376,541.3705357258063,535.2684642741938
ETH,2018-06-21,536.35,544.98,525.55,526.92,53737.76354,527.8355,529.2586,532.8765,37.20731600062573,-0.5406042839296106,-0.5763468990837316,1.0535518220523779,24.37164932895338,528.885080392304,526.7859196076961
ETH,2018-06-22,524.35,524.35,461.3,472.39,124848.39671,476.09350000000006,473.3322,478.40775,37.092856471800516,-0.24433202837161616,0.3946234579004452,1.482664270189342,27.55383318794482,479.92129975961876,472.26570024038136
ETH,2018-06-23,468.72,477.0,455.0,471.35,60542.98078,471.53149999999994,470.94280000000003,470.2219,50.86930235705864,0.17397988251337893,0.25879876202544255,0.7813429699315475,16.038046806683887,472.5723126632762,470.4906873367237
ETH,2018-06-24,469.71,470.7,432.0,438.46,101484.51762,438.40749999999997,439.42879999999997,439.44300000000004,46.71733946269371,-0.30776654376722945,-0.40106971286249726,0.6715433062782171,33.34006895284621,439.2766806485644,437.5383193514355
ETH,2018-06-25,454.02,474.47,444.37,465.33,81028.21934,467.3585,462.96740000000005,460.974,47.23563815067367,0.851047692629777,1.6221257966455398,1.8615615151131206,39.0495591320268,472.48225750792136,462.2347424920786
ETH,2018-06-26,455.45,456.59,437.21,445.29,61032.22124,443.7405,442.8564,440.56365,57.22083033849107,0.9002581022116942,0.7543836694137591,1.1668133817259232,28.669077634988543,447.29845713858293,440.18254286141706
ETH,2018-06-27,431.45,442.2,420.19,430.42,70465.06308,430.37749999999994,431.3922,431.7293,48.46145088477332,-0.48416076666546815,-0.519921554122577,0.9032497413073063,12.808426537694794,432.470276863407,428.2847231365929
ETH,2018-06-28,438.67,440.0,430.0,433.67,51536.88578,436.51300000000003,436.693,436.04474999999996,33.64925489188714,-0.9020833554326373,-0.439893974032593,1.0707905791547603,35.1580024682187,440.0206493553366,433.00535064466345
ETH,2018-06-29,422.26,423.02,404.48,411.46,75682.37267,410.86050000000006,409.94,409.99895,59.532912643467135,0.3209190095375334,0.32897332369255083,0.7487036086768329,15.459880551215196,411.8179231039511,409.903076896049
ETH,2018-06-30,445.89,463.15,443.61,447.08,109520.33916,449.73549999999994,452.211,454.00745,28.362675863723794,-1.469704243798958,-1.243345985698804,1.455339343141492,63.68245648338519,453.1207118102035,446.3502881897964
ETH,2018-07-01,450.21,457.77,444.0,445.63,44977.68068,448.052,449.0426,452.27625,30.283106791827556,-0.8561403589184806,-0.6192551983721856,1.1032703644156165,52.28617711022075,450.39669273040073,445.7073072695993
ETH,2018-07-02,450.58,478.0,444.16,472.36,109898.3602,472.22700000000003,472.6856,458.56085,49.80993960641915,-0.1678666581063908,-0.10382105347272547,1.2007146569968719,12.416904957547004,474.05786973865725,470.3961302613428
ETH,2018-07-03,474.53,486.98,462.7,466.01,105470.91887,466.3275,467.2108,469.51265,42.69672753025685,-0.3516241689487174,-0.3498091372728554,0.5974137354632912,19.723683216681035,467.42753409033213,465.22746590966784
ETH,2018-07-04,465.38,482.7,462.5,474.31,80589.23253,474.10999999999996,474.17760000000004,473.91339999999997,54.281416755809545,0.0367585909463628,0.0037269236530057272,0.44714992232957246,31.12773364898834,474.396565873785,473.8234341262149
ETH,2018-07-05,469.43,480.0,466.5,469.6,77062.39336,469.8415,469.95099999999996,473.59635000000003,46.47040319250158,0.10487197673211313,0.08471939487897273,0.914215352451306,19.032934177201952,471.6274370089699,468.0555629910301
ETH,2018-07-06,467.33,470.56,451.29,467.88,71842.07522,467.5945,467.6078,466.66,54.56626811367395,0.024373054455736565,-0.038814964147864964,0.5238599166163732,21.66173269749087,468.17997331284016,467.0090266871598
ETH,2018-07-07,468.24,472.86,461.5,468.82,32796.42343,468.23900000000003,466.38599999999997,467.66949999999997,64.37503740890794,0.623957010758545,0.6868681542339582,0.7152257848977267,44.82541952491026,469.4959152716106,466.98208472838945
ETH,2018-07-08,485.9,490.08,482.05,486.9,71781.10798,487.054,487.4792,486.44565,40.86977130025382,-0.16218844272259503,-0.16630562402671026,0.2762406715603675,18.62525593928474,487.37787651969836,486.7301234803016
ETH,2018-07-09,484.2,485.59,478.67,481.61,41295.69048,481.342,481.58560000000006,481.60799999999995,53.607617357857976,0.023588824093053518,0.0012842887529848786,0.4148502556953366,19.552958829176884,482.05453350799417,480.6294664920058
ETH,2018-07-10,471.31,472.18,427.69,436.95,127756.07943,436.25249999999994,437.94980000000004,437.42834999999997,51.63339226099753,-0.5216246212100373,-0.673786804946733,1.0069171445971261,34.07777337786338,438.168682402577,434.33631759742286
ETH,2018-07-11,438.91,452.69,424.2,440.84,95492.16557,440.921,441.64419999999996,442.46560000000005,43.727364883817906,-0.17173700608435638,-0.2049836971245516,0.5203625065400207,37.02186006097558,441.6631832657152,440.1788167342848
ETH,2018-07-12,441.89,441.9,426.5,430.36,109258.51673,429.765,429.5996,429.88485000000003,67.03066800729887,0.1418681232904646,0.07737716754052054,0.35688518040293027,16.32884245632876,430.2278822744346,429.3021177255654
ETH,2018-07-13,434.4,442.47,432.46,438.26,82467.17629,438.31949999999995,437.47180000000003,438.49795000000006,56.09426476494206,0.17276665475475284,0.2315695512578293,0.36089611488178525,31.950113659229093,438.61428636329344,438.02471363670645
ETH,2018-07-14,433.5,436.78,428.26,436.16,64297.68101,436.04350000000005,434.9328,433.61925,64.48628593955664,0.36031616002617284,0.425129447739066,0.32946814880564995,51.305001769262184,436.3891168398403,435.6978831601598
ETH,2018-07-15,431.36,448.45,430.52,445.97,84351.98978999999,445.91949999999997,446.28920000000005,445.9771,47.571989328989986,-0.06138895650798304,-0.07844993239418986,0.3421810742605471,21.150111379393213,446.25834952420206,445.5806504757979
ETH,2018-07-16,447.3,477.68,444.03,472.94,105728.0229,472.328,471.7894,472.95959999999997,62.34664100356914,0.13216767596895806,0.08693492853586182,0.4625573057606996,16.095045635834747,473.2282355246622,471.42776447533777
ETH,2018-07-17,479.05,482.38,465.29,468.69,91445.81837,469.7785,468.445,468.74134999999995,41.37895089428983,0.09213393426944094,0.34775253900284187,0.5561165221197875,36.36309545133752,470.86153785712713,468.6954621428729
ETH,2018-07-18,501.02,515.47,491.0,494.51,127421.23165,494.8175,494.7872,496.81879999999995,47.541877622756736,-0.16703337289095543,-0.1349896328840785,1.2029828617993847,12.6023735476981,496.70914346535255,492.92585653464744
ETH,2018-07-19,470.47,484.15,469.02,475.3,95493.77337,474.0634999999999,476.10720000000003,479.5229,54.77368248313152,-0.19033470756158977,-0.5032985019319979,0.7946317687302843,27.186745813523537,475.61384544537725,472.5131545546226
ETH,2018-07-20,461.32,469.48,451.93,465.15,92106.61812,464.69050000000004,463.6114,463.37735,62.27059470680362,0.48202717433105136,0.4785587110395128,0.6554847443406671,37.20773171011236,465.6070036824863,463.77399631751376
ETH,2018-07-21,445.94,464.51,445.45,462.15,41924.92961,462.05600000000004,461.2514,458.79795000000007,52.32763154399424,0.2341059837082753,0.22480808183866713,0.6235512445659533,22.14956111529951,463.09043511155687,461.0215648884432
ETH,2018-07-22,463.96,469.99,458.47,468.69,27642.38696,468.8885,467.68059999999997,465.12530000000004,54.01255963106512,0.2514565154896218,0.45625089550554493,0.6573750690872439,28.21978278935226,470.15366836824734,467.6233316317527
ETH,2018-07-23,460.33,469.82,458.84,460.78,57139.36767,461.7054999999999,462.15799999999996,462.05185,33.27832736229223,-0.2689442526191783,-0.1907113060846168,0.5594537249878223,18.658262299038984,462.44726748377815,460.9637325162217
ETH,2018-07-24,450.63,484.27,450.0,474.18,119756.68485,476.15549999999996,478.47100000000006,475.37660000000005,37.03722953791128,-1.3123197071288928,-1.1938016130436488,1.6952397431760544,30.9114364755986,480.20702551516223,472.1039744848377
ETH,2018-07-25,480.44,485.77,467.18,468.98,96717.69461,469.4934999999999,470.1236,470.80105000000003,37.72570552116165,-0.2634905395428859,-0.20941211904854054,0.5284058691547071,31.26664154262841,470.3869265498601,468.60007345013975
ETH,2018-07-26,474.79,485.0,474.0,475.99,93783.90749,475.3465,475.59759999999994,476.78,56.66843448037503,0.1475384027378368,-0.002209009935814854,0.5834105812620081,19.150755002086324,476.2762370596161,474.4167629403839
ETH,2018-07-27,463.59,467.12,456.4,459.53,101304.15585,460.279,460.4792,460.76685,39.97100036696555,-0.24212491410929715,-0.16024329603610035,0.6464789198642495,25.877390982863112,461.16759214490736,459.39040785509263
ETH,2018-07-28,469.39,471.74,462.1,463.71,93198.82384,463.5965,464.4496000000001,466.61785000000003,48.80753775672537,-0.244660800682027,-0.3820618448506,0.7761177131945898,41.71708314037942,464.9022760144941,462.2907239855059
ETH,2018-07-29,467.57,469.94,461.6,466.75,82615.50284,466.7205,465.7108,464.78604999999993,57.167129090100225,0.3070826678655294,0.3624938156758922,0.3465696136591684,21.47076482888838,467.28870682854296,466.1522931714571
ETH,2018-07-30,463.65,469.79,457.5,458.95,93395.76844,459.34649999999993,459.337,460.06634999999994,43.57408748333684,-0.15573096422269828,-0.08743152856316894,0.53387009648139,40.5339116330013,460.021667386646,458.67133261335385
ETH,2018-07-31,453.64,455.1,427.3,431.49,129314.3727,431.36199999999997,431.244,434.25480000000005,49.78034384580431,0.08449252278660424,0.0037584182941057843,0.9011134307621892,13.751148810533405,432.57152221978345,430.1524777802165
ETH,2018-08-01,431.99,432.66,411.62,424.01,115939.72911,423.88500000000005,424.1048,423.7025,50.385123603686345,-0.06509232034409251,-0.08008082297724263,0.4762867277155843,18.558287240596368,424.29299509801325,423.47700490198685
ETH,2018-08-02,423.64,425.52,408.73,411.55,96308.82884,411.195,410.592,412.61555,59.213376522723024,0.2605294480073894,0.2330208015716251,0.45361057224284,10.4761365889013,411.70609685962717,410.6839031403728
ETH,2018-08-03,400.87,415.54,397.31,414.25,103337.15412,414.563,414.38779999999997,411.73414999999994,45.71075629881966,0.07218712373673952,0.1546325999394752,0.5762330778276618,20.647198468524646,415.48837776074873,413.63762223925124
ETH,2018-08-04,418.2,419.53,401.86,404.84,97037.87963,404.274,407.54,410.40575000000007,46.61675448173192,-0.9625768736496525,-1.3061584479293962,1.1407033592168052,44.268571680856965,407.1495757684194,401.3984242315806
ETH,2018-08-05,402.01,409.47,401.92,404.51,84686.54796,404.242,404.85360000000003,406.4769,52.733887350545274,-0.2865736401529375,-0.35591409028589355,0.5502498624067911,36.4296448452429,405.3296139020888,403.15438609791124
ETH,2018-08-06,410.28,413.28,402.0,404.91,96033.67326,404.983,404.9386,405.92775,48.47396958230331,-0.011233585488582776,-0.004160944054788553,0.3999447822559306,11.631978388256025,405.4004254424246,404.5655745575754
ETH,2018-08-07,405.61,412.76,402.97,407.8,97804.06608,407.96099999999996,408.1992000000001,409.17524999999995,40.298347686078216,-0.1300246317496203,-0.14088975128044667,0.32687508234380047,54.69359838342235,408.30688437373146,407.61511562626845
ETH,2018-08-08,378.76,379.24,355.5,358.03,145287.8246,360.47549999999995,362.2334,365.8082,29.43280038968347,-1.2798248182916154,-1.031180041007108,0.9804355587237177,46.30005858758612,364.03877082888005,356.91222917111986
ETH,2018-08-09,358.54,366.33,350.51,362.67,143501.6677,362.867,362.61480000000006,357.07005,49.36685776765025,-0.019412692805076404,0.166466865383756,0.798918784444464,19.303350196174417,363.7546508322519,361.9793491677481
ETH,2018-08-10,365.1,365.33,353.5,358.74,129993.12999,359.51650000000006,360.356,360.38045,31.281250993673535,-0.37434367525492007,-0.33220135306072673,0.5119538222254757,30.993591387193902,360.25974356707945,358.7732564329207
ETH,2018-08-11,327.55,328.45,305.0,311.51,171645.52511,310.0735,308.0518,309.7174,69.67364217465592,1.299360725211443,1.1719913947406342,0.6238489559071316,57.16748470849212,313.72029187779907,306.426708122201
ETH,2018-08-12,317.0,327.13,315.75,320.34,79775.69553,320.835,320.11,319.69785,44.49854913397856,0.11591066731278943,0.24376299720160266,0.3401556063681734,34.84214521352137,321.3637154244075,320.3062845755925
ETH,2018-08-13,319.35,321.99,313.43,315.32,150020.70893,316.19950000000006,317.05379999999997,318.29605000000004,31.43560613660296,-0.48265382222450626,-0.4280321941440526,0.5041147460207261,53.96674507927183,317.5064426154149,314.8925573845852
ETH,2018-08-14,265.81,273.0,250.0,254.28,292051.21955,257.005,260.6558,262.6056,29.133364070223355,-1.9525756540455745,-1.8767678711445508,1.0596921068047598,69.49291348616947,261.75292796910907,252.25707203089092
ETH,2018-08-15,281.04,291.64,278.15,284.78,214752.82772,284.5725,283.7774,283.75805,55.07938429071477,0.3279718337144004,0.34382076664773087,0.46661596584501325,26.87339185392769,285.6532011612812,283.4917988387188
ETH,2018-08-16,280.71,298.6,279.0,291.82,167374.72555,291.15549999999996,291.14459999999997,291.8157,60.36160041652415,0.1551284329514715,0.0928642071933675,0.5268922875225532,23.363776976143882,291.73977647556916,290.57122352443076
ETH,2018-08-17,291.72,304.95,290.92,295.25,183364.81411,294.088,295.9062,297.9112,53.633050198274425,-0.257205850775847,-0.5624260680309692,0.7039197251920255,38.675792867698036,295.9167438311574,292.2592561688426
ETH,2018-08-18,319.1,319.19,298.49,301.21,189287.11086,302.386,301.661,306.6618,34.4576216222532,-0.057124403446835004,0.10164530957540845,0.47778639059267203,19.61825117367591,303.1884313054847,301.58356869451535
ETH,2018-08-19,294.2,307.4,288.2,304.71,149963.10919,305.00350000000003,304.9502,301.75395000000003,49.94125878916776,-0.26088585223538985,-0.1994722989579256,0.6731569327255075,15.786178194035347,307.1176170733867,302.88938292661334
ETH,2018-08-20,300.54,304.04,282.0,285.83,121225.82818,284.851,285.3742,287.64414999999997,57.38118327681972,0.24100943914083928,0.081154802775378,0.5274301359669821,23.561668330005798,286.53803171282283,283.16396828717717
ETH,2018-08-21,274.22,285.9,272.3,275.63,106184.377,273.63199999999995,274.23740000000004,278.67265,67.95242381461416,0.19049090861352624,-0.10914934979291725,0.6340293262029668,24.456926284771914,275.1159892182927,272.14801078170717
ETH,2018-08-22,298.21,298.89,281.4,283.67,185007.59096,284.0255,284.4624,284.60735,39.462209329005724,-0.23643824933554924,-0.23973474973495498,0.330099416660869,31.46972906404491,284.8484088649415,283.2025911350585
ETH,2018-08-23,273.82,275.8,267.55,273.3,150631.05758,273.6415,273.1066,271.0913,45.97814788436377,0.04625642724084855,0.15750233265640062,0.46328072041227314,14.671366824867608,274.1845018416289,273.0984981583711
ETH,2018-08-24,273.26,278.47,272.71,273.89,152054.00512,275.054,275.6528,275.73055,24.39046433966573,-0.542862095915666,-0.4060659839083499,0.3244127937737435,55.02952519331027,276.6579750621503,273.45002493784966
ETH,2018-08-25,280.93,282.3,275.99,279.14,139888.78102,278.32849999999996,278.0638,278.34285,74.4705359818412,0.3162579673581263,0.21162429928747375,0.2804355716683996,52.487688731555075,279.27205233028974,277.3849476697102
ETH,2018-08-26,275.73,276.65,268.69,275.18,131004.71485,275.2745,275.48720000000003,274.8884,43.850534895886184,-0.12762285946740803,-0.12234907243004663,0.2947314482291766,29.156949570778206,275.82358924592575,274.72541075407423
ETH,2018-08-27,273.26,279.51,271.59,276.63,156500.55238,276.0725,275.7802,276.11114999999995,67.91921788042558,0.2549939062927251,0.20317638224707663,0.2510190564363128,29.076529210998203,276.93658043606507,275.2084195639349
ETH,2018-08-28,285.94,292.44,282.66,288.89,168539.36268,289.435,290.224,288.6335,40.33776205731715,-0.4785851580324447,-0.43233804319484326,0.5489460666500784,35.50987132653925,290.8011844677728,288.0688155322272
ETH,2018-08-29,296.43,296.95,289.94,293.41,175035.51429,294.93,295.264,295.1175,14.828112057656964,-0.35973570872926075,-0.19991948829371747,0.35913308825996837,27.150553153515588,295.9785036957467,293.8814963042533
ETH,2018-08-30,289.19,289.77,274.55,279.43,181370.88253,278.96,278.2846,277.28430000000003,64.17992708461459,0.31511483127695783,0.3153345971045767,0.4062100649753158,37.666967052309126,279.760599775185,278.15940022481493
ETH,2018-08-31,281.69,282.9,276.59,277.88,158436.76341,277.9135,277.91020000000003,278.86265,49.35863097764548,0.008129374566181014,0.013676590874325267,0.21260548770665658,22.368673336476938,278.07638339382044,277.75061660617956
ETH,2018-09-01,285.1,289.69,283.3,288.51,127797.98098000001,286.31,286.21299999999997,285.88345000000004,85.33233541395056,0.4711819074418031,0.20298043228488066,0.4192266360169436,36.22668605530563,288.03994797609806,284.58005202390194
ETH,2018-09-02,293.02,299.33,288.87,292.0,101285.65244,292.0835,291.19719999999995,291.69985,53.39851967618636,0.262643076304812,0.2911590887476212,0.3101636111147263,19.305807371248942,292.5663364111783,291.6006635888217
ETH,2018-09-03,292.42,293.77,285.99,288.81,138563.08551,288.831,289.3466,288.7946,43.604939706197605,-0.1434721215110244,-0.18190770727729122,0.2786829444112399,32.03939093837605,289.11084995981827,288.55115004018177
ETH,2018-09-04,290.18,292.64,283.04,289.8,188181.37628,290.2695,289.7862,289.54335,43.03024251220336,0.11155447081728198,0.20978406873431638,0.29844236900675547,33.51798379385933,290.91132474244216,289.6276752575578
ETH,2018-09-05,287.02,287.62,251.3,259.01,270399.81505,259.578,259.9774,258.26255,44.25531900182809,-0.21477147885315162,-0.1478322188209107,0.6126116758105511,21.287130318619067,260.6196640533347,258.53633594666525
ETH,2018-09-06,224.91,233.19,220.5,229.2,309210.99685,229.093,229.80880000000002,226.4615,47.86826731492387,-0.06019217034835833,-0.11513640451578341,0.6371632490830277,13.335364637377433,229.77064592524795,228.41535407475203
ETH,2018-09-07,229.6,234.69,213.5,220.93,240094.08942,221.497,221.082,220.62235,44.72513191097979,-0.03302375477414898,0.0701304683829293,0.4309859518728982,18.488477056005962,222.2288770388525,220.76512296114754
ETH,2018-09-08,218.16,219.83,215.0,215.79,79081.31545,216.44649999999996,216.62379999999996,217.0693,26.772401778301887,-0.1493862315457477,-0.08943894933930037,0.20233556584268836,35.737143616826515,216.8584356745886,216.0345643254113
ETH,2018-09-09,195.76,208.6,185.02,204.14,271905.46193,205.217,205.8966,203.83775000000003,36.691805856658675,-0.7163628694829924,-0.5703885346384784,0.6558782753011346,37.680377822666074,207.57928787406243,202.8547121259376
ETH,2018-09-10,199.27,203.42,192.0,195.39,231485.35715,195.7605,195.49380000000002,195.50535,46.55404454341926,-0.06322685867866085,0.030939514947934524,0.4479896003755623,18.027426020705104,196.44826376758914,195.07273623241088
ETH,2018-09-11,198.08,199.15,188.0,188.1,199563.4269,190.098,190.4766,190.49869999999999,14.566702652797575,-0.46844151848893034,-0.27256404044405924,0.36429103195216594,34.35226527469387,191.4199167901119,188.77608320988813
ETH,2018-09-12,181.58,182.48,167.32,173.21,308567.98294,173.04000000000002,173.34279999999998,172.31015,51.74761478695387,0.01743445043186398,-0.016662748735476095,0.29117497102530177,13.861813716841166,173.57077302115982,172.50922697884022
ETH,2018-09-13,190.56,208.06,186.0,203.42,386559.08658,203.216,204.317,199.1149,48.7893268623533,-0.2812504148086532,-0.3701852209375607,0.7270496107132423,17.104105357067283,204.1902361110085,202.24176388899153
ETH,2018-09-14,210.64,224.2,202.6,206.26,493256.65244,205.2315,204.768,207.1781,68.31984762770904,0.35830044779692116,0.24435236305392344,0.5507294452283742,25.99947427770898,206.34525535911928,204.11774464088074
ETH,2018-09-15,213.95,227.4,210.6,225.58,266276.1623,225.7615,224.43599999999998,219.74814999999998,51.8657096485903,0.20244957339167513,0.3932607553132936,0.6006715744794511,26.47933811676405,226.61859451053795,224.90440548946208
ETH,2018-09-16,221.59,221.61,208.1,216.2,301089.64187,216.04950000000002,216.04320000000004,218.25985,53.629892825891865,-0.0197754671983148,-0.06290007620979224,0.31349743345465514,18.896630206382827,216.68622521545498,215.41277478454506
ETH,2018-09-17,222.52,223.52,212.37,215.27,353899.69665,214.369,215.2072,217.51104999999998,59.4551261003657,-0.06561980295839476,-0.263019833580643,0.5702009737035575,27.8587526554268,215.28592747803643,213.45207252196357
ETH,2018-09-18,197.18,214.0,194.3,210.87,399534.23988,211.086,211.05919999999998,206.33900000000003,46.64067621593442,0.021855559482787612,0.06986034378534645,0.5220034934967683,12.578304572886514,211.75078267130442,210.4212173286956
ETH,2018-09-19,209.75,214.84,203.0,209.33,184382.44494,208.45699999999997,207.5474,206.4627,63.029689450701866,0.6754580206631999,0.6021130083078796,0.515108430016601,58.92710260489381,210.62145928582947,206.29254071417046
ETH,2018-09-20,210.5,215.0,207.0,210.68,259413.32268,210.942,211.3052,211.66514999999998,37.9650763824811,-0.17521012865731223,-0.16279953651341098,0.21811944063976177,39.157687463226196,211.3588261028361,210.5251738971639
ETH,2018-09-21,221.36,231.53,220.76,229.77,404228.54328,229.3295,228.78400000000002,227.67455,59.10392721417466,0.2111934889522047,0.2022827320612699,0.4821084301714797,17.901450537208405,230.03531796519528,228.62368203480472
ETH,2018-09-22,250.3,250.45,232.7,237.91,278370.4542,239.0725,239.81439999999998,239.0402,36.832838997249524,-0.5100220242505031,-0.4026760212120753,0.5578457288797743,23.7122929327705,240.64619469720347,237.4988053027965
ETH,2018-09-23,238.82,249.73,237.0,245.3,143439.98358,245.379,245.4632,245.68245,47.48106823045946,-0.0747530157892129,-0.06803496948538673,0.29591718526160465,13.13552624717523,245.81313822683487,244.94486177316512
ETH,2018-09-24,243.92,246.2,229.09,233.62,217940.04399,233.998,234.5286,234.03145,39.75992013073797,-0.21619075976525437,-0.19547239740775013,0.4082835996441984,17.318245995738714,234.6719614232264,233.32403857677357
ETH,2018-09-25,222.82,224.66,203.61,210.73,414516.49384,209.83250000000004,209.8786,209.4359,63.89841975190304,0.17944394956330711,0.044666094796895886,0.44677926844180627,23.595358251774456,210.76087223137466,208.90412776862541
ETH,2018-09-26,213.66,217.88,207.5,214.37,327141.28169,214.22400000000002,213.7284,214.9826,56.29688553967586,0.0968427958605389,0.1264668305028757,0.3409993187527354,18.53238892705744,214.53354159656217,213.91445840343786
ETH,2018-09-27,218.72,221.16,205.01,218.61,285516.76546,218.5315,218.2992,217.983,52.46017195162412,0.1372364056616675,0.16064638884588317,0.3775465456745545,21.187187936809718,219.5186023249831,217.54439767501688
ETH,2018-09-28,229.62,234.42,220.12,226.62,372658.80897,226.19699999999997,225.6968,224.61285000000004,64.48655321573244,0.20710108980989617,0.20133499901425808,0.4721887690497387,29.73107306225288,226.79077099962012,225.60322900037983
ETH,2018-09-29,218.15,237.77,214.18,228.5,416596.19579,229.05249999999995,230.2128,232.0266,37.88229949467996,-0.5824861348296793,-0.5108581786547581,0.5063916118504085,37.71754993037099,230.16513426156268,227.93986573843722
ETH,2018-09-30,231.7,239.0,228.78,236.8,239779.00855,236.1895,236.13279999999997,235.89565,70.25370623226111,0.17752071860385854,0.08765759362894626,0.3114469276264626,26.777013694427083,236.80828833214423,235.5707116678558
ETH,2018-10-01,234.77,235.88,224.46,227.16,155419.43553,227.392,227.2268,229.12935,47.99747191381539,-0.052490960177891566,-0.0350834651270829,0.5245241754530825,13.088663620043627,228.19016289063518,226.5938371093648
ETH,2018-10-02,229.24,232.0,227.0,227.46,204158.89755,227.68200000000002,228.18660000000003,228.4143,41.26075328291099,-0.1657007823683614,-0.16405485061270858,0.3738733294718266,18.271135936147893,228.15985353405128,227.20414646594875
ETH,2018-10-03,224.32,225.06,216.51,222.38,175397.20146,221.55949999999999,220.39,220.14335,62.349606927383846,0.7966031186293492,0.7170506413825155,0.5382561229124968,55.02974730651141,224.0828190444329,219.03618095556706
ETH,2018-10-04,225.09,227.16,222.53,224.77,73498.44165,224.77100000000002,224.703,223.99185,50.31795190313599,0.059001320787160694,0.05941974171351273,0.2360028813474424,15.231953503679673,225.0395442235571,224.50245577644293
ETH,2018-10-05,223.8,225.7,219.35,224.59,70672.27044,224.63999999999996,224.5772,224.19525000000002,49.84664465597229,0.0011192899181651228,0.009622836325928601,0.17790243302744274,20.67669007326561,224.93427877938544,224.34572122061448
ETH,2018-10-06,226.86,228.75,223.15,224.53,64764.96436,224.0815,224.02020000000002,224.93579999999997,65.54437162349211,0.12232641986724957,0.04552658513050316,0.2219427919712204,32.471949517662715,224.52657415111364,223.63642584888638
ETH,2018-10-07,225.24,226.86,221.48,222.87,37460.34946,223.073,223.229,223.0268,41.47440997827302,-0.12284137803774797,-0.11501329845405804,0.18278758626490807,22.025650691538097,223.5887557561408,222.5572442438592
ETH,2018-10-08,226.38,232.7,224.21,229.2,155284.55398,229.339,229.3786,228.62234999999998,43.99005042421994,-0.010289353060557005,-0.0011780683678396125,0.18845313890365478,15.739315087653468,229.57154246925145,229.10645753074854
ETH,2018-10-09,228.94,231.02,226.56,227.99,70328.23147,227.69050000000001,227.4456,227.5395,65.29256084100236,0.11006504099620429,0.09597597153978064,0.20782006462254227,28.126704696751162,227.91610806723452,227.4648919327655
ETH,2018-10-10,227.96,228.15,224.05,226.51,79794.6039,226.60950000000003,226.62619999999998,226.5896,45.054505195736354,0.010502828276486298,0.012077522710645034,0.19468153822110665,15.84082221233641,226.80314658530568,226.41585341469437
ETH,2018-10-11,208.0,209.28,195.3,202.41,321383.46361,202.6395,202.62380000000002,200.69265,43.991891410706366,0.020226050518175498,0.06215916798976909,0.35567075350143224,20.33347009915563,203.24752878221614,202.03147121778386
ETH,2018-10-12,193.42,201.87,193.25,198.01,135073.56272,198.052,198.03619999999998,197.7892,47.96115401972266,0.018323837962640255,0.027290057242159698,0.16916225292562004,17.62460154574194,198.31677159968527,197.78722840031472
ETH,2018-10-13,198.92,202.78,197.26,201.01,60687.66755,200.9555,200.81099999999998,201.04825,55.049049493517245,0.051419961424159055,0.04782803119960299,0.19587417094590373,16.781733619199414,201.0949955196468,200.8160044803532
ETH,2018-10-14,200.61,203.56,200.5,201.81,40510.8774,201.8545,201.94439999999997,202.12279999999998,45.269476035490904,-0.06137579999801801,-0.05558378503204017,0.09403162671315854,20.803245675867913,202.02020757375803,201.68879242624197
ETH,2018-10-15,197.71,239.0,196.22,217.14,761279.39621,218.125,218.1846,219.75395,32.76500725106046,-0.26645951718276706,-0.1465819568960441,0.3808361149978632,28.535964182901033,219.22205970669265,217.02794029330735
ETH,2018-10-16,213.11,219.95,211.55,213.66,89932.32776,213.7675,214.0002,214.54915,42.9495825141542,-0.0979514439803495,-0.11615944669554368,0.15712147403422402,33.66248117287196,214.08491928107807,213.45008071892195
ETH,2018-10-17,215.9,216.99,210.0,213.3,108787.23252,212.72750000000002,212.37800000000004,212.3522,71.33637411329744,0.26347264379685953,0.2216023771066808,0.2055852154405368,45.948159153053304,213.4909625072659,211.96403749273415
ETH,2018-10-18,212.96,215.3,210.76,210.95,77627.62507,211.04899999999998,211.10620000000003,211.30815,39.00636748805357,-0.04681267514030196,-0.03355925677876309,0.15818074333454046,23.35328606447764,211.19918655067755,210.8988134493224
ETH,2018-10-19,207.0,208.0,204.45,205.91,179134.1245,206.01950000000002,206.032,206.14,44.65544881851777,-0.019224506616694725,-0.007318613639700638,0.1758447840668033,22.660275307002294,206.18043166252139,205.85856833747866
ETH,2018-10-20,204.62,209.69,203.57,208.57,46582.38673,208.631,208.77519999999996,208.5169,42.75221699078229,-0.035582415497515285,-0.038339307761487584,0.16014339356618024,23.345769633463902,208.72219210491653,208.53980789508347
ETH,2018-10-21,210.58,211.99,208.56,210.43,47156.2666,210.209,210.1376,209.40220000000002,62.39185349781858,0.0777273005016923,0.05228511717192884,0.15569936411228952,15.542624053125762,210.49084392844833,209.92715607155168
ETH,2018-10-22,207.14,209.3,205.0,205.99,156086.2168,206.0985,206.2248,206.83795,34.02279390512735,-0.07222670440486922,-0.06339178820331193,0.12966612217044862,28.015069785254216,206.35260824465942,205.84439175534058
ETH,2018-10-23,207.46,207.75,202.14,204.16,63594.42487,204.196,204.3634,204.38855,42.61845259687778,-0.06552070448586278,-0.07394924429735399,0.132523042758322,42.39479128523529,204.33944336860398,204.05255663139602
ETH,2018-10-24,206.17,207.77,205.95,207.21,44733.95305,207.18,207.1164,206.9943,53.39339467972904,0.02503589438418885,0.028789847006037025,0.0896699496222055,29.2788735733911,207.32268847184787,207.03731152815215
ETH,2018-10-25,205.5,205.76,202.88,204.58,48510.22229,204.80749999999998,204.87620000000004,204.68565,28.77567735388064,-0.07858374252776912,-0.05621083553242562,0.13331748712597105,39.95812476440408,205.03001966205488,204.58498033794507
ETH,2018-10-26,203.92,209.0,203.0,203.97,70497.1103,203.9615,204.44099999999997,205.34845,44.63721777983629,-0.10991827498099838,-0.15607658443024025,0.22802679290345051,32.97105628063447,204.15891073931687,203.76408926068314
ETH,2018-10-27,205.25,206.15,204.12,204.41,27289.0294,204.3385,204.4532,204.8434,52.86728570898607,-0.0395337411650587,-0.05709541782111908,0.15706465235604108,36.853484443388155,204.5126579742707,204.16434202572933
ETH,2018-10-28,204.11,205.94,203.8,205.16,25206.72537,205.0885,205.11579999999998,204.62485,54.53939290821781,0.01888612740887652,0.005401044538790655,0.12800260065343333,19.488302778514004,205.21984306224087,204.95715693775915
ETH,2018-10-29,205.0,205.49,195.28,198.24,92534.94392,198.217,198.14700000000002,198.31935,52.999350617908064,-0.009163973256875124,0.0016358659943108915,0.17712556573752036,26.254812283046203,198.37600943373693,198.0579905662631
ETH,2018-10-30,197.1,198.6,196.7,197.31,46155.23373,197.4465,197.5014,197.86844999999997,39.53822241774047,-0.04623260073000779,-0.03670535736888215,0.13507988179376235,39.27762976148678,197.62552793077558,197.2674720692244
ETH,2018-10-31,197.11,198.25,193.01,196.96,62388.22127,195.6525,194.93959999999998,196.22189999999998,64.890958841355,0.6704305988485828,0.4756694944516947,0.5383762426965475,35.91090352973479,197.95630446218794,193.34869553781206
ETH,2018-11-01,198.21,199.51,197.88,198.41,45983.6949,198.4315,198.4854,198.5468,47.04347507586971,-0.021844848521340055,-0.024336954865052777,0.105058704782215,23.107542498616986,198.54503853971343,198.31796146028657
ETH,2018-11-02,201.16,203.74,199.34,202.21,55768.91451,202.724,202.61960000000002,201.54165,31.462364821729743,-0.1246665410372998,-0.03777322135123978,0.23191391093177718,29.07981434238534,203.290335589562,202.15766441043797
ETH,2018-11-03,201.85,202.04,198.59,199.87,47578.431599999996,199.897,199.88,199.83135,48.84135205383105,0.004106099741846947,0.00824574778917415,0.10047752341151779,30.269296216725056,199.9665988506056,199.82740114939438
ETH,2018-11-04,199.69,204.29,199.0,204.16,56193.92801,203.683,202.9572,202.22494999999998,71.41652064022891,0.32452057653944166,0.29558007874818526,0.28840954486289955,47.83763037827385,204.2149812026737,203.1510187973263
ETH,2018-11-05,208.96,213.39,208.12,211.68,82778.20415,211.82150000000001,211.51100000000002,211.1205,50.00765558186273,0.02962289074173441,0.05844501719430008,0.26474232412495924,21.115409443464635,212.26481817016193,211.3781818298381
ETH,2018-11-06,210.11,218.55,209.11,217.9,121441.72929,217.19950000000003,216.55620000000002,215.89415,66.9765654080872,0.44889140698569463,0.3774024900712436,0.35135271379126803,45.285407078077924,218.4752973977022,215.92370260229785
ETH,2018-11-07,221.98,224.37,217.01,217.69,129319.25794,217.6485,218.02120000000002,220.23915,49.55488043329322,-0.18329368512104338,-0.21774519263385855,0.29332330034285964,16.6062553000686,218.41315090073505,216.88384909926498
ETH,2018-11-08,218.52,218.95,213.78,215.98,112778.91718,216.08599999999996,216.73640000000003,216.96665000000002,35.74016710252695,-0.19407006235178414,-0.23509896851508544,0.1905034243740232,43.16781336368498,216.54261362222064,215.62938637777927
ETH,2018-11-09,213.53,215.51,209.51,211.4,99736.52351,211.24100000000004,211.1232,211.2678,61.60232523384169,0.04856174934303681,0.030412781031825167,0.1490371294783455,24.210523855410912,211.52734943690032,210.95465056309976
ETH,2018-11-10,211.57,215.0,211.41,213.89,75964.20282,213.9785,214.1298,214.06015,39.224035890515104,-0.08207269950318619,-0.07437695436549166,0.11839037212725831,22.134311108390357,214.18081411218012,213.77618588781988
ETH,2018-11-11,213.09,213.99,210.23,210.5,63204.5386,211.474,211.86540000000002,212.28779999999998,10.088320019340903,-0.31101126995866935,-0.20950500721157617,0.2021640384957923,37.05081347113412,212.27548362428612,210.67251637571385
ETH,2018-11-12,213.3,214.18,210.9,213.21,58483.46525,212.977,213.3436,213.29755,54.42974166788009,-0.0526390289869596,-0.11407267480187713,0.14457423756513008,32.888765776784496,213.22752744360955,212.72647255639046
ETH,2018-11-13,211.08,212.63,209.75,212.28,59448.76657,212.064,211.5722,211.41530000000003,67.81415790748977,0.2441268074763343,0.2417066748662134,0.19212124559987348,46.19985038645985,212.50916963059578,211.6188303694042
ETH,2018-11-14,209.8,210.14,176.16,185.24,405672.38899,184.798,184.58,183.2619,57.2700338570448,0.2843151598491147,0.20777069134040185,0.4947315143769006,14.336733068047621,186.01161608426992,183.5843839157301
ETH,2018-11-15,183.18,186.92,170.99,178.75,279849.85593,180.03400000000002,177.30180000000001,177.8633,46.79902512927111,0.248899167256468,0.6134385255299201,1.1552007561135142,20.54231332590151,181.52781926617595,178.5401807338241
ETH,2018-11-16,181.99,184.36,176.51,178.7,143828.20588,179.065,179.46719999999996,180.00015,31.6044089850677,-0.1339224196410953,-0.11885975832042286,0.19424385553727272,28.00830192874703,179.55102469072497,178.57897530927502
ETH,2018-11-17,174.98,177.91,173.94,175.11,91150.34119,175.1295,175.1918,175.60875,46.48763915107899,-0.007437233217075345,-0.014715333754481334,0.13604103013052807,18.015834753680174,175.2325485322398,175.0264514677602
ETH,2018-11-18,177.04,179.59,176.15,177.09,71069.69773,177.084,177.10780000000003,177.25975000000003,49.76990377128499,-5.430189847288602e-05,-0.0022362291862023974,0.18512299883405697,21.7191131275374,177.23584202316056,176.93215797683945
ETH,2018-11-19,172.65,172.79,152.0,156.71,353017.58168,156.726,156.30440000000002,156.31029999999998,51.11556874877888,0.30446882913798845,0.3352319289545116,0.5732165783518541,21.869342948153292,158.2537617615179,155.1982382384821
ETH,2018-11-20,153.57,154.7,126.95,143.88,599158.83049,143.802,143.823,139.0271,51.330188684121275,0.10665928778738021,0.15645667873015037,0.7993734079478831,20.977632055877027,144.6634778000718,142.94052219992818
ETH,2018-11-21,136.29,142.01,131.3,138.48,445544.31457,138.059,137.0082,137.8278,61.20440296941185,0.5631830648276548,0.5368192394383807,0.4597642575896398,31.588725446079373,139.44092474469787,136.67707525530213
ETH,2018-11-22,139.61,139.93,130.1,133.2,188103.20729,132.89249999999998,133.07319999999999,132.9295,56.7076898745883,-0.02697067004837095,-0.07719433967292683,0.24438826311003087,21.05767767137665,133.25343628245383,132.53156371754613
ETH,2018-11-23,123.9,128.77,121.12,123.8,260481.83942,124.001,124.1706,123.73289999999999,42.19465607126351,-0.10908467282440881,-0.10063082409855649,0.23975388215982174,20.110021941483634,124.53301127808169,123.46898872191832
ETH,2018-11-24,128.14,128.31,122.58,123.99,149532.56066,124.00399999999999,124.38680000000001,124.2808,43.921368410859806,-0.05733411243728881,-0.09148099164572834,0.20809929863388626,35.874009534282465,124.30502491591555,123.70297508408443
ETH,2018-11-25,111.81,118.0,102.95,111.39,495255.45954999997,112.072,112.9158,112.98575000000001,30.59870778512691,-0.3284778968083515,-0.28840799912119125,0.3794341730273291,37.63049908929825,112.7104543836471,111.4335456163529
ETH,2018-11-26,116.17,120.7,110.0,111.45,328410.80969,111.696,111.99179999999998,113.67985,42.21649111799179,-0.043883289200735476,-0.03559454540425524,0.36803779930617764,8.393610679398467,112.17413805537286,111.21786194462713
ETH,2018-11-27,107.31,111.07,102.36,106.38,296679.70129,106.346,106.7958,106.92135,46.30489959326993,-0.11159370033931282,-0.1600750872321553,0.33644345727883,33.67077480391167,106.83786990149784,105.85413009850217
ETH,2018-11-28,112.68,121.82,111.84,119.3,313220.97101,119.4435,119.7476,118.05885,45.11661580745723,-0.04112141019025728,-0.02878404104432398,0.35478084224469864,23.432619851145247,119.8432636801987,119.0437363198013
ETH,2018-11-29,118.26,124.0,115.99,119.2,282684.6728,118.22850000000001,118.32140000000001,119.0386,75.4725953083217,0.21322314615174776,0.074935159759082,0.2893786172926623,22.057903368160417,119.21766682112035,117.23933317887968
ETH,2018-11-30,117.64,120.26,112.01,112.7,272246.73364,113.28799999999998,113.55320000000002,113.75375,26.592076086268843,-0.18729886233461457,-0.13514225129341445,0.25490356526185254,40.20699099585636,113.7519224073148,112.82407759268517
ETH,2018-12-01,113.61,120.8,111.35,118.24,216875.23854,118.06800000000001,118.2236,118.1567,57.07170116729912,-0.03177913967449797,-0.05411346142678298,0.19057804735868092,15.237535332051507,118.27971679195268,117.85628320804734
ETH,2018-12-02,120.12,120.73,116.0,117.43,162485.68659,117.3105,117.3812,117.2018,54.584676827290224,0.022425807531845976,0.0008546591357778814,0.18313558772627847,15.562847059852656,117.52678453481866,117.09421546518135
ETH,2018-12-03,114.0,114.65,107.73,107.97,184016.19913,108.425,109.5842,112.77770000000001,35.662355875725574,-0.3467031619743892,-0.4078688027956442,0.31240496983140575,30.385419104928786,108.88266800193865,107.96733199806134
ETH,2018-12-04,109.22,113.2,106.0,111.97,183875.69231,112.215,112.4182,111.5882,39.69633257697958,-0.12220002584142264,-0.09777781171541733,0.20853082356591737,22.024226185423416,112.55177885920136,111.87822114079864
ETH,2018-12-05,107.93,109.22,106.0,107.1,151311.08916,107.24300000000001,107.36040000000001,107.9779,43.850242608699205,-0.07726083263212047,-0.08174225432442975,0.16543193747282517,14.643888197725435,107.63726387103526,106.84873612896476
ETH,2018-12-06,102.76,104.68,95.97,98.62,354791.91717,97.986,98.5052,99.09595000000002,57.705894157422186,-0.0041260426012712514,-0.08718967675355702,0.43901535470921443,19.305758214017903,98.62999999999968,97.34200000000033
ETH,2018-12-07,86.74,89.0,82.66,86.97,457755.44172,87.078,87.215,86.35504999999999,44.087148937184175,-0.003702219642576665,-0.004855153060147428,0.19369044562761303,13.700166442480297,87.38495928069015,86.77104071930985
ETH,2018-12-08,94.59,96.18,85.0,89.3,358323.85278,89.5755,88.6166,87.94165,53.01096821184367,0.20270247161688815,0.3043718704070591,0.2783543326704101,33.616544603973985,89.99131125526807,89.15968874473194
ETH,2018-12-09,91.37,95.21,88.63,94.63,253630.36879,94.11800000000001,93.91179999999999,92.58274999999999,61.16910211274858,0.2431637014463348,0.15981349038771964,0.2755572833044228,29.773389895789624,95.06450092445324,93.17149907554678
ETH,2018-12-10,93.03,93.07,88.53,88.76,233277.66442000002,89.01050000000001,89.5132,90.84405000000001,37.72154764449144,-0.22058131747330378,-0.23584648033356376,0.2286761722616058,23.538489891379953,89.58573821152822,88.43526178847179
ETH,2018-12-11,88.93,91.65,86.34,87.08,218315.61697,87.2795,87.26480000000001,87.27054999999999,37.39810841546384,-0.03606672838820657,-0.0034156474887424527,0.1187712231023229,13.57335170056658,87.45754212983688,87.10145787016312
ETH,2018-12-12,87.69,91.2,86.96,90.08,186823.22765,89.92150000000001,89.53199999999998,89.51594999999999,54.29513894388497,0.23073129290986572,0.24977115920546983,0.32488095077321244,32.644495721885576,91.04928145045996,88.79371854954006
ETH,2018-12-13,88.68,90.64,87.77,90.38,136911.55321,90.181,90.09759999999999,90.08859999999999,63.61914293588971,0.05971966468231926,0.03860820542784116,0.10960419170055904,20.145340391317077,90.35522973340099,90.006770266599
ETH,2018-12-14,86.04,86.87,85.04,85.63,133462.51957,85.7055,85.804,85.91775,37.94741904968193,-0.035040359547835465,-0.0315624185566314,0.1306764150391201,35.01008593469925,85.79415100111925,85.61684899888076
ETH,2018-12-15,83.84,85.0,82.2,82.53,116541.19775,82.479,82.7602,83.1067,47.57169040578821,-0.06540876760067249,-0.09197288646640972,0.15512574532524387,41.09211731997338,82.63287007508589,82.32512992491411
ETH,2018-12-16,85.92,87.64,85.28,86.13,151604.58598,86.1215,85.912,86.27205,56.21690948599616,0.0881880401170747,0.10213496950362122,0.07153086993552038,31.351519681633363,86.38767851152963,85.85532148847037
ETH,2018-12-17,84.56,91.05,84.4,89.41,200476.6301,89.49350000000001,89.5384,89.7067,43.77322543872592,-0.036869737401289626,-0.03538388800395345,0.11818033391616511,15.723520750618428,89.68114594320379,89.30585405679624
ETH,2018-12-18,93.56,96.28,91.34,94.62,278590.97695,94.76599999999999,94.94320000000002,94.37209999999999,40.365933817378746,-0.021000587618956956,-0.014099987847340064,0.17598710580335114,19.425586706424728,95.13300953665714,94.39899046334284
ETH,2018-12-19,101.83,107.55,99.8,102.06,471663.56631,103.208,103.4324,104.44015000000002,23.70103005683251,-0.46676678282595674,-0.3037108690081244,0.2951713769690549,41.365936036989034,104.84205752652802,101.57394247347197
ETH,2018-12-20,101.56,109.43,99.13,107.84,435583.38055,107.8665,107.79119999999999,107.25885,48.72508144742406,0.07089810652550455,0.09494659139473671,0.29832224408991065,20.971966072631677,108.4918726888915,107.2411273111085
ETH,2018-12-21,114.61,116.49,109.0,111.14,326757.70751,112.26700000000001,113.0636,114.2818,19.814815694286306,-0.3348543393527734,-0.3046614435192583,0.34721038098545864,39.48252463263312,113.06412232436455,111.46987767563547
ETH,2018-12-22,106.76,113.43,105.38,110.91,210224.65319,110.601,110.4006,110.02005000000001,60.89764329577795,0.14008284938336146,0.13479501168176883,0.23104969082060942,27.452370947098718,111.14018086018721,110.06181913981278
ETH,2018-12-23,122.39,131.94,121.69,125.09,580668.75556,125.04249999999999,124.95,126.95864999999999,52.205316363701215,0.06092748734509712,0.06867645573079434,0.31900101958719385,16.70914533378781,125.65646661146711,124.42853338853287
ETH,2018-12-24,144.9,157.67,140.03,154.6,601997.7756,155.272,154.4272,147.33285,48.00784166714828,0.4449643840496833,0.6488153389523139,0.8500303743715499,22.56644639182323,156.9369396385628,153.6070603614372
ETH,2018-12-25,130.19,130.97,119.68,121.54,543619.86386,122.69950000000001,123.16640000000001,124.87809999999999,36.48022502684809,-0.26608369320641145,-0.18793011339382068,0.7019262099115772,38.97010713396556,124.27429490728974,121.12470509271029
ETH,2018-12-26,133.45,135.32,122.51,124.44,415218.81354,124.28699999999999,123.9422,126.44565,53.09667538642348,0.14245856411164937,0.1274348445635487,0.3726333382748492,20.14100668260144,125.04381173351595,123.53018826648403
ETH,2018-12-27,125.88,127.41,120.3,122.15,303143.70912,122.4555,122.95559999999999,123.38674999999999,37.82724935017485,-0.1694244171165451,-0.16402846985916864,0.27424987014473606,19.80906924958594,122.83415419579909,122.07684580420091
ETH,2018-12-28,113.14,127.32,112.05,123.74,330342.68289,118.503,116.53140000000002,115.0996,76.10124069051678,2.2922619561749684,1.4536571283749968,1.1979046640980495,59.99358169715027,125.56367730462259,111.44232269537741
ETH,2018-12-29,133.69,138.08,128.5,135.38,430188.90684,135.296,134.8912,133.93785,56.048930348432876,0.056148534379985904,0.08230175372012923,0.2726527548853034,19.377775834281422,135.78313037268427,134.80886962731572
ETH,2018-12-30,131.88,138.4,131.01,136.28,364870.10896,136.46,136.6198,135.8877,46.02661882883049,-0.08023930763937415,-0.08871163457782644,0.34520299803499577,14.230838158580553,137.187268863639,135.73273113636102
ETH,2018-12-31,135.03,137.0,132.01,135.31,244212.25269,135.37949999999998,135.518,134.7956,48.55235738667543,-0.006719369284979848,-0.0014736676735454678,0.2870435665166596,12.917980113690204,135.67011830637458,135.08888169362538
ETH,2019-01-01,131.01,136.0,130.0,133.11,162002.2177,133.13950000000003,133.1992,133.89305000000002,46.81516974569412,0.06826843783267122,0.0487606625888884,0.18129973366763596,22.747509915060633,133.63570459490188,132.64329540509817
ETH,2019-01-02,138.35,152.48,138.02,148.45,572779.44793,149.4135,149.8938,149.62255,25.58467033154521,-0.3264679489578839,-0.25587975358832055,0.2891002881852738,25.811117752526965,150.37737291692267,148.44962708307733
ETH,2019-01-03,151.53,153.64,144.71,146.97,428768.34096,147.51100000000002,147.3026,147.62045,33.80550955988546,-0.0914890727427462,-0.012854900268697712,0.21998888817526208,24.907996261168634,147.97579672978037,147.04620327021968
ETH,2019-01-04,146.14,154.8,144.66,146.35,508562.18964,146.0675,145.9258,148.43605,58.294412292716586,0.08010384670271264,0.04137733170305816,0.253287964986303,16.44379397315584,146.47756706768965,145.65743293231034
ETH,2019-01-05,157.89,158.75,152.15,156.05,365962.85742,156.1415,155.726,154.9932,51.287471114603534,0.03841100150646071,0.10967816321409543,0.31565353234044213,24.200189892886062,156.69699167410067,155.58600832589934
ETH,2019-01-06,149.39,153.24,148.15,151.39,264609.00538,151.6495,151.61360000000002,151.1215,41.85378085322409,-0.05112228663384144,0.00768100178379336,0.22431061841812508,17.569862109066634,152.06880776287474,151.23019223712524
ETH,2019-01-07,152.44,154.0,148.33,150.79,230018.65404,150.977,151.27540000000002,151.12375,42.02773570107913,-0.2150349639511262,-0.19314234826889418,0.1879080669828836,40.60953885820828,151.64606203001,150.30793796999
ETH,2019-01-08,146.96,151.65,145.78,150.91,263842.92714,150.5365,150.1082,150.17205,59.77928425864076,0.23527329933577334,0.18892170353961724,0.3044426473344362,51.58564936503043,151.13306600640746,149.93993399359252
ETH,2019-01-09,150.41,151.25,147.41,148.51,165828.97291,148.4765,148.3176,148.48855,53.178541454884936,0.023550085094370843,0.044174621853244146,0.1866174581877692,9.206851023245333,148.60600289570357,148.3469971042964
ETH,2019-01-10,148.24,148.71,126.3,129.13,547447.04586,129.402,129.53119999999998,129.4066,38.59218439542581,-0.11310515751802086,-0.07349959263154311,0.1723309568581191,23.841500613724648,129.78958740948457,129.0144125905154
ETH,2019-01-11,125.73,127.12,120.08,124.37,331368.93227,125.1605,125.09080000000002,123.22290000000001,30.94075380086819,-0.2109056477024751,-0.09425567827659032,0.26851708821126785,28.50813467015181,126.14902364665653,124.17197635334347
ETH,2019-01-12,123.78,126.19,122.6,124.26,166786.40134,124.37100000000001,124.5288,124.64479999999999,34.972469378540566,-0.07228792312216115,-0.06781377373879872,0.09362452380905274,40.35103916672834,124.557214929583,124.18478507041702
ETH,2019-01-13,122.7,124.25,121.71,122.2,107570.30927,122.33099999999999,122.34300000000002,122.75865,41.51215579267927,-0.04143361286699587,-0.02257566804541508,0.11562114478864301,19.066687683676037,122.51032094133267,122.15167905866731
ETH,2019-01-14,116.11,123.76,114.47,122.0,198378.527,117.8885,116.41940000000001,115.79695,84.6361473581747,1.7340058478695113,1.1577726858438528,0.7798270589109672,54.793687890867304,123.58219923687561,112.19480076312438
ETH,2019-01-15,127.13,129.4,123.1,125.15,286421.0402,125.0465,126.17820000000002,126.4049,44.66569255264161,-0.19650295141057939,-0.29377326811784876,0.3564608318439071,34.68156079836056,125.56616431472331,124.52683568527668
ETH,2019-01-16,119.07,126.88,118.55,121.83,281515.54169,121.85499999999999,122.0016,122.82889999999999,45.8327619931922,-0.037978091874805386,-0.046922102664206294,0.14322070948835527,12.310836010511009,122.00579787796129,121.7042021220387
ETH,2019-01-17,121.62,121.99,116.8,119.81,262141.15771,119.6695,119.56199999999998,119.4605,54.78449087775934,0.04109713955052996,0.02918840577062109,0.3379375114056278,22.19242502753527,120.23819939335336,119.10080060664664
ETH,2019-01-18,121.17,121.9,118.68,120.6,135234.47672,120.5115,120.23819999999999,119.93939999999999,59.211362955611406,0.06788805187501623,0.07476925437681288,0.1451239185871911,28.401427533234944,120.78074152725672,120.24225847274327
ETH,2019-01-19,119.83,125.29,119.66,123.38,188601.49727,123.423,123.384,123.39055,47.10277801258086,0.0004718944362309685,0.013722868617755894,0.10095317063483669,17.455489904483514,123.53912062695292,123.30687937304708
ETH,2019-01-20,122.6,123.2,115.68,117.34,287524.45352,117.7095,117.77600000000001,117.65504999999999,20.573542122686636,-0.11735953496261686,-0.06582574723369573,0.13125527312297627,25.86369398476193,118.10067643078611,117.3183235692139
ETH,2019-01-21,117.09,118.5,113.61,116.22,204217.78485,116.05050000000001,116.0866,116.6551,56.34664623175632,0.08261788462203867,0.045888008274537484,0.14486990148679066,38.38049133663034,116.5186228471236,115.58237715287643
ETH,2019-01-22,116.73,118.17,111.39,117.74,242929.46521,117.699,117.52960000000002,116.70594999999999,55.78594039352791,0.10270010903983007,0.10048667109330707,0.10216479560470179,25.590496541892033,117.9886135355981,117.40938646440189
ETH,2019-01-23,118.16,118.95,116.25,117.45,126180.30616,117.50399999999999,117.4932,117.7121,44.89075369481662,0.004687124515072583,0.014565743354055314,0.10109914021042597,9.908878947642917,117.5877615663668,117.42023843363319
ETH,2019-01-24,115.54,117.14,113.61,115.56,142331.9411,115.4935,115.7384,116.13365,47.988961899705835,-0.045493406639380396,-0.07530420649121503,0.11298468978119149,26.19970444496862,115.65340934932098,115.33359065067901
ETH,2019-01-25,116.34,117.5,114.3,115.75,146279.3729,115.75,115.699,115.52525,51.58096268647169,0.019988922366920292,0.028356566826721847,0.09443005449061109,24.437033322145382,115.88475904422657,115.61524095577343
ETH,2019-01-26,115.15,118.0,115.11,115.43,108533.33957,115.76050000000001,115.9034,116.09285,33.310586271833195,-0.11813866738860668,-0.08937245174208534,0.1446848278865319,37.14575672846859,116.1155478840956,115.40545211590441
ETH,2019-01-27,115.53,115.68,111.04,113.22,152070.27304,113.3185,113.4324,113.46075,40.42316537588505,-0.06514119884478475,-0.05609986317936673,0.09155495369039887,21.52036239046248,113.53779660279969,113.09920339720031
ETH,2019-01-28,110.44,110.83,100.91,101.17,365095.88641,102.047,102.7792,103.63975,23.236260435367445,-0.3930229592259451,-0.3229152576288079,0.3247881429040186,48.56089499997588,102.87559157611288,101.21840842388711
ETH,2019-01-29,104.6,105.52,102.22,105.31,185774.25938,105.1385,105.2456,104.8849,60.78760240541569,0.031803284529644316,-0.0045776163730082585,0.10093678347026301,16.03298908748043,105.37448940654112,104.90251059345887
ETH,2019-01-30,104.37,109.8,104.12,108.29,238927.24974,108.4455,108.4766,108.12055000000001,41.39922864730005,-0.06006127665025929,-0.04000613866268456,0.12429979004624299,30.70580891455679,108.7431894354922,108.1478105645078
ETH,2019-01-31,109.17,109.53,105.46,106.5,193258.31826,106.0,105.96099999999998,106.55345,80.34148462710714,0.09341963782263463,0.040245355276303754,0.12664702659148042,35.616374329874155,106.34426733797639,105.65573266202361
ETH,2019-02-01,104.42,108.0,104.2,106.8,131806.59888,106.857,106.95660000000002,107.09094999999999,41.40931090323789,-0.049228597170852595,-0.04608034360288513,0.07338244083621032,20.415379727242296,106.99758449417736,106.71641550582264
ETH,2019-02-02,107.22,108.33,106.07,107.62,86461.39451,107.828,107.7912,107.70915,32.22180345949205,-0.01991157071901739,0.010404116554860818,0.08500902421261482,23.64660071204557,108.00538094599551,107.6506190540045
ETH,2019-02-03,109.97,110.4,106.82,107.71,119932.58242,107.675,107.5316,107.95439999999999,54.869017029130895,0.05885517069218338,0.06577660522257084,0.11063102939377452,22.69207157587058,107.9077659769035,107.44223402309649
ETH,2019-02-04,107.18,109.3,106.57,107.53,93974.93272,107.55799999999999,107.5332,107.45240000000001,45.28185021685342,0.005783240708595372,0.006912497180814437,0.051574931358642176,17.15692201334428,107.5992795348869,107.51672046511308
ETH,2019-02-05,107.5,108.18,106.67,107.13,88179.63155,107.11800000000001,107.06379999999999,107.3259,55.00058941090129,0.02453445592585979,0.024351376033292696,0.06172066620989398,31.175180437045896,107.19509734106879,107.04090265893123
ETH,2019-02-06,103.0,103.87,101.94,103.45,141143.86242,103.34649999999999,102.87819999999999,102.9337,67.90640835681198,0.15656796485775715,0.1699001137249622,0.13511882560173918,24.884662598099716,103.48379894391925,103.20920105608073
ETH,2019-02-07,105.21,106.18,104.49,104.61,87515.91386,104.7565,104.7766,104.8309,34.8475592722005,-0.022237194269834504,-0.00041044570093440487,0.07577028884562066,20.122089958203176,104.90686954478838,104.60613045521163
ETH,2019-02-08,104.23,110.41,103.41,110.32,206915.66662,109.64650000000002,109.2582,108.79789999999998,74.05585860158304,0.2789624634250032,0.21469135985434212,0.2129877744919345,60.291355071751184,110.34779237840222,108.94520762159782
ETH,2019-02-09,117.92,121.99,117.64,118.77,218758.43932,119.0375,119.44959999999999,119.46455,23.453808267527897,-0.16978242568589508,-0.17209712618832576,0.1432749216824661,60.097987125199886,119.35283315715365,118.72216684284633
ETH,2019-02-10,119.25,119.51,115.81,116.98,193756.47206,116.941,116.84899999999999,116.84549999999999,57.15909899474425,0.017701672677304714,0.014078423427552566,0.10412861059009366,16.59625003843433,117.07574420209679,116.80625579790322
ETH,2019-02-11,121.0,123.5,119.24,121.1,193938.78255,121.5565,122.18520000000001,122.00744999999999,34.17545927051217,-0.33818421706307333,-0.3072836199169703,0.23992572447753588,47.73293637260937,122.41599461894926,120.69700538105074
ETH,2019-02-12,119.82,121.63,119.51,120.16,158126.76252,120.06999999999998,120.27060000000002,120.6524,48.315511389866394,-0.0193100637289092,-0.05539729672944379,0.12357544907568227,20.495138497314013,120.37344686520186,119.7665531347981
ETH,2019-02-13,122.01,126.47,120.83,121.82,232349.59036,121.5605,121.63179999999998,122.56599999999999,60.78016190695116,-0.006794749822091717,-0.04009008760974619,0.1876981496845298,33.00421354608893,121.7997885287663,121.32121147123371
ETH,2019-02-14,123.92,124.5,120.1,122.14,204528.96241,122.18050000000001,121.83699999999999,121.3644,53.97320306228806,0.07040370587890266,0.1163913643988915,0.13051639059205755,38.93342453393005,122.43185433157628,121.92914566842374
ETH,2019-02-15,121.09,124.25,120.3,120.83,188426.95549,120.95249999999999,121.1144,122.05054999999999,41.83775598937778,-0.11653789444737583,-0.11138836019665964,0.17837815368852802,26.813154787743972,121.2609720408766,120.64402795912338
ETH,2019-02-16,121.94,123.9,121.81,123.51,126809.31728,123.65799999999999,123.6458,123.2526,39.06029865648514,-0.04579152402079956,-0.017403467458340934,0.0852350226938994,19.865770046854134,123.86638426044031,123.44961573955966
ETH,2019-02-17,123.03,130.9,122.97,126.58,312240.33137,126.72349999999999,126.76900000000002,126.03395,37.15026216414538,-0.05598854870650882,-0.036009836901607736,0.11061279541161619,16.487759884771823,126.93790848865522,126.50909151134475
ETH,2019-02-18,134.89,146.67,134.58,143.35,608530.07078,143.1195,142.9306,143.627,57.70492478097605,0.07615020484956858,0.09086681908993327,0.2771138265913513,15.937886447841612,143.7132836306059,142.52571636939408
ETH,2019-02-19,146.22,148.77,144.52,147.1,376245.06313,147.2005,147.1976,147.22875,45.1364348336602,-0.01972513902333617,-0.0005455565577518829,0.17684967327459938,9.615647050928994,147.41342956582312,146.9875704341769
ETH,2019-02-20,142.14,148.47,140.2,145.37,349812.3598,145.9905,146.0526,146.6785,24.349305908930376,-0.08069960150135103,-0.012814046258200965,0.16339440876142705,22.524193702499765,146.39756142040073,145.58343857959926
ETH,2019-02-21,146.29,149.61,142.7,144.77,284896.45868,144.56900000000002,144.5302,144.64205,63.47560670070566,0.06319426953223228,0.02819266299560276,0.11476212514094733,24.265796791776964,144.80351225981377,144.33448774018626
ETH,2019-02-22,146.76,148.85,143.85,146.78,250519.90968,146.66,147.0916,147.6463,49.59500309540326,-0.1330169902541627,-0.16437381941174123,0.19030967973068516,32.67019887749647,146.9410693864367,146.37893061356328
ETH,2019-02-23,147.56,148.5,145.78,147.18,157803.8144,147.2735,147.3816,147.5963,44.65465501185873,-0.041706005698216586,-0.03290148822658985,0.16594194921511843,34.533123516932726,147.60794132519578,146.93905867480424
ETH,2019-02-24,159.19,166.0,137.0,138.74,726822.59083,140.615,140.91219999999998,152.6004,28.41752589750895,-0.5362113816238434,-0.3504435015129015,0.6069480757867919,26.399618675236077,142.09645199040858,139.13354800959144
ETH,2019-02-25,135.89,140.09,134.86,137.04,371092.89859,137.04000000000002,137.02380000000002,137.66049999999998,51.47075390003387,0.007083972683517459,0.006325771201318305,0.10017681770761097,14.90623470512556,137.1009918027116,136.97900819728844
ETH,2019-02-26,138.27,138.37,133.72,136.82,297035.26639,136.71,136.62519999999998,135.8967,55.539552475981594,0.08278831947529852,0.08108589166372754,0.16501908814338662,23.827317141823013,137.08587231874762,136.3341276812524
ETH,2019-02-27,135.41,140.29,135.21,137.34,253451.14445,137.294,137.2742,137.9488,52.52615598437552,0.037925448034940246,0.029490885489405396,0.1404282259178134,20.405433452974425,137.47647191566077,137.11152808433926
ETH,2019-02-28,136.19,139.0,132.1,138.29,292356.66065,136.4345,136.625,136.53845,61.550898584556066,0.15027059090107286,-0.1412352183156171,1.0168592526300535,30.95140685251061,138.77422199203227,134.09477800796776
ETH,2019-03-01,135.78,136.95,135.0,135.65,163593.34074,135.58300000000003,135.64700000000002,135.485,53.60509634017553,0.010551745149740555,-0.010692882960508313,0.10329418685167281,22.938296594616475,135.7268193311067,135.43918066889336
ETH,2019-03-02,135.71,135.8,130.03,132.49,191510.23637,132.4845,132.7072,133.08855,45.21205038705229,-0.052697972031921836,-0.06462238510998451,0.1424766410417818,30.504805160072358,132.68484719863702,132.28415280136298
ETH,2019-03-03,133.48,134.6,131.0,131.73,105419.74631,131.5925,131.8102,132.5669,52.377217261665436,-0.06828159908678799,-0.10855522163561987,0.23229873585838084,32.80831832342458,131.9328454127803,131.2521545872197
ETH,2019-03-04,130.23,130.24,122.6,125.7,281426.71421,125.731,125.87019999999998,125.1344,45.43664179778409,-0.024466289869195634,-0.028706243797125948,0.14748909336702748,18.63174699696066,125.93806520712012,125.52393479287987
ETH,2019-03-05,125.4,135.0,125.19,133.82,307106.67154,134.201,133.8552,132.24735,43.24815204986252,-0.005576178255239483,0.07027594528470318,0.2464320124136323,22.641205579355496,134.6765165612161,133.7254834387839
ETH,2019-03-06,135.65,140.29,134.15,137.48,250350.86195,137.599,137.207,137.18290000000002,51.61781857636932,0.0493382275073202,0.10122157218748039,0.14472781385810862,20.347189865696134,137.98587982631355,137.21212017368643
ETH,2019-03-07,138.21,140.2,135.2,137.14,193640.58584,137.54850000000002,137.4416,137.15249999999997,42.517278512586564,-0.09333561991135753,-0.020973591556819066,0.23988314193348756,23.507637988466396,138.23585071106655,136.8611492889335
ETH,2019-03-08,136.38,138.0,135.17,137.42,147885.8411,137.205,137.29840000000002,136.79755,66.51830637277638,0.037233786767359334,0.0009943384617320224,0.09752629190614347,17.282864577072164,137.42640460699445,136.98359539300557
ETH,2019-03-09,134.12,138.65,134.04,137.25,168583.4049,137.3855,137.65540000000001,137.42245,42.737669335156326,-0.09235612630575929,-0.07975834858852339,0.23153549070677482,20.973255598029642,137.7362406449156,137.03475935508442
ETH,2019-03-10,137.16,137.22,134.0,135.53,127483.3427,135.547,135.5174,135.3613,48.74694453765884,0.035612297843442775,0.030111816620033167,0.1258509072625394,16.650137304574915,135.72778716768633,135.36621283231366
ETH,2019-03-11,135.99,136.15,131.0,131.9,184646.64402,131.805,131.9404,132.1137,54.135781081137736,-0.017808383274910966,-0.04216775900939556,0.11581732785199494,18.10424697255338,132.00891174565012,131.6010882543499
ETH,2019-03-12,133.26,135.3,131.9,133.09,137850.79377,133.2235,133.4406,132.9202,34.800145053642645,-0.11029368635945502,-0.10471849754977214,0.07342199624877908,32.878321365008574,133.50643285422166,132.94056714577835
ETH,2019-03-13,132.57,133.45,130.58,131.83,142492.6843,131.6415,131.6784,132.1658,58.020857380149245,-0.0014628442731066116,-0.033698563221131475,0.1379373666650389,13.651479927431039,131.84743931145243,131.43556068854758
ETH,2019-03-14,132.16,135.11,128.52,132.33,193142.95749,132.147,132.15660000000003,131.86720000000003,57.93302332305864,0.05418821395875284,0.029562090932194664,0.1790391177365144,15.501808189714609,132.39072935810105,131.90327064189893
ETH,2019-03-15,133.16,136.84,132.57,136.48,181168.79894,136.3515,135.91660000000002,135.0764,58.81790527725301,0.1555181123053444,0.19130293131046194,0.22509689475695818,35.9998719274981,136.76396939282077,135.9390306071792
ETH,2019-03-16,138.58,144.47,136.7,140.22,349407.556,140.048,140.2304,140.189,54.106986055774264,-0.008489638675229116,-0.0395589672134748,0.1538545881056907,21.325972592781103,140.29430062930734,139.80169937069266
ETH,2019-03-17,138.06,140.37,137.2,139.43,137339.1768,139.2745,139.2426,139.07745,60.033703833561226,0.04174193155265016,0.019673282260431142,0.11426827697962871,10.998233141208422,139.42935154180216,139.11964845819782
ETH,2019-03-18,140.79,140.85,136.1,137.41,182719.09659,137.3915,137.40040000000002,137.54845,50.214901400116375,-0.00048001763587990354,-0.0018660509889492517,0.11485245244584322,12.963428505403419,137.47081582435794,137.31218417564207
ETH,2019-03-19,138.52,138.95,136.97,137.87,133556.48711,137.84449999999998,137.8812,137.8839,52.13673752595673,-0.018492883068063293,-0.0292552027931378,0.07514459548255133,16.724333037679624,137.958073764581,137.73092623541896
ETH,2019-03-20,137.74,138.72,136.01,138.22,124515.20926,138.1155,138.2462,138.28695000000002,53.55370330408448,-0.02020524953334757,-0.04039043743160052,0.11666026974940241,36.39062478698975,138.29421485668288,137.9367851433171
ETH,2019-03-21,138.82,139.5,131.21,134.21,204541.77892,134.631,134.3984,136.83515,41.373311924240134,-0.04946413752819012,0.001827250115599706,0.2833846521322469,20.30468163371114,135.06780201464193,134.19419798535807
ETH,2019-03-22,134.86,137.2,134.69,136.71,128277.30617,136.7155,136.8768,136.62885,46.48396507506988,-0.07367832180807454,-0.08720758103810773,0.09575204710439031,29.91962534655546,136.99157788756986,136.43942211243012
ETH,2019-03-23,136.43,138.21,135.93,136.7,121721.52563999999,136.5885,136.4808,136.49505,68.33716936452504,0.06390185439349239,0.05525545545006255,0.06280254593156659,45.606395194904614,136.70854582457864,136.46845417542139
ETH,2019-03-24,136.62,137.15,135.69,136.41,108360.83133,136.4425,136.47299999999998,136.5006,45.04385757913458,-0.010089643252456426,-0.009945564043766734,0.07912112082950382,36.74938997064227,136.5007666285388,136.3842333714612
ETH,2019-03-25,136.41,136.64,133.82,134.5,107095.93476,134.90550000000002,135.0942,135.30635,29.567156300858286,-0.18127298434626482,-0.13362076035307946,0.21601008857684828,60.73353539533198,135.43148384005246,134.37951615994757
ETH,2019-03-26,134.34,134.74,132.27,133.43,117396.9487,133.40749999999997,133.4958,133.06005000000002,48.865853972890505,-0.022403018428263977,-0.027492127624005536,0.10877836858583191,14.968782110157726,133.46877805480403,133.3462219451959
ETH,2019-03-27,136.68,138.93,136.28,137.99,181911.95936,137.87650000000002,137.8402,137.96515,56.17820718696528,0.053140489379728706,0.0454060314273734,0.12414199908866543,23.122343166614,138.13466854959077,137.61833145040927
ETH,2019-03-28,138.56,138.82,137.3,138.36,97296.13344,138.3405,138.34720000000002,138.04579999999999,51.573959433705966,0.004083550358785715,0.005486959963954755,0.09242436007659365,13.806753889145114,138.4291510011274,138.2518489988726
ETH,2019-03-29,138.26,142.27,137.62,140.91,166488.89325,140.959,140.8048,140.8083,50.073538093627654,0.02323023544030889,0.04108155380603459,0.0790831256296437,26.18368168240118,141.03796834808637,140.88003165191364
ETH,2019-03-30,144.74,144.9,141.0,141.67,142368.17919,141.9135,141.9618,142.04945,33.7079948658114,-0.05683672019176811,-0.020668012047340832,0.11284088536703232,24.544287915140945,142.18095279956714,141.64604720043286
ETH,2019-03-31,141.24,142.24,140.42,141.67,82276.37171,141.6615,141.75439999999998,141.6399,47.8252769240909,-0.02384581255108742,-0.030837930597421858,0.07018071322825777,19.337155787196494,141.75255492848183,141.57044507151815
ETH,2019-04-01,142.54,143.06,141.67,142.44,111279.3195,142.3585,142.36860000000001,142.24005,55.49914728306645,0.011470496740116687,0.0052157153404982035,0.12692083763867984,17.349427802429016,142.53345999543407,142.1835400045659
ETH,2019-04-02,141.24,159.48,141.06,154.13,640626.35216,154.2235,155.91299999999998,154.5205,41.034833023345705,-0.4020851927140541,-0.5062487195858413,0.47450868190567386,34.238862479805974,154.69165702497023,153.75534297502978
ETH,2019-04-03,166.49,175.25,158.56,166.99,594462.73349,167.2945,168.166,167.52175,43.62204554993601,-0.34274026102480093,-0.3968728674723636,0.48197654899019454,40.0208577836109,168.65663765823925,165.93236234176075
ETH,2019-04-04,163.62,163.71,157.92,160.81,308967.2063,161.286,161.2044,161.01625,38.472770910104074,-0.11281128029833098,-0.03927570220901795,0.23858167939777128,23.037274528695352,161.86993150283126,160.70206849716874
ETH,2019-04-05,158.71,167.83,155.94,163.43,358231.13907,163.5905,163.89739999999998,164.5957,41.494523018882944,-0.0919350454011294,-0.09591060978005568,0.3227334404520624,23.435710263567408,164.16743933823864,163.01356066176135
ETH,2019-04-06,164.12,165.16,159.2,163.76,147677.91343,163.478,163.39520000000002,163.28130000000002,64.13234089165142,0.06697633662440694,0.03925702154662912,0.15444599238524948,14.471326411690539,163.70878994779451,163.2472100522055
ETH,2019-04-07,165.22,169.1,164.72,167.36,192336.14871,167.55900000000003,167.77599999999998,167.4463,37.147400265683316,-0.07547879720991091,-0.06344393383555903,0.17781546072420792,25.536608893088996,167.789729278586,167.32827072141404
ETH,2019-04-08,182.53,185.87,170.9,177.06,496045.58699,176.51299999999998,176.00580000000002,175.3173,65.02333037221779,0.286184464579776,0.2540719920929963,0.28839034726540735,26.11072874583507,177.36013871355954,175.66586128644042
ETH,2019-04-09,175.69,177.99,171.05,175.28,303674.5149,175.656,175.7288,176.58595000000003,39.90076474864519,-0.077226174649212,-0.04876488599168275,0.25935073484906945,19.383423406155288,176.0062798881009,175.30572011189912
ETH,2019-04-10,176.78,181.6,176.6,179.18,237872.1741,178.86700000000002,178.82299999999998,179.25459999999998,59.40325128837094,0.04747972203392692,0.008566981425267966,0.1980472463759355,15.693295422905186,179.18700624993807,178.54699375006197
ETH,2019-04-11,174.76,176.27,158.27,163.02,482270.74862,163.047,162.2732,162.55835,54.43330947589341,0.3284456149338837,0.3389123747475384,0.35211706974319795,29.4000173115429,163.71534422267123,162.37865577732876
ETH,2019-04-12,162.43,166.5,158.11,164.09,224328.5071,163.956,163.674,164.4582,60.41007484342072,0.08070538591499599,0.07886482144029007,0.16974613492976026,28.626561517650746,164.16798113122664,163.74401886877334
ETH,2019-04-13,163.19,165.37,160.74,163.49,128456.01283,163.428,162.8564,162.35385,58.47776185661063,0.23273628326873563,0.2513252677930964,0.17929671763120256,43.55604951182476,163.86593150149525,162.99006849850474
ETH,2019-04-14,163.67,163.94,161.2,163.13,84783.02199,163.10250000000002,163.2132,163.05025,50.38686506388905,-0.035200817074468205,-0.044141389634346245,0.08756173815833253,34.52100329388645,163.20830642702458,162.99669357297546
ETH,2019-04-15,168.01,168.81,163.47,166.25,132491.40069,165.44099999999997,165.079,165.04425,70.37481977025183,0.3530154000179948,0.27700386973028124,0.24360823965092648,32.990187907940246,166.6630458256563,164.21895417434365
ETH,2019-04-16,161.8,163.71,160.0,161.69,101625.41513,161.23399999999998,160.9552,161.5803,63.43152380439739,0.2993907823367863,0.2512393168490471,0.2221436517934903,32.47914213068521,162.4532850364063,160.01471496359366
ETH,2019-04-17,164.62,166.49,163.78,164.88,133835.39025,164.774,164.78239999999997,165.07289999999998,55.364608794488895,0.019075277746139818,0.005309077809914341,0.13343085396217375,11.768217307757213,164.98418087448727,164.56381912551274
ETH,2019-04-18,165.94,173.0,165.92,171.19,246554.0905,171.04000000000002,171.0914,170.95155,52.836133858031864,0.07610489022977163,0.04730802568847155,0.20353384773972708,23.708422198518406,171.5847935388743,170.49520646112575
ETH,2019-04-19,171.71,173.55,168.59,171.9,194714.8663,172.0945,172.00240000000002,172.14245,38.101297941628594,-0.0293879857891568,0.009196953376870643,0.11053560845730938,21.92103917038411,172.33050635584385,171.85849364415617
ETH,2019-04-20,172.54,176.97,171.86,171.99,160993.21808,172.2105,172.4546,172.7012,32.039821862098954,-0.09708338110056047,-0.08777402046019211,0.141258532844602,27.567832341254963,172.3855971159229,172.0354028840771
ETH,2019-04-21,172.72,173.05,164.82,167.19,218053.46321,166.99399999999997,167.2266,166.8641,54.1824387614959,0.004768640359486653,-0.039520246917821834,0.1760772566922687,23.610392687919163,167.33207691430135,166.6559230856986
ETH,2019-04-22,168.88,171.35,167.0,170.3,125530.92312,170.3255,170.17340000000002,170.37135,50.61488034054906,0.047962982617150374,0.05928353454914105,0.11980184166411473,29.59411958514018,170.47388800491396,170.17711199508605
ETH,2019-04-23,170.0,175.83,169.98,173.69,237481.0663,173.824,173.93059999999997,173.58645,41.71507559738301,-0.07343730071795562,-0.06665982176316254,0.15915931794967508,31.438443400534084,174.1260198668983,173.52198013310172
ETH,2019-04-24,166.27,169.68,160.68,163.47,276468.74683,163.2375,163.1654,163.57434999999998,58.26750699702636,0.03353158433327508,0.00995146858533224,0.1845811119809954,10.644217878286074,163.49679712687757,162.97820287312246
ETH,2019-04-25,164.57,164.91,160.9,162.56,136807.07948000001,162.8215,162.995,163.082,36.50948545260166,-0.05053793296144704,-0.03259709534505185,0.22686624635881766,23.5208573065727,163.11429856557376,162.5287014344262
ETH,2019-04-26,155.46,162.56,155.01,156.3,309187.63272,156.3955,156.4034,156.6917,45.92726232161934,-0.01950326301317773,-0.021912725660122104,0.16379547715470416,13.094624265193467,156.62066438439075,156.17033561560925
ETH,2019-04-27,157.83,166.24,156.35,157.45,122428.10619,157.36049999999997,157.365,157.0821,53.416802130768204,-0.0069922056337077265,-0.01038922009615732,0.15484703207712183,10.659523510700373,157.54044165720708,157.18055834279286
ETH,2019-04-28,159.53,160.24,157.52,158.17,87015.64496,158.5455,158.3902,159.32815,32.719931235551854,-0.07700277582517856,-0.023847840091134435,0.15135011514823618,15.7206349317871,158.89303273227807,158.19796726772194
ETH,2019-04-29,157.82,159.05,152.0,154.81,139995.70563,154.6795,154.4854,154.61935,58.42528328614878,0.08814968818333568,0.0866617231569635,0.14530910843208825,20.116330806336745,154.9479380747899,154.41106192521008
ETH,2019-04-30,155.61,160.3,155.53,158.74,193847.06776,159.4,159.3402,159.14255,30.78761549716026,-0.11551515220622832,-0.01757001023616304,0.2380946457383566,18.392129402529754,159.99181078057057,158.80818921942944
ETH,2019-05-01,162.74,163.18,159.52,160.13,97795.33759,160.387,160.42600000000002,160.38285,34.03680006603677,-0.035985526647579036,-0.007509266536667685,0.12533612747541226,28.394717507380836,160.55777470539456,160.21622529460544
ETH,2019-05-02,159.8,161.74,158.5,160.95,106867.64423,160.7305,160.5334,160.39675,65.08857758171428,0.13449325100731357,0.1132780608732294,0.17796138917070325,25.354900659680617,161.0415289375583,160.41947106244172
ETH,2019-05-03,162.19,170.86,161.98,168.87,300149.08331,168.91950000000003,168.8948,168.45165,47.326609465016965,0.010918031441235598,0.010831410263755665,0.16809763930560734,10.288822871573021,169.0384075270495,168.80059247295057
ETH,2019-05-04,169.7,171.3,159.76,162.53,206923.07304,162.45499999999998,161.9518,163.03449999999998,56.327906066923276,0.19008818562446095,0.21398655643317638,0.22899818678166847,21.157491519233837,162.92563786504013,161.98436213495984
ETH,2019-05-05,163.51,165.36,161.87,162.93,80349.23271,162.8395,162.9852,163.0482,53.19376636218782,-0.05254637344350499,-0.06500636919573158,0.1756842672460908,20.574072727575757,163.04844736178532,162.63055263821465
ETH,2019-05-06,161.36,168.09,157.55,167.61,168781.23134,166.89600000000002,165.8268,164.8375,65.83031341331242,0.47444165837714536,0.43827756746100693,0.3837831350160287,44.14713677763902,167.7996902124081,165.99230978759192
ETH,2019-05-07,179.79,181.6,170.0,173.18,400310.88242,172.96550000000002,175.00960000000003,177.15195,45.87506341696158,-0.41021614086187697,-0.5960466760857142,0.6325726981791701,33.47437066964524,173.62883927972143,172.3021607202786
ETH,2019-05-08,168.81,172.28,168.23,169.86,144028.40063,169.558,169.7618,170.7358,58.01788523049084,0.04738653116245928,-0.022417766971017584,0.2655607215953662,18.951925468628243,169.87280787791929,169.2431921220807
ETH,2019-05-09,172.27,173.3,167.63,168.95,153767.19011,169.3055,169.36100000000002,169.47150000000002,31.99932427376993,-0.07076797915721045,-0.03633500882132934,0.14973309607469842,15.06229015565073,169.54753098975712,169.06346901024287
ETH,2019-05-10,169.56,176.2,168.93,172.7,272476.89513,172.8445,172.84799999999998,172.63405,40.51233641316497,-0.04431081761202904,-0.02699266153338023,0.14486334274061036,10.094428076215642,173.0133164684073,172.6756835315927
ETH,2019-05-11,174.77,194.89,174.38,190.23,502336.48478,189.76399999999998,190.23440000000002,189.33505000000002,57.783500681155964,0.06090697864408412,-0.045171420854884084,0.3087284461508847,19.764818688028964,190.37268382599746,189.1553161740025
ETH,2019-05-12,193.39,204.32,186.55,188.39,481890.12701,189.406,189.4682,189.91510000000002,37.928007193737876,-0.354112540412018,-0.19869851658552018,0.5160941249593346,33.982322711228086,190.6146256657906,188.1973743342094
ETH,2019-05-13,189.62,195.47,186.0,194.89,218231.66233,193.024,192.4386,192.1471,74.8286812648623,0.6181855718445775,0.34621893215375477,0.48756407439933924,41.756210823645056,194.8281441184143,191.21985588158572
ETH,2019-05-14,197.17,215.98,196.81,207.06,491798.35073,207.8125,208.6536,208.2329,38.23788662092651,-0.3217252102664361,-0.2970034825783488,0.6199396571816695,27.809189346549925,208.76067456198996,206.86432543801004
ETH,2019-05-15,221.05,244.37,217.34,240.7,415446.11262,241.05899999999997,239.062,239.70105,54.55167761921992,0.5445195505511151,0.6608870169664552,0.5533557827710395,25.74120516976559,241.7946330607061,240.32336693929383
ETH,2019-05-16,262.86,273.52,241.76,261.76,953883.02559,259.82550000000003,255.8832,251.6511,62.15233933730613,1.5688232585404194,1.6025717248520421,1.3736630092665771,46.05526449233436,263.3531704778118,256.2978295221883
ETH,2019-05-17,261.05,261.24,223.96,238.41,1034843.36244,237.10499999999996,238.7836,233.81375,55.22315252833361,-0.32778346668223435,-0.5933844370726641,0.8321323316518978,26.923557376086727,238.60315219520717,235.60684780479275
ETH,2019-05-18,242.57,244.95,230.62,237.7,391119.84778,236.83149999999995,236.9612,235.79625,65.41608277400871,0.1797170469334617,0.053480156755574035,0.4067168182360692,21.236745704630312,237.70802210468372,235.95497789531618
ETH,2019-05-19,240.29,259.5,239.55,253.65,595335.78022,254.4725,253.71359999999996,253.1131,40.136557349295245,-0.030713363766324164,0.14660557511562017,0.40397624997717163,23.40274494212166,255.33465717824808,253.6103428217519
ETH,2019-05-20,249.72,255.64,238.0,243.75,345346.49012,244.1435,244.59380000000002,245.19145,43.02675962736818,-0.3230918356727557,-0.25779644477608493,0.4904521892059376,27.21269973187736,245.21616537185798,243.070834628142
ETH,2019-05-21,252.1,255.88,246.06,250.5,275701.86665,250.2715,250.1988,250.41944999999998,54.075638992118456,0.09151977504947695,0.06874857204956152,0.49359570119621304,14.6999847286276,251.11939798914767,249.42360201085233
ETH,2019-05-22,256.35,258.32,249.5,252.75,251346.01515,252.853,252.4878,252.13479999999998,50.12963389226048,0.09406478646627647,0.15256222138203535,0.30775293808477994,17.907860890540647,253.44094897736676,252.26505102263326
ETH,2019-05-23,243.78,245.01,231.1,241.6,369390.79207,242.12849999999997,241.8558,238.50834999999998,43.773142723481406,0.11154062702149758,0.18781150213699985,0.4879530567683256,22.55355784617651,242.82294294219864,241.4340570578013
ETH,2019-05-24,245.74,252.44,241.54,250.58,264512.99834,250.16749999999996,249.847,250.25594999999998,66.06957549489539,0.15743443098634202,0.10351937913009748,0.2691223042364978,28.18663644853167,250.69037187723978,249.64462812276014
ETH,2019-05-25,249.51,257.33,248.0,250.66,229171.24764,250.37800000000001,249.6924,252.435,60.76181569799436,0.2976766456698101,0.2993144579943395,0.3381602922559992,12.432780773255011,251.06698766316543,249.6890123368346
ETH,2019-05-26,250.51,251.0,245.11,248.66,148572.11227,248.36499999999995,248.45579999999998,247.217,60.131570944335415,0.07584428584397074,0.04091984071390076,0.21769379209719125,14.67482121325942,248.68968446221334,248.04031553778657
ETH,2019-05-27,269.0,272.47,262.52,269.34,244949.17245,268.39399999999995,268.3036,267.64805,69.34785020837252,0.23984845614188544,0.07540562062589891,0.3820966579207766,19.63380999359418,269.31531210781213,267.47268789218776
ETH,2019-05-28,269.89,274.27,264.45,268.42,230135.64223,268.54650000000004,267.887,268.64664999999997,53.31582383842375,0.15843522194796833,0.22622501418326377,0.29888351064794716,24.28984738183559,268.8604601885564,268.2325398114437
ETH,2019-05-29,270.33,274.04,260.05,271.97,256771.84161,272.1895,272.3898,269.96425000000005,46.06466274821181,0.027009207672051616,0.06915951185438708,0.4177418200701306,12.567701007445121,272.9872085934244,271.39179140657563
ETH,2019-05-30,271.57,287.83,267.7,283.33,475653.70148,282.9995,283.23440000000005,283.70945,58.1009772814729,-0.06842064369885748,-0.11825714690018066,0.25426574520797435,36.311474253730104,283.4490987100121,282.54990128998793
ETH,2019-05-31,257.08,263.0,245.21,260.92,374252.45221,260.3485,260.81199999999995,258.5477,52.962096087556,0.23632604288388848,0.1002207188158176,0.6749912959237276,20.854511420821233,262.1264344757346,258.5705655242654
ETH,2019-06-01,273.4,273.42,263.0,263.59,205388.3681,265.0145,265.6678,267.80385,29.93179599814017,-0.44315685171699215,-0.32898697384193865,0.5484340567304369,24.445325529965064,266.2310603149932,263.7979396850068
ETH,2019-06-02,268.03,273.2,263.3,268.11,190746.60995,268.50800000000004,268.3412,269.8548,44.79054232348191,-0.12134910733277593,-0.05241719745159584,0.4472503771273362,23.941190710445106,269.28929635861635,267.7267036413837
ETH,2019-06-03,265.93,270.0,255.51,258.8,220870.49492,260.2875,260.6674,262.3664,22.348234368180982,-0.4217406983173646,-0.27976238832924083,0.36530246054058796,29.608893210228707,261.5039682486636,259.0710317513364
ETH,2019-06-04,250.07,251.67,242.66,250.78,270126.7708,250.48649999999998,250.5884,248.65130000000002,56.00672415397555,-0.03518025754013365,-0.09329939678598927,0.341394462197088,15.808899180567021,251.27818870145381,249.69481129854614
ETH,2019-06-05,242.1,247.94,240.07,240.67,170063.54589,241.13150000000002,242.283,243.81525,33.68794468878318,-0.5055676500472259,-0.5229715742156981,0.5224019045686521,51.94556862109224,242.0986871587242,240.16431284127583
ETH,2019-06-06,245.16,247.5,240.72,242.3,132644.99156,242.56599999999997,242.6828,243.63045000000002,44.43575037954485,-0.04794120618706188,-0.03081328996083154,0.2943577085844565,11.722077471694766,242.9077250356503,242.22427496434966
ETH,2019-06-07,246.87,249.73,243.46,247.85,219507.37027,248.04149999999998,248.03119999999998,247.3709,44.64220480533384,0.0028906783584261575,0.044852868109334844,0.2084727551978635,17.7426244674961,248.40620673150337,247.6767932684966
ETH,2019-06-08,249.81,249.93,244.81,245.88,98210.24347,246.0335,246.42419999999998,247.16375,41.14466502070041,-0.17152303189035933,-0.18885151930389468,0.22369714760499235,32.03785729823469,246.54223470493667,245.52476529506333
ETH,2019-06-09,241.53,244.53,234.45,236.0,135390.06058,235.40500000000003,235.8332,238.99645,59.10610560203615,0.0700233343139871,-0.06702339901177637,0.33329256009327857,24.73813061478229,236.2155430278535,234.59445697214656
ETH,2019-06-10,233.03,245.58,231.7,242.39,210577.65573,242.23650000000004,242.06799999999998,241.94255,53.48773139940584,0.12034143094612659,0.1318262436716529,0.31268448574992214,15.415239635711051,242.95151818155628,241.5214818184438
ETH,2019-06-11,245.09,246.06,237.55,239.54,140102.94871,239.58399999999997,239.5784,239.70425,50.450743404396626,0.028130827149254856,0.01432286072161754,0.2894285546226319,11.797786990602281,239.84966143866683,239.31833856133312
ETH,2019-06-12,243.49,250.4,243.29,248.74,144648.16879,247.9545,247.9786,248.23135,62.98201601947317,0.26943601007167217,0.1760560783096243,0.406863242662931,30.00875248221897,249.17853390475753,246.73046609524246
ETH,2019-06-13,260.96,260.96,254.94,259.04,131253.63696,258.66400000000004,258.936,257.8578,57.44856103161323,-0.01801493074992777,-0.07911022727921731,0.23327424731501065,17.925128980941004,259.01031777315785,258.31768222684224
ETH,2019-06-14,252.75,258.3,252.13,256.25,169311.97109,256.36,256.8218,255.57145,44.05977052003811,-0.053722228616777556,-0.09221300521897069,0.3057754570885999,16.35391323265633,256.7510498689522,255.96895013104785
ETH,2019-06-15,262.67,265.83,260.61,263.6,133627.76878,263.104,262.836,262.21479999999997,63.81343097615891,0.2738057864991106,0.2094602873173373,0.2750038093778847,35.678165687955804,264.0215925021475,262.1864074978525
ETH,2019-06-16,267.08,277.06,265.87,271.63,303121.26459,271.51149999999996,272.0622,270.2083,50.430479207775264,-0.21809464987092042,-0.262430378146361,0.4053656636041476,18.827090955997324,272.3680109456426,270.6549890543573
ETH,2019-06-17,272.16,276.0,266.81,272.09,191331.53583,272.07849999999996,271.8372,271.1073,50.73990471130243,0.10864005547665556,0.14180986564568654,0.34567164186508115,18.713239679993347,272.7092226014747,271.4477773985252
ETH,2019-06-18,270.59,271.56,264.2,266.94,193063.13363,267.41600000000005,267.6604,267.43719999999996,40.089533772040014,-0.10867800142187889,-0.06066873476871891,0.32576479497657856,20.0165857555649,267.9461094226889,266.8858905773112
ETH,2019-06-19,266.23,270.0,265.07,266.0,118505.42566,266.118,266.274,266.94835,44.43054233322769,-0.04377854658110891,-0.03225848241031267,0.2244553382747857,21.567654967554894,266.50651512196714,265.72948487803285
ETH,2019-06-20,267.98,270.72,265.71,268.41,99129.14454,268.0365,267.947,267.4936,65.57460128421442,0.1261690015959971,0.08770543059650704,0.21997116002046924,24.693966390638952,268.46718666104226,267.6058133389577
ETH,2019-06-21,277.3,291.27,276.47,285.85,325686.80309,285.15500000000003,284.7838,286.9283,63.635925692248094,0.2796696143996087,0.2319617861993223,0.3641190221539897,26.18037234425709,286.165910480687,284.14408951931307
ETH,2019-06-22,302.06,314.39,296.14,305.06,433758.40372,309.72950000000003,311.5954,309.87185,33.39849556624443,-2.2438109248080877,-1.5781160524507323,2.033160518929908,40.174345201517376,317.8700760852677,301.58892391473233
ETH,2019-06-23,317.22,318.41,305.58,312.19,198517.84334,311.13199999999995,310.77139999999997,311.16125,70.24823329925671,0.17007204915228158,0.0720342332878991,0.39816876285274044,20.585832176337338,312.0333678494413,310.2306321505586
ETH,2019-06-24,306.76,311.48,303.01,310.06,175026.3707,310.06350000000003,309.584,309.70165000000003,52.657049850586716,0.1717487306822818,0.1930079143960457,0.34205984760079267,18.384311922309383,310.5468745959817,309.58012540401836
ETH,2019-06-25,311.31,316.19,307.0,311.49,213227.78112,312.0345,311.69320000000005,311.28095,44.4686574387078,-0.036046692445438566,0.08454990824276837,0.3704784461199319,17.028461354085106,312.805200330884,311.26379966911594
ETH,2019-06-26,317.55,351.18,315.57,347.01,493422.09129,346.327,347.30760000000004,344.76155,53.56887716242824,-0.03125970979107251,-0.19995828881909825,0.6502881567819337,28.052951488741716,347.38316475984135,345.27083524015865
ETH,2019-06-27,341.12,341.98,296.68,310.92,519599.0241,311.5725,309.25919999999996,312.3976,49.371415972425474,0.5738986190852415,0.7952653448755307,0.9911031501223725,22.777219415708664,313.0485470859446,310.09645291405536
ETH,2019-06-28,305.18,313.22,296.61,308.41,316916.00131,307.207,306.6856,306.4813,63.79170808290923,0.5350266656663507,0.4289808904606065,0.5202374546310606,22.219355916028256,309.108095473675,305.305904526325
ETH,2019-06-29,309.82,310.53,295.18,307.56,246532.40033,307.00699999999995,306.5338,307.39015,58.633427687319504,0.22083473634035045,0.139664875390657,0.5293176596466054,15.165348181011389,308.00217033716643,306.01182966283346
ETH,2019-06-30,320.04,321.34,291.88,297.51,265536.98389,296.07550000000003,296.7876,302.8174,56.47643856574129,0.21686861282398695,-0.08740038961628134,0.9021454540031754,21.595571623044897,298.42576360224473,293.72523639775534
ETH,2019-07-01,297.84,303.49,285.51,288.17,252176.81448,289.2165,288.5628,291.4397,41.32073934995244,-0.15395767267517613,0.0007414388819717913,0.5379069651770984,19.53043739089818,290.56585947767263,287.86714052232736
ETH,2019-07-02,292.5,292.75,272.65,285.92,326911.90705,283.0995,281.781,280.64315,71.18182158709996,1.168166440124196,0.8521491351325131,1.012277951623872,41.4197779643909,286.823409102005,279.375590897995
ETH,2019-07-03,296.1,299.33,285.0,293.96,204887.63475,293.4085,293.12080000000003,292.95215,58.52980806440761,0.26609542797262975,0.18609289400689477,0.4505147979104789,18.08814955651307,294.4664844044246,292.3505155955754
ETH,2019-07-04,300.18,300.49,290.65,294.87,160873.96489,294.16099999999994,294.7892,293.81679999999994,58.618737924736514,0.03481176717434664,-0.11724700114047451,0.3501708743487124,23.06990295983391,295.0352974322332,293.28670256776667
ETH,2019-07-05,283.66,294.89,282.74,291.18,170494.98217,292.1625,291.8786,291.98425000000003,40.90624505107239,-0.28385662747672313,-0.06089189429711115,0.5910726325859113,29.32702129751462,293.7154310995708,290.6095689004292
ETH,2019-07-06,292.13,293.23,287.57,291.03,90715.43666,289.89,288.9132,288.95275000000004,81.19833399805297,0.5676293847741931,0.47361912515102356,0.2741295620458039,47.85900141340945,291.0963830237584,288.6836169762416
ETH,2019-07-07,288.41,295.71,286.31,292.71,92686.59814,293.13300000000004,293.377,293.31375,34.792686073600535,-0.230702591112788,-0.18954863636694902,0.26108979585877234,30.449095896607005,293.8788981163659,292.38710188363416
ETH,2019-07-08,303.3,309.65,302.22,307.58,152770.70892,307.0125,307.1078,305.8223,59.20913832851362,0.18515801058458692,0.07726919715890854,0.35926174857789683,19.715153029546258,307.75468259208066,306.2703174079193
ETH,2019-07-09,310.21,318.19,305.38,309.76,217373.3297,309.964,310.3604,310.3255,39.58255900514061,-0.17988835555547666,-0.17304511875023346,0.22976682568745443,22.069626797753905,310.3457014540331,309.5822985459669
ETH,2019-07-10,310.57,314.18,298.82,301.02,186675.52789,302.40749999999997,304.64799999999997,307.32005000000004,33.831499694393024,-0.7505697716870827,-0.7477384596651234,0.8086068113803975,37.869095582358334,303.9235854197793,300.89141458022067
ETH,2019-07-11,284.53,287.45,262.12,271.72,312421.55283,270.70400000000006,270.4426,271.5852,63.31468358911485,0.26157872439591756,0.12953344421594065,0.49775992266973523,17.492535355242573,271.70456783876625,269.7034321612339
ETH,2019-07-12,272.11,278.99,266.21,274.31,171662.63202,274.2835,274.2824,274.44775000000004,51.19823105279891,-0.013449395003249265,-0.02444136717046192,0.29308468838840124,11.233369172496726,274.52707955571447,274.03992044428554
ETH,2019-07-13,273.0,273.69,264.95,269.59,112583.21391,269.891,270.203,268.55460000000005,39.98494389701954,-0.10303493518159712,-0.1078991354064838,0.28126446662996263,16.62103222607088,270.20525467382146,269.5767453261786
ETH,2019-07-14,268.74,269.41,235.1,238.65,317041.75124,238.57650000000004,238.05540000000002,240.15625,52.14470886711702,0.1162953312400532,0.1876016675772112,0.6020766002725024,13.430780914936301,239.6997323892521,237.453267610748
ETH,2019-07-15,217.72,231.99,212.93,229.19,368872.72183,229.94300000000004,228.12,225.34629999999999,49.907476213591934,0.22496776475512092,0.5392927432464522,0.8490219708199492,34.43617905836925,231.51457373355848,228.3714262664416
ETH,2019-07-16,233.22,233.25,213.9,218.28,260226.74976,217.54749999999999,216.4924,220.04774999999998,65.2579233315392,0.3732351287249571,0.34807908366424356,0.5230849089340053,15.54692140778527,218.17135495107604,216.92364504892393
ETH,2019-07-17,200.31,210.1,191.84,207.39,375640.20107,207.82850000000002,206.27059999999997,200.95149999999998,49.83289198823405,0.409595563953701,0.6322951378127757,0.6696573466962625,40.22375264031321,209.9348644034329,205.72213559656714
ETH,2019-07-18,209.68,221.82,205.71,218.0,332631.69176,211.638,209.3328,211.57385,78.25899116443382,2.5396089573414145,1.6174209637908068,1.3619255399459862,45.35844284717425,219.0168280912355,204.2591719087645
ETH,2019-07-19,224.65,226.07,212.52,217.01,269252.24254,216.99,216.7074,217.04305,51.90556807998019,0.10837766326477549,0.10198797791234263,0.3975620460570761,10.867740431513663,217.48095824667922,216.4990417533208
ETH,2019-07-20,220.9,228.5,220.33,225.33,157076.12549,225.5375,225.2838,224.97245000000004,46.357468574536966,7.879645312414141e-05,0.060935642958763504,0.26261345413691517,17.58815589218897,225.8502858692321,225.2247141307679
ETH,2019-07-21,228.5,228.95,220.25,221.95,150791.87398,222.02849999999998,222.42700000000002,223.74904999999998,48.60952504917054,-0.14003564428037407,-0.20665722472643572,0.5863222242063482,23.0419773531045,223.2294042426314,220.82759575736856
ETH,2019-07-22,225.32,227.16,219.2,221.15,122760.66653,221.60250000000002,221.3,221.99724999999998,38.05590721411308,-0.029065970036612043,0.028602591948790834,0.22884358888852688,10.514902584234942,221.98022344378967,221.22477655621037
ETH,2019-07-23,215.5,217.84,208.36,211.51,187527.12470000001,211.102,210.734,211.47825,57.937579653093515,0.3463881865043845,0.2846674162994355,0.3713857406461117,28.393388350161484,212.11003968176863,210.09396031823138
ETH,2019-07-24,206.08,214.8,202.66,213.21,146784.79792,212.792,209.76919999999998,208.11945,61.77783111940279,1.2350174267218392,1.3020447247432436,0.7980967349260453,59.46815343432468,214.68722135910335,210.89677864089666
ETH,2019-07-25,222.86,224.55,216.93,220.53,159187.27321,220.48449999999997,220.248,221.5446,56.43911355185094,-0.018119529487705677,0.009787881201442784,0.21618040868041297,18.415637219854183,220.961552408027,220.00744759197295
ETH,2019-07-26,214.0,218.43,212.71,215.52,96759.54136,215.581,215.7972,216.50305,46.63200788451518,-0.12394276190698861,-0.11227131323105029,0.2418415262349859,35.627168284047606,215.96865448535144,215.19334551464854
ETH,2019-07-27,221.45,222.86,203.0,206.72,195652.02492,206.83450000000002,206.80300000000003,206.7972,47.683873377535576,-0.03431044563814112,-0.034776615574631374,0.2623019814853345,13.557006937719002,207.34375337503167,206.32524662496837
ETH,2019-07-28,207.36,212.0,206.8,208.86,91706.20262,209.01550000000003,208.99300000000002,209.16355,44.801631317703105,0.008513178612446382,0.023514299414821974,0.24202105938627547,15.184132880055149,209.2803376861437,208.75066231385637
ETH,2019-07-29,210.78,215.83,206.59,209.84,118153.20506,209.7815,210.2028,209.81595000000002,48.73226157864237,-0.16377372678951474,-0.20988382848415654,0.2841623785748979,23.276987596051953,210.41168330667372,209.15131669332627
ETH,2019-07-30,210.03,210.07,204.4,209.37,124082.55761,209.37150000000003,209.1034,209.01705,54.38381090064765,0.0847262219487277,0.10266833942806236,0.14684149840560698,42.641604334259874,209.49596284586232,209.24703715413773
ETH,2019-07-31,211.44,217.68,210.82,216.01,129957.27028,215.7905,215.92700000000002,214.9064,54.36312183553645,0.04957088882574112,0.02129588744413224,0.26536435279801907,11.216343406652516,216.28351014189568,215.29748985810434
ETH,2019-08-01,216.33,216.48,210.54,213.21,101773.25025,213.1585,213.44459999999998,213.6766,46.4404896713871,-0.019844957985071687,-0.061163782325102535,0.13950622642639227,31.26256968489927,213.46064400540325,212.85635599459675
ETH,2019-08-02,216.24,222.18,215.38,219.78,113438.40939,219.77249999999998,219.77079999999998,219.64265,49.715368964194155,0.015919486487860013,0.017084126632937315,0.11652762303160476,15.559204157679925,219.98452594181074,219.56047405818921
ETH,2019-08-03,218.48,224.51,218.38,222.46,115640.01225,222.62800000000001,222.6698,222.4352,40.04140897934397,-0.06464416329771439,-0.05389986843386673,0.11801949558449557,16.402319120631798,222.92482317968677,222.33117682031326
ETH,2019-08-04,222.66,222.84,216.9,219.89,72978.49813,219.647,219.42440000000002,218.98555,63.030827946697386,0.12502472548536048,0.09957404717234182,0.17496895028512852,46.07760417082275,219.96875145688,219.32524854311998
ETH,2019-08-05,226.02,236.25,225.71,230.94,201739.08262,231.044,230.96059999999997,232.2827,45.46747208841287,0.008002400424174994,0.005898349867153235,0.20002273971062884,16.958621626619312,231.17505723941798,230.91294276058204
ETH,2019-08-06,229.36,239.15,226.37,228.65,242815.52448,229.7875,230.00320000000002,229.46490000000003,18.547061040262893,-0.2743213065963914,-0.14265791496085245,0.22050227413301215,27.86625740541431,230.68931760905443,228.88568239094556
ETH,2019-08-07,226.24,231.25,223.6,229.13,140531.99711999999,229.212,229.46379999999996,228.7112,45.67674421669433,-0.07820221524457338,-0.06740898432998546,0.2649446998000653,17.091506856083534,229.60231269514946,228.8216873048505
ETH,2019-08-08,225.33,228.5,222.0,222.83,121998.3607,222.773,222.92440000000002,224.30419999999998,51.04287635220801,-0.09023686496763617,-0.11974967340660031,0.2853344073881487,19.453189573963364,223.26477637193742,222.28122362806258
ETH,2019-08-09,220.47,220.68,207.95,211.53,151095.69382,211.02400000000003,211.086,211.41539999999998,64.52166427495399,0.09325472346324659,0.020686441452658827,0.2618499519318754,19.478774862196566,211.4929306985029,210.55506930149716
ETH,2019-08-10,212.64,213.45,202.6,204.37,169270.39355,204.36849999999998,204.864,205.1575,45.242859202777126,-0.1520137740688483,-0.17856078663434696,0.25777507983329456,36.752133593514614,204.86501888180229,203.87198111819768
ETH,2019-08-11,209.97,215.0,206.55,210.59,99546.71786,210.4245,210.253,210.64164999999997,59.08083929791359,0.1414105564201975,0.12065082574837273,0.1427988516474884,33.94931683596203,210.94918943195523,209.89981056804476
ETH,2019-08-12,214.23,214.58,209.75,212.32,79007.75489,212.36800000000002,212.3682,211.74574999999996,48.848038793881166,-0.02179260234981939,-0.006231686811065269,0.16538468518177937,14.224567939888512,212.55684914615523,212.17915085384482
ETH,2019-08-13,210.72,214.3,206.52,207.67,95528.52761,207.465,208.11719999999997,210.16240000000002,50.47358817868524,-0.19344857202887056,-0.2537472322874301,0.42966650891313546,29.249931804794027,207.9284004747399,207.0015995252601
ETH,2019-08-14,207.83,209.58,204.56,206.1,78733.50369,205.9985,206.02740000000003,206.86895,50.438084557815785,0.15429146957947637,0.129515265739166,0.2568237414826851,27.486452256129997,207.05121601108547,204.94578398891454
ETH,2019-08-15,188.78,189.3,181.23,187.47,187902.35648,187.43800000000002,187.2716,185.92725000000002,54.56949966913939,0.040561666102092886,0.04815440394667628,0.19174967633685025,9.414920172778997,187.69580612872664,187.1801938712734
ETH,2019-08-16,188.03,188.39,178.04,182.84,202132.53014,183.19,183.18580000000003,183.41604999999998,33.13201236877898,-0.07798589500009712,-0.02754839708633374,0.1460899575582453,14.52886795401688,183.50330496327553,182.87669503672447
ETH,2019-08-17,184.95,186.57,183.42,184.54,74047.47511,184.75349999999997,184.8064,184.6915,35.869500400945995,-0.05051268000718778,-0.022143526990964068,0.10115145014483429,15.09561661292769,184.98727553337366,184.5197244666263
ETH,2019-08-18,184.95,195.91,183.35,193.44,97481.42661,193.5005,194.18160000000003,192.23024999999998,39.56464700485916,-0.18451219612953196,-0.21666153012686473,0.22671989680054452,22.197548295157237,193.80331842748262,193.19768157251735
ETH,2019-08-19,193.5,202.69,193.03,200.82,142264.52695,201.0535,201.00239999999997,200.5004,42.492395033812706,-0.013219286302870614,0.027520040552329778,0.1815915825479503,17.873870534461528,201.30925574282685,200.79774425717318
ETH,2019-08-20,201.17,201.26,194.45,195.99,125784.87917,196.292,196.65279999999998,196.76465,39.43451094695256,-0.22812649136835716,-0.21020552747965762,0.24651308310898434,36.650570785977564,197.05185788144246,195.53214211855754
ETH,2019-08-21,194.64,194.89,179.53,184.51,195477.49103,184.701,184.1846,185.08079999999998,50.499400838174985,0.07277105493662361,0.14936286644435676,0.22502972598954712,23.237430963644808,185.14140435959283,184.26059564040716
ETH,2019-08-22,186.08,189.86,182.8,188.14,121055.95309,188.42450000000002,188.6496,187.84935000000002,38.092358803453344,-0.14214718429332152,-0.10295478947702635,0.19846071006128949,24.57901314678109,188.75877383984823,188.09022616015181
ETH,2019-08-23,190.89,196.19,188.41,194.9,124237.64709,195.2285,194.9248,191.9639,45.88328895016537,-0.05755110672899377,0.02964450085335622,0.31609775013819613,23.833391905948744,195.93603869150573,194.52096130849426
ETH,2019-08-24,192.53,193.29,186.5,188.1,109920.13633,187.7795,187.64399999999998,188.12309999999997,66.03343214966561,0.1367796181294807,0.09170573377313519,0.15340110953183755,31.065306788082772,188.20814787412564,187.35085212587438
ETH,2019-08-25,189.91,192.4,186.59,187.5,90116.79767,188.42249999999999,189.58180000000002,190.0724,32.073322818745474,-0.7138420855735319,-0.6874878260001098,0.4712856359430337,45.53237078200165,190.89213053916905,185.95286946083093
ETH,2019-08-26,192.15,192.48,188.0,189.16,122368.28089,189.147,189.19719999999998,189.74575000000002,50.150148816578586,-0.016369896287670826,-0.025238726550822647,0.21511600906620812,19.79335370276445,189.42622034309795,188.86777965690203
ETH,2019-08-27,187.95,189.49,184.75,187.99,107596.58517,188.12,188.42680000000001,186.8143,45.088714713342455,-0.09208210225236257,-0.10599350077531414,0.2144639645361234,15.235676588621473,188.7447239390349,187.4952760609651
ETH,2019-08-28,186.58,188.25,184.32,186.77,89997.33862,186.70999999999998,186.75239999999997,186.74345000000002,53.55973886674088,-0.011970873754705735,-0.025472006414090323,0.12575944191858407,16.809325530279995,186.80011104261442,186.61988895738554
ETH,2019-08-29,172.68,172.88,166.14,167.95,160277.37448,168.0055,168.104,168.4302,47.05094035680384,-0.034606073701127116,-0.03792794998086751,0.20946432198465173,22.034221216707603,168.15944479529276,167.85155520470727
ETH,2019-08-30,166.19,170.77,165.84,169.24,130584.58999,169.25549999999998,169.5164,169.49490000000003,44.37378715346746,-0.040554231954956776,-0.06143482286189725,0.17601990340110324,19.435254133729583,169.43688081486442,169.07411918513554
ETH,2019-08-31,169.1,169.7,167.44,167.77,94092.31801,167.92149999999998,168.10080000000002,167.99265000000003,35.23211073372785,-0.08301058213857004,-0.0796934815523907,0.13247056238497684,24.56247652421512,168.12898734900537,167.7140126509946
ETH,2019-09-01,173.21,173.38,168.11,169.62,94326.34159,169.2865,169.0762,169.50689999999997,69.54300129586866,0.15990569568936053,0.13319073799298858,0.12958982079151118,37.49071529761433,169.8003589300729,168.7726410699271
ETH,2019-09-02,170.3,174.0,170.02,173.54,121803.62223,173.481,173.00719999999998,172.0515,57.575124092857706,0.1330120139328983,0.16203926085814443,0.26845434236051097,29.22121662216486,173.80980997552012,173.15219002447986
ETH,2019-09-03,177.69,183.0,174.09,182.62,204061.71181,181.517,180.01600000000002,178.36445,76.08361853388507,0.6475176589033254,0.6362672412727703,0.3767404862047434,56.64527838781024,183.42246687192142,179.61153312807858
ETH,2019-09-04,178.15,180.14,174.84,175.78,146332.34645,175.936,175.9216,176.66099999999997,43.44825478324395,-0.09149235275680212,-0.0643965584589465,0.1902847245455561,20.655134941574225,176.34295945743943,175.52904054256058
ETH,2019-09-05,174.38,175.57,168.1,171.69,145547.98455,171.5195,171.65279999999998,171.49689999999998,56.47317787381532,-0.004480664387926936,-0.029968878605819038,0.13318988845034913,24.33547402311061,171.69391043548183,171.34508956451816
ETH,2019-09-06,173.14,177.87,173.1,176.27,126003.5035,176.33700000000002,176.5354,176.44075,46.03977130809411,-0.12670177190500453,-0.12613255978265553,0.17581495363817146,28.99206541084848,176.8177951746809,175.85620482531914
ETH,2019-09-07,169.18,173.5,168.95,172.91,95101.20221,172.37849999999997,171.87279999999998,171.33505000000002,81.26555538922386,0.3073172543015801,0.2605820949007878,0.1479493333476523,50.390911329032065,173.09329437601878,171.66370562398117
ETH,2019-09-08,178.81,184.18,176.13,181.33,183146.99893,181.188,180.0016,179.6177,60.92463816197161,0.3786092933249847,0.4239184654491017,0.32751851475907673,46.16727645185226,181.83303023185368,180.5429697681463
ETH,2019-09-09,180.5,185.38,176.01,182.21,189650.06781,182.466,182.33419999999998,182.5914,42.160095676246826,-0.047686280215543775,0.00556042463307288,0.1894762137676311,14.966593533760951,182.84586313328205,182.08613686671796
ETH,2019-09-10,183.26,184.36,178.32,179.78,137798.81411,179.541,179.7366,180.6416,51.91010718834414,0.0875481153273654,0.03663745623154613,0.24959250448750764,21.080597674575323,180.36590969202635,178.71609030797364
ETH,2019-09-11,180.77,181.2,175.39,176.47,160730.82053,176.451,177.0654,178.1408,44.26185044824491,-0.16786459780408336,-0.22739164017634172,0.28017928867577185,41.239976977299094,176.8811581104696,176.02084188953037
ETH,2019-09-12,178.69,180.33,176.62,179.22,111387.34197,179.4185,179.56959999999998,178.91324999999998,38.58793423843583,-0.0712764098246339,-0.053208586617493704,0.12919073213250087,15.442735541587231,179.63159856873577,179.20540143126422
ETH,2019-09-13,180.31,180.68,178.14,178.71,151755.1842,178.436,178.5386,178.87635000000003,63.380124499794945,0.04027874553764832,-0.011930489296950052,0.13549307099235955,26.739254297807772,178.69027544120502,178.181724558795
ETH,2019-09-14,180.34,184.76,179.75,184.08,131050.87882,184.0465,183.8982,181.4206,51.80893585447947,0.12573207556292232,0.1530900241648903,0.2120995534269023,27.881575672305246,184.58928080289235,183.50371919710767
ETH,2019-09-15,188.48,189.6,185.76,187.61,163567.93654,187.63299999999998,187.56240000000003,188.19,48.17487009565166,0.05907411129510365,0.05482627625139068,0.11965168986231534,20.25835573968081,187.96145699870468,187.3045430012953
ETH,2019-09-16,192.99,195.25,188.3,190.01,281448.88011,190.0485,189.53799999999998,190.7864,53.67544514631232,0.20662357059512715,0.2276573829095281,0.1425757199997968,30.07326165293029,190.57226616921315,189.52473383078683
ETH,2019-09-17,197.89,202.7,195.74,200.97,307745.49796,201.49200000000002,201.31839999999997,200.0323,34.32908091169348,-0.08581444176408581,-0.004936859092166393,0.18723627595070014,28.765099401808705,202.06946341874797,200.91453658125207
ETH,2019-09-18,211.14,217.27,209.72,214.18,363498.97776,214.204,213.9548,213.0066,51.691376418696905,0.08633972038504112,0.12123075743376682,0.27913844113372066,14.265346504124247,214.80574413166633,213.60225586833369
ETH,2019-09-19,208.02,209.74,202.3,208.2,343019.43868,208.3125,208.6802,208.07,38.949321312056526,-0.16363642980667237,-0.18037032471220615,0.13728549626739509,34.4757629838053,208.80475501521587,207.82024498478413
ETH,2019-09-20,217.96,220.0,214.44,216.41,251825.75918,217.277,217.591,218.2362,25.805494026914186,-0.25472252429457853,-0.17424297804093358,0.26608439997082856,30.816254467728015,218.0129918477784,216.54100815222156
ETH,2019-09-21,220.71,221.5,214.4,215.91,191590.94446,215.78399999999996,215.87060000000002,215.69210000000004,54.88384726737915,0.03584186769603548,5.629573013726796e-06,0.15409437045809304,17.03816248513418,216.08747322782096,215.48052677217896
ETH,2019-09-22,211.54,213.24,207.48,210.24,238955.61659,210.1835,210.475,210.9366,46.2958263963803,0.004417079074727326,-0.03554055484311679,0.17197625518232842,17.538730076541643,210.75914833013886,209.60785166986116
ETH,2019-09-23,209.27,210.99,203.6,207.69,148640.01404,207.19400000000002,208.25539999999998,209.03615000000002,51.33496221352436,-0.2168179566743902,-0.3908841165644297,0.5761320900950371,35.651066825755706,208.91761712685826,205.47038287314177
ETH,2019-09-24,202.79,202.98,191.27,192.37,325562.7233,192.5955,193.4964,195.64715,42.8159345667689,-0.284622932503936,-0.3228216488815772,0.48285068884312526,34.624130226977925,193.4528791459981,191.73812085400186
ETH,2019-09-25,170.33,174.85,161.88,168.41,529583.36647,168.081,168.0072,166.92769999999996,58.404775292990486,0.06433886105241982,0.02955322984518263,0.274687122858781,13.035608436171056,168.4299355241175,167.73206447588248
ETH,2019-09-26,169.03,171.01,162.91,166.61,274637.32645,166.961,167.024,168.41475000000003,39.18692350785237,-0.11712828817766763,-0.07591942865798404,0.3270045347569734,15.182008986613699,167.34741428545442,166.5745857145456
ETH,2019-09-27,164.6,167.8,163.79,165.49,248280.60633,165.3925,165.34260000000003,165.41434999999998,51.310120747714585,0.015118825415157744,-0.012611578134551087,0.26054911668304453,14.750509859262863,165.74057326814741,165.0444267318526
ETH,2019-09-28,173.77,175.49,170.11,171.33,222184.7213,171.4515,172.0218,172.02935000000002,43.34591273044893,-0.26774865740657106,-0.268326350694902,0.20957626342541585,41.31086577280771,172.17128538468094,170.73171461531908
ETH,2019-09-29,173.24,173.31,165.22,166.56,232741.96706,166.7165,166.33399999999997,167.37204999999997,46.612764227042796,0.09734144391779864,0.13006900879198763,0.2179555307403636,26.692937288216932,167.00364282161556,166.42935717838444
ETH,2019-09-30,168.54,175.25,165.01,174.13,333574.24275,174.4335,174.373,173.16975000000002,43.343801681054806,-0.04434071877821566,0.01004130154588403,0.24511606151058757,14.58242165663123,174.84015833323625,174.02684166676377
ETH,2019-10-01,178.93,185.53,177.04,178.41,367122.0044,178.50449999999998,178.828,179.4127,46.49743788320143,-0.13162989671911873,-0.16781926339022682,0.31192673539287646,18.825967621945335,179.38671255941725,177.6222874405827
ETH,2019-10-02,177.32,178.54,173.65,175.83,171254.69741,176.01299999999998,176.33079999999998,176.59065,43.586441513289664,-0.21092222214818435,-0.20071272151844882,0.23960728720588098,36.05657931792976,176.66369501304345,175.3623049869565
ETH,2019-10-03,179.34,179.87,171.46,172.23,169284.43071000002,172.6625,174.5016,175.80335000000002,34.81461518079615,-0.6567083492549273,-0.7197356387972775,0.537576183249544,56.30246043830594,173.79625261851913,171.52874738148085
ETH,2019-10-04,172.47,176.0,170.74,175.19,150762.64864,175.164,175.19279999999998,174.58755000000002,52.001471822195214,0.0026898776118571277,-0.0017365926308851457,0.14148945157712917,12.017813683531001,175.35430501832317,174.9736949816768
ETH,2019-10-05,174.76,176.71,172.02,173.86,141872.46457,173.8515,173.80440000000002,173.5655,49.35896892143673,0.10806388086999164,0.11588467055777901,0.14297398177396403,27.693393348440285,174.4428467679826,173.2601532320174
ETH,2019-10-06,175.91,176.01,170.25,171.63,153578.74342,171.27900000000002,171.3838,172.98124999999996,60.879702846968804,0.01757546812171995,-0.0377618832297657,0.22705651583020758,15.43851176273201,171.52475597653407,171.03324402346598
ETH,2019-10-07,169.1,178.5,168.68,176.54,257194.19249000002,176.1885,176.74980000000002,176.4876,53.37530971167752,-0.08010951942728184,-0.1647618228684077,0.19039407474413628,26.184374351705653,176.68990901466424,175.68709098533577
ETH,2019-10-08,180.81,184.87,177.88,178.92,259829.95752,179.135,179.15400000000002,180.2116,43.01621930416398,-0.017634296815288053,0.010790959441196292,0.25488645216863703,15.980336884604116,179.64472541627381,178.62527458372617
ETH,2019-10-09,181.1,193.29,178.96,190.37,290114.8128,191.4835,189.42739999999998,184.52335,45.54544790330234,0.39052717868065656,0.6539703176071328,0.5771327936505156,34.56487417383057,192.29667341324765,190.67032658675234
ETH,2019-10-10,192.41,194.2,186.88,190.65,304215.5103,191.051,191.1498,189.54620000000003,42.69979692490807,-0.1800711711978238,-0.12720568417250408,0.2761819443814475,23.65928349043726,192.01351545441827,190.0884845455817
ETH,2019-10-11,189.49,196.65,182.85,184.71,423085.3761,184.3485,184.8552,184.78135000000003,54.530188257548026,-0.08155607764581418,-0.1398340634413757,0.3073011359920782,32.47311657070142,184.66720205521088,184.02979794478912
ETH,2019-10-12,181.7,184.64,181.62,182.61,147782.24481,182.4445,182.53439999999998,182.90895,57.29047223363091,0.015391084087355011,-0.014142872433318517,0.1217344739328336,17.268124739121394,182.6706393375735,182.2183606624265
ETH,2019-10-13,181.47,184.95,180.34,183.25,126002.58168,183.031,183.0516,183.10795000000002,57.48252184901672,0.061642983176682264,0.027943936592746,0.1708400529963104,16.273976369210217,183.34160585957304,182.72039414042698
ETH,2019-10-14,181.19,184.15,181.19,182.83,120714.16625,182.8915,182.9832,182.6852,45.00939326414113,-0.024666470144239838,-0.02152772510330329,0.1290973479538274,15.610517267337093,183.03492593909067,182.74807406090935
ETH,2019-10-15,186.39,186.65,182.25,183.56,163646.85506,183.3135,183.45680000000002,183.6934,55.11248789571696,0.028959581546502022,-0.029092480315113925,0.22235645613822191,18.065419525399946,183.68294688387314,182.94405311612687
ETH,2019-10-16,180.26,180.7,172.48,173.47,207727.0381,173.6645,173.8892,175.14520000000002,44.137401011602655,-0.1535188598818138,-0.132543153095324,0.3031821276230552,27.11108121289645,174.12738119428658,173.20161880571342
ETH,2019-10-17,173.88,177.67,172.61,176.17,183993.9228,176.14849999999998,176.3324,176.42649999999998,48.9130132439615,-0.0753111403157618,-0.0971207816813486,0.16587747729026514,36.48256104405178,176.42866245285947,175.8683375471405
ETH,2019-10-18,176.46,177.29,168.66,171.74,223815.65521,171.573,171.56999999999996,171.90699999999998,57.777587208686796,0.08812385265142098,0.06044603322457447,0.13661381730105385,20.62686029190625,171.96528051188295,171.18071948811706
ETH,2019-10-19,172.21,174.98,170.57,173.4,181202.81711,173.4865,173.5698,173.2748,43.90613681634765,-0.025605089359629574,-0.026040109681330442,0.18044597226577827,14.196843272992348,173.70090848864135,173.27209151135867
ETH,2019-10-20,170.48,173.19,169.21,172.44,141947.61702,172.525,172.41299999999998,171.91830000000002,45.88843475983471,0.016952686121925353,0.048912297730156665,0.18000168702025562,20.156244742808596,172.81313191424906,172.23686808575096
ETH,2019-10-21,174.23,177.9,173.1,176.22,138680.64979,176.07850000000002,176.15200000000002,176.3842,57.633221318921294,-0.029364319515877924,-0.03890779198749682,0.102457748932231,21.135136297091226,176.2179668419361,175.93903315806395
ETH,2019-10-22,174.07,175.04,172.2,172.66,133008.9577,172.6635,172.84279999999998,173.1169,45.276605761338544,-0.04967313654088912,-0.057726448362815826,0.1206136506395205,12.649341915581465,172.82227972163102,172.50472027836898
ETH,2019-10-23,171.28,171.4,156.01,159.75,482769.21886,159.828,159.6924,162.61875,48.88925694623435,-0.006706892505093265,0.013575122647846974,0.26956172013318,9.582985653642728,160.0475085418786,159.6084914581214
ETH,2019-10-24,161.21,163.72,158.72,162.8,258060.29716,162.908,162.627,161.68025,49.22067184066937,0.016670129741953588,0.05411953419416396,0.18992942795199905,36.213550378384,163.27480239912126,162.54119760087872
ETH,2019-10-25,160.72,168.35,160.25,166.97,292678.05528000003,167.227,167.293,166.5136,42.03279178810087,-0.08218141026827652,-0.05814806290734467,0.2742352427077166,18.013501391741226,167.7148155389104,166.73918446108962
ETH,2019-10-26,190.28,197.74,175.85,179.51,794236.90832,179.5585,179.38,180.79955,50.87566429812801,0.029246834001270372,0.03031094505625924,0.3542309462539964,15.75021612042058,179.93877753023847,179.17822246976155
ETH,2019-10-27,178.43,185.0,176.22,183.11,344097.70106,182.003,181.6904,180.75564999999997,62.664965104783505,0.48856043993095,0.3685873890137122,0.4935014313303577,33.27005261529746,183.9494850371908,180.05651496280916
ETH,2019-10-28,185.62,187.63,180.68,183.54,352382.82243,182.647,182.17039999999997,182.61004999999997,73.91346705357742,0.3325273871095362,0.25138812521563236,0.2592850203657347,35.73860623624978,183.52600170647747,181.7679982935225
ETH,2019-10-29,184.19,189.0,182.89,185.53,306430.95711,185.39600000000002,185.8398,186.01895000000002,49.19123973721775,-0.08429148006769083,-0.13290977237373552,0.22669053620904536,18.859358123301647,185.68133489096388,185.11066510903615
ETH,2019-10-30,190.5,191.46,179.28,181.42,384003.82411,181.07,181.44440000000003,182.2134,55.9666277969842,-0.02533954073939526,-0.09757889221536971,0.2549693357538217,22.71697605220274,181.49848570571422,180.64151429428577
ETH,2019-10-31,182.1,184.52,177.66,181.3,256107.41330000001,181.919,182.3798,182.9167,30.244804918158476,-0.1904785535887754,-0.15722738684241624,0.2729407585862552,30.707016904053237,182.33970892550627,181.49829107449375
ETH,2019-11-01,181.67,182.85,179.5,180.07,191145.02757,180.387,180.61960000000002,180.66485,34.68499530161698,-0.14268288962117026,-0.11155539502571925,0.16863925526076493,23.75368158897624,180.73133123587672,180.04266876412328
ETH,2019-11-02,182.29,184.28,181.53,183.36,102102.02189,183.215,183.1728,183.34205000000003,57.5065401606838,0.07339063467745177,0.039032662679127736,0.13929350920636205,25.032937094380465,183.50726700121425,182.92273299878576
ETH,2019-11-03,184.07,184.7,180.02,180.92,151641.5222,180.85999999999999,180.66539999999998,180.9748,60.73015465034808,0.07909822815301482,0.07874991382329372,0.10633792091436906,39.76269251734263,180.99608820667922,180.72391179332075
ETH,2019-11-04,181.6,186.91,180.36,186.0,187507.31584,186.445,186.3,185.5957,37.27993888793231,-0.0703906434960686,0.012066302888432358,0.18034666029058466,25.71948066252942,186.9253540360704,185.9646459639296
ETH,2019-11-05,186.8,191.0,182.22,190.06,244270.29541,189.9145,189.68559999999997,188.0498,53.7974051538483,0.2038915523440039,0.17863533372460996,0.2722505055075914,24.13316508708034,190.61924037773466,189.20975962226535
ETH,2019-11-06,189.77,195.09,188.76,190.17,229742.59432,190.304,190.2118,190.1877,44.26530386940956,-0.02950260554555939,-0.004666433122976586,0.12768038628220116,13.697422773292283,190.57108800047305,190.03691199952695
ETH,2019-11-07,189.1,190.22,185.12,186.39,202301.23372,186.388,186.64419999999998,186.6386,46.78561944425651,-0.09332504045511314,-0.10866045169759055,0.13248669000997335,22.796073651033097,186.64385933635978,186.13214066364023
ETH,2019-11-08,187.04,188.19,181.41,182.33,254908.34534,182.4405,182.62539999999998,183.08845000000002,41.84786183342272,-0.0837774850613755,-0.07220624477451074,0.14477256476235179,24.608551972790266,182.61260171410902,182.26839828589095
ETH,2019-11-09,184.67,185.79,182.63,183.01,119942.56598,183.126,183.5594,184.30559999999997,42.31620161571412,-0.19007824230388337,-0.2013634987096077,0.189688245774511,47.09922155489938,183.55965424014505,182.69234575985496
ETH,2019-11-10,183.73,189.0,183.3,187.09,139810.01488,187.2355,187.05200000000002,186.84485,44.62116638935583,0.015078721381712512,0.053207001620153446,0.11341457651626223,25.13081386110712,187.38157874588998,187.08942125411002
ETH,2019-11-11,189.84,189.95,184.92,186.45,185495.06766,186.805,186.98660000000004,186.54930000000002,27.050288281641365,-0.1553605164687326,-0.10420270142008523,0.1345642256377959,29.015269910707655,187.25937869668567,186.35062130331434
ETH,2019-11-12,186.24,187.65,182.41,184.61,176896.76561,184.00150000000002,183.8522,184.8671,61.53920729188047,0.3268453916734586,0.2555468971026688,0.3176186278070069,40.42793130754049,185.42338993948042,182.57961006051963
ETH,2019-11-13,185.47,189.66,185.38,188.31,142357.47903,188.348,188.445,187.50369999999998,49.009957636668894,-0.08830426068033148,-0.0784546609914974,0.19444265041747577,17.143579055158686,188.80422801316487,187.89177198683515
ETH,2019-11-14,187.24,187.58,183.71,184.53,166910.38924,184.3835,184.83880000000002,185.27395,49.62164230958889,-0.06312071635937855,-0.11649443077691461,0.20369834555865635,21.636663038551685,184.80251193299642,183.96448806700357
ETH,2019-11-15,183.69,186.7,177.67,180.15,312132.39954,180.1765,180.0808,182.11035,49.73947519395289,0.013119087238607108,-0.014649384959369951,0.23398095896061666,16.705620360928794,180.71961232723723,179.63338767276278
ETH,2019-11-16,180.56,182.87,179.75,182.54,115181.54373,182.4125,182.3368,181.8895,61.46307580077484,0.0640689391906335,0.04646275266977512,0.09952005428510162,14.898544017159969,182.58752856908924,182.23747143091074
ETH,2019-11-17,182.32,185.75,180.0,184.7,139946.49575,184.736,184.3798,184.49625,54.375503454630234,0.11400772077431043,0.14819761654349795,0.11029939941548078,30.920092214059903,185.00562195757558,184.4663780424244
ETH,2019-11-18,183.18,184.06,181.02,181.31,124512.99575,181.5205,181.7998,182.18769999999998,34.89448523208911,-0.15087779625292796,-0.149496716081043,0.14919094785975964,49.38665870162853,181.93856578429887,181.10243421570112
ETH,2019-11-19,178.28,178.32,173.15,174.59,192323.93054,174.5405,174.7094,174.58175000000003,49.26076737391837,-0.03730107477267097,-0.05454500802541154,0.10178720483389954,16.418335806578575,174.6559945886207,174.42500541137932
ETH,2019-11-20,176.69,177.41,173.53,175.44,135684.11897,175.757,176.23539999999997,175.49915000000001,35.842015212322735,-0.2408616539786408,-0.23175036594996737,0.17838851818032964,43.80372724934908,176.44588605733955,175.06811394266046
ETH,2019-11-21,175.22,175.59,157.26,161.71,336265.7785,161.6835,162.1376,166.8959,48.82976444418312,-0.05731658170452647,-0.13082264217259446,0.5679555282711993,32.84559588956889,162.33751146777567,161.02948853222435
ETH,2019-11-22,162.49,162.52,138.0,146.86,719957.91696,146.2335,145.882,145.98415,58.033624999534595,0.3370181873732463,0.29472023310711015,0.4991638651939185,23.60671068144866,147.50653220699064,144.96046779300934
ETH,2019-11-23,149.86,152.16,146.6,151.2,206618.01124,151.24200000000002,150.9904,149.7348,50.573399643273525,0.1145141995354777,0.12554044163560193,0.27301821092668893,23.580143807643775,151.65767294835976,150.82632705164028
ETH,2019-11-24,151.5,151.71,144.22,145.56,164947.10137,146.25400000000002,146.185,147.84234999999998,30.823881171459828,-0.11680585419099998,-0.038020718015747225,0.24785191364952866,21.920899225199324,146.7253130594361,145.78268694056393
ETH,2019-11-25,134.76,151.5,131.5,147.87,559074.72793,147.79500000000002,147.7352,148.2972,49.500594742840896,0.21601790286453593,0.17614184177313794,0.3147116329962546,26.057436026957557,148.97382144534978,146.61617855465025
ETH,2019-11-26,147.48,149.97,143.37,144.68,232688.12183,144.8075,144.9544,144.99269999999999,43.98486191558695,-0.11226354340362832,-0.10476301075945074,0.15727969850089069,26.05795262011438,145.2433382727666,144.3716617272334
ETH,2019-11-27,147.91,149.37,140.84,149.21,357349.79515,148.8,148.10299999999998,147.91985,69.70316629350248,0.3126822995999987,0.3188277407093563,0.19455664497106923,39.9582513487152,149.49198265874503,148.108017341255
ETH,2019-11-28,153.15,154.19,149.82,153.63,205010.58695,153.5275,152.3936,151.21775,58.40888883565527,0.327524062166475,0.39847586593467876,0.3565926480488578,44.74709884460703,153.91173300222525,153.14326699777476
ETH,2019-11-29,151.87,156.98,151.01,156.08,181129.27778,156.065,156.142,155.50265,49.089123146464594,-0.0014774739664460412,0.0022785423265366672,0.17485951216337425,18.147195530487053,156.35243694965573,155.77756305034427
ETH,2019-11-30,153.99,154.9,150.51,151.52,142742.39815,151.9495,151.641,152.45995,39.35362770265783,0.03354278968694757,0.10144647900282146,0.20091343352807708,27.188282661758727,152.28167314762305,151.61732685237695
ETH,2019-12-01,148.38,152.49,145.79,149.83,230149.19748,150.2315,150.4526,149.99155000000002,31.604957498187943,-0.1301775067173594,-0.09374817362829713,0.19076895878848085,38.06672025046124,150.5768852921049,149.88611470789513
ETH,2019-12-02,150.68,151.28,146.71,148.42,167842.94784,148.10700000000003,148.0184,148.579,62.44630394296528,0.08980258125910723,0.03276243029410991,0.15316074956103798,22.56109848446227,148.47638326978094,147.73761673021912
ETH,2019-12-03,149.12,149.7,145.77,148.51,135550.71464,148.414,148.454,147.70825000000002,51.98836125617529,0.09775427381700297,0.06767127956838279,0.15809960802913617,23.516203788134636,148.87244956102404,147.95555043897593
ETH,2019-12-04,144.67,151.98,143.28,149.13,237008.96019,149.119,149.1812,148.43945000000002,49.128066769714366,-0.002181992049628434,-0.013886337121555339,0.19507020517258652,15.925338263928746,149.34402444310422,148.89397555689578
ETH,2019-12-05,145.15,149.02,143.64,146.86,212259.70108,146.89249999999998,147.34699999999998,147.79385,43.3158398391723,-0.15874208081828556,-0.17117870504647228,0.17284125351742124,47.52796508221091,147.29234371947558,146.4926562805244
ETH,2019-12-06,147.75,147.96,145.74,147.3,121630.62241,147.31199999999998,146.93880000000001,146.71195,55.34569254206877,0.11689774448666412,0.1475253597592967,0.16111008949939595,50.878705797304434,147.72723968981785,146.89676031018212
ETH,2019-12-07,148.33,149.49,147.14,148.07,98213.3979,148.122,148.2346,147.9576,42.8898065697053,-0.06380487560539905,-0.05407431646093791,0.09340588694524896,30.037199664749618,148.27942934922703,147.964570650773
ETH,2019-12-08,147.38,151.5,146.11,150.12,115179.72551,150.152,149.692,148.6412,53.943770428885124,0.061477762751422915,0.11401410255208917,0.15120107596105578,27.27827656498075,150.38399999999575,149.92000000000422
ETH,2019-12-09,150.04,151.19,148.79,149.27,136774.07962,149.48200000000003,149.8554,149.9408,38.447780219332785,-0.1695671255265836,-0.167277145582943,0.19569037373383968,16.22348604466552,149.8707209796258,149.09327902037427
ETH,2019-12-10,147.18,147.48,145.07,145.68,111804.35155,145.76100000000002,146.0122,146.8612,38.83801380695264,-0.08657304405215882,-0.09229678180040332,0.10142655411079113,43.16132502519341,145.93057594168104,145.591424058319
ETH,2019-12-11,146.0,146.3,142.16,142.62,101576.64235,143.12449999999998,144.3414,145.342,25.19322831372866,-0.48808821062579,-0.4969497873635235,0.26149294560747105,70.01189451206218,144.19972044251585,142.0492795574841
ETH,2019-12-12,141.19,144.79,141.11,143.1,145352.11442,143.124,142.9912,143.72985,50.03420112553539,0.016493766203097948,0.043172234297378716,0.13340642479303025,20.544744498022173,143.44620490374817,142.80179509625182
ETH,2019-12-13,144.54,146.0,142.8,144.33,98539.89682,144.22949999999997,144.1096,144.2946,55.59793349360181,0.06489579429143078,0.059675850628127136,0.11219637520287623,22.78602254998829,144.49949814813988,143.95950185186007
ETH,2019-12-14,144.72,144.8,142.02,142.2,70451.17106,142.403,142.5746,142.64875,37.92688597589775,-0.0882052256864938,-0.0719701546079993,0.13899039108182532,32.835673767545885,142.66446510283933,142.14153489716065
ETH,2019-12-15,140.98,144.12,140.57,142.94,96531.56841,143.1405,142.94979999999998,142.59315,43.82283126231019,0.007724076656501211,0.04339390069183491,0.10760521224834305,19.30446420011524,143.3823656651816,142.8986343348184
ETH,2019-12-16,141.87,142.29,140.3,141.01,110826.14503,141.02949999999998,141.34879999999998,141.45475,43.9589016198721,-0.09286490417642312,-0.12877596827914506,0.12214074428205883,31.36431572152055,141.3698219064294,140.68917809357058
ETH,2019-12-17,132.77,132.97,126.49,128.35,249345.77528,128.58700000000002,128.63279999999997,130.15575,36.366469902360286,-0.004841129335858341,0.012928575317523467,0.1316828478614275,17.184855556462924,128.79857504574156,128.37542495425848
ETH,2019-12-18,124.61,128.69,116.26,127.29,504906.4959,126.4505,125.05599999999998,122.01305,63.49716544484141,0.5812572423067621,0.6263797685941195,0.5870141515097641,46.70358754044217,128.05726662897843,124.84373337102157
ETH,2019-12-19,128.19,129.23,125.69,127.74,212799.79506,127.2535,126.9762,126.70035,78.63398365694184,0.23773608233767618,0.19266420479673713,0.13945650630261433,45.91786965208921,127.90284659466165,126.60415340533835
ETH,2019-12-20,127.14,129.39,125.84,127.44,123932.5968,127.425,127.9126,127.90415000000002,45.443968626006516,-0.14140030251435576,-0.17073629496337225,0.19197273489236494,34.496027782614334,127.70610496260107,127.14389503739892
ETH,2019-12-21,127.29,127.87,126.5,127.65,87514.84543,127.48949999999999,127.30220000000001,127.20845000000001,61.475324162988336,0.08697647953738397,0.06765086036051271,0.09827601433493842,34.275962952386834,127.70661517681002,127.27238482318997
ETH,2019-12-22,127.15,130.99,126.87,129.6,106444.17511,129.434,129.43280000000001,129.46095000000003,64.72814599346167,0.051954820080680975,0.024337161546265217,0.0809868565754902,22.587331406934826,129.62959141085128,129.23840858914872
ETH,2019-12-23,134.71,134.77,130.87,132.96,169560.08457,132.904,132.9976,133.0875,50.30937608531214,0.00423917127977802,-0.011666308371105466,0.1921437435169351,18.79330025598106,133.21911267826002,132.58888732173997
ETH,2019-12-24,127.66,129.69,126.61,127.74,116954.02901,127.63050000000001,127.8972,128.38905,50.305730301752575,-0.03374292673464652,-0.07452992342879657,0.16339068782231786,27.130144718949204,127.85226338741852,127.4087366125815
ETH,2019-12-25,125.86,126.45,123.07,124.44,130796.41511,124.37550000000002,124.35340000000001,124.46879999999999,55.6757800886484,-0.004954198116450925,0.0026040607399973915,0.08764737776532294,14.340445896853268,124.54991043547265,124.20108956452738
ETH,2019-12-26,125.19,126.08,124.32,125.73,72487.39345,125.633,125.65299999999999,125.5851,60.00176817630559,0.01878696261070445,0.009687267775060132,0.06452495615745575,17.22268779082838,125.7588729518203,125.5071270481797
ETH,2019-12-27,126.03,126.63,121.91,125.98,165325.13091,125.811,125.33539999999999,124.73219999999999,65.22047473278755,0.11651781658146376,0.1317265348563481,0.15132229632696367,38.50984521134186,126.16256222777675,125.45943777222327
ETH,2019-12-28,126.83,128.59,126.46,127.37,89819.32585,127.492,127.7408,127.475,44.14977448758619,-0.1534370569968786,-0.1599779052960727,0.1711074942754775,33.28622538365577,128.18573193670147,126.79826806329854
ETH,2019-12-29,127.81,131.93,127.61,131.48,114247.84635,131.151,130.9584,130.75525,68.36967177946532,0.16841875239535398,0.1304737548426843,0.1208375990298784,44.45479783261605,131.69221714679844,130.60978285320158
ETH,2019-12-30,133.9,136.24,130.3,130.8,216528.5712,130.6235,130.8678,132.14505,51.96537421374089,-0.0030429560370350828,-0.04868231868719154,0.18385737453566584,19.260907057708014,130.97479901792894,130.27220098207107
ETH,2019-12-31,131.67,133.68,128.9,130.38,174404.9572,130.2765,130.774,131.5216,48.66101413757607,-0.07533170965788827,-0.12554367525913623,0.29547630750861215,30.233132253407494,130.6668985143376,129.8861014856624
ETH,2020-01-01,130.66,132.4,129.87,132.39,75291.16988,131.80599999999998,131.90800000000002,131.66335,75.43863097009047,0.045204122798224944,-0.017641517647641266,0.1041063387693216,23.49029670887325,132.13356068140973,131.47843931859023
ETH,2020-01-02,129.74,130.28,128.69,129.42,102176.77166,129.47949999999997,129.5338,129.5614,42.53927600773468,-0.03262791689257938,-0.025829749058203236,0.0756567979611554,19.527500347442313,129.5674715863207,129.39152841367925
ETH,2020-01-03,126.51,133.95,126.47,131.84,275604.92122,131.82750000000001,131.7652,132.1433,52.139230590658734,0.03105089979311515,0.03164421851440881,0.09319045766118582,20.179728988700987,131.96029683734264,131.6947031626574
ETH,2020-01-04,133.07,134.31,132.5,133.42,83663.64813,133.426,133.2038,133.10614999999999,54.832215366059586,0.06690728295410509,0.08868281320762701,0.09753520336105569,27.975345146305205,133.7274232904112,133.12457670958878
ETH,2020-01-05,135.56,137.96,134.7,137.31,121297.99485,136.879,136.2316,135.8158,61.922645927204066,0.43655768385789884,0.39157944873599315,0.27501826518415495,56.11918609752488,138.18909770627812,135.56890229372186
ETH,2020-01-06,138.62,143.22,138.27,140.8,254720.5575,140.77450000000002,141.0234,141.53705,47.309170473895676,-0.0733895887370295,-0.09344615206875045,0.10525537036970609,23.21114978932547,140.96659112422182,140.5824088757782
ETH,2020-01-07,144.79,144.85,139.22,139.8,181161.61026,140.1465,140.4264,140.84225,36.136073888276876,-0.22172876082476023,-0.19434338100266468,0.22115828582452413,38.47086535805991,140.86391968191097,139.42908031808904
ETH,2020-01-08,145.49,145.79,140.39,141.31,250509.23321,141.1625,141.4238,142.2022,51.98646934325611,-0.05320783987136224,-0.11903608560680819,0.263091769469483,25.761532646275015,141.75457685311352,140.57042314688647
ETH,2020-01-09,140.85,140.9,137.68,138.33,155567.64274,138.2335,138.2098,138.3772,57.30510116178875,-0.0024300998441617594,-0.015955282415608535,0.09193779311340197,17.475718765492562,138.44011800502605,138.02688199497393
ETH,2020-01-10,136.97,143.0,135.32,141.48,212391.28168,141.8565,140.9962,139.73329999999999,49.18854336760568,0.14774626904977595,0.25224682425562067,0.30995035092478884,27.27114502378021,142.40565480514346,141.30734519485657
ETH,2020-01-11,144.2,144.5,142.09,143.14,136098.09312,142.6835,142.69099999999997,142.91625,66.55864763415167,0.09488581754706615,0.03414348862170753,0.15394764194404909,25.668889320113507,143.09891665830878,142.26808334169124
ETH,2020-01-12,144.05,145.88,143.2,144.68,124551.68796,144.5995,144.3974,144.14095,59.84762115266776,0.08733399642773065,0.08748360485237316,0.11520380857828275,23.048970451434656,144.8765902380073,144.3224097619927
ETH,2020-01-13,144.94,145.09,142.27,143.11,128826.77054,143.0055,143.0056,143.0736,66.16438895281658,0.021564432708657932,0.008872687364346214,0.0529001151715833,17.1381084966027,143.09482524837887,142.91617475162116
ETH,2020-01-14,146.71,157.56,146.45,156.04,452040.13216,155.9185,155.6868,153.74925000000002,53.47835262139831,0.12321034554429389,0.13415482709261078,0.35501841504068815,11.617796883415274,156.43843364961526,155.39856635038473
ETH,2020-01-15,167.25,168.92,159.2,163.39,378934.57551,164.2505,165.12420000000003,166.03555,33.456994794038444,-0.47300587731700716,-0.39061321929536086,0.5223902333965836,35.62129920425108,165.32257229233247,163.1784277076675
ETH,2020-01-16,161.17,165.62,158.7,162.73,225023.03871,162.916,162.538,162.23185,48.572354331528025,0.058528417004993116,0.1145197657934546,0.21261807501040525,18.376093109728636,163.262721790495,162.569278209505
ETH,2020-01-17,164.99,174.81,164.83,167.54,491777.40281,167.4775,166.995,167.74785000000003,56.85362771829201,0.1796226873092337,0.2052075303562643,0.18880032863352045,34.26520759177604,167.89077351718058,167.0642264828194
ETH,2020-01-18,171.49,179.5,164.92,174.09,421659.34226,175.6855,176.84699999999998,174.58635,29.541927783597885,-0.6342638573430577,-0.5779987597975004,0.5498333941211297,48.5359418869521,177.19225114069323,174.17874885930675
ETH,2020-01-19,175.6,177.75,161.66,165.08,388834.27351,164.77,164.5936,164.52810000000002,60.48940127577926,0.15142238601967506,0.12198044747900459,0.22571783974667425,18.092330017169616,165.41761099430664,164.12238900569338
ETH,2020-01-20,165.43,166.77,161.24,166.23,199030.31044,166.079,166.12240000000003,164.125,54.4579705823756,0.03582383845665049,0.01788743730267043,0.2096532825791426,14.393393325530665,166.39024909639264,165.76775090360738
ETH,2020-01-21,167.36,169.25,165.86,168.36,149326.7259,168.494,168.49540000000002,168.34849999999997,42.00392742031075,-0.06319476510157074,-0.04734748091887216,0.10514860494482163,26.024117763195413,168.8593163013061,168.1286836986939
ETH,2020-01-22,169.36,171.47,166.03,167.79,197840.28865,167.511,167.13139999999999,167.19350000000003,66.41448148366686,0.1884217735066045,0.17866273989416986,0.1442577739770637,41.65737842411071,167.92673549282375,167.09526450717624
ETH,2020-01-23,164.95,166.14,161.08,163.79,220603.69116,163.527,162.8014,162.39165,65.6369019400005,0.2851013149937387,0.30111399498345315,0.19030164578954398,66.49900071892178,163.97542390657992,163.07857609342005
ETH,2020-01-24,160.7,163.32,155.55,162.2,287989.08268,162.077,162.0568,161.3927,54.00591278359557,0.06047849185105747,0.04594368128832299,0.23449484909599352,15.29448109827933,162.43594846426726,161.71805153573274
ETH,2020-01-25,159.0,161.52,158.3,159.96,99139.66065,160.1365,160.0812,159.9891,43.749998156124384,-0.04586100244208069,-0.011771874295975919,0.1245651201055449,19.353394437209793,160.4540074802363,159.81899251976373
ETH,2020-01-26,160.04,164.1,159.6,163.46,120660.32466,163.73,163.6234,163.42685,38.1797170883067,-0.014932311677483767,0.024427339043005442,0.14258391221865316,22.742028856454333,163.95529980025674,163.50470019974324
ETH,2020-01-27,167.44,170.9,165.22,170.48,194694.4398,170.19,170.03539999999998,169.6137,59.25310663227167,0.15204060741450576,0.1122321182776925,0.20931909415877017,22.030941305018438,170.6459824557954,169.7340175442046
ETH,2020-01-28,173.29,174.55,170.23,171.63,275594.97542,172.228,172.23919999999998,172.24895,38.34238429411552,-0.18842823743003123,-0.11365900453880301,0.4083575482547542,21.462376668717926,172.99776879645833,171.4582312035417
ETH,2020-01-29,176.49,178.45,174.53,175.8,188739.71645,175.8965,176.0082,175.81785,47.81603158560928,-0.07467647287001,-0.06812180242385801,0.17111078060599497,21.07672828289091,176.29046827283673,175.50253172716327
ETH,2020-01-30,173.35,177.66,171.94,176.96,165781.50503,176.673,176.1976,176.21509999999998,63.13923757562578,0.23242499265114702,0.22507255886913266,0.22531767080602433,35.328254202493575,177.2083540884223,176.1376459115777
ETH,2020-01-31,182.95,184.31,175.22,178.8,256402.16149,178.1875,178.15939999999998,177.97595,67.35746724588141,0.14303786304114396,0.07610584313633584,0.1991184582701513,25.581327775061695,178.77646094946275,177.59853905053725
ETH,2020-02-01,183.64,184.18,179.8,182.1,151899.19938,182.173,181.9566,181.3865,51.18816384047386,0.033506513452067566,0.07375703833903977,0.19998610691025662,17.441002562263662,182.47059704298485,181.87540295701515
ETH,2020-02-02,180.59,193.43,179.1,191.71,384102.25195,191.38,191.6218,191.16459999999998,57.576877335919264,-0.02121471436447564,-0.07995915499290306,0.22485939986314238,20.497854813769575,191.86719605904412,190.89280394095587
ETH,2020-02-03,190.92,192.41,187.68,188.85,198459.95511,188.64050000000003,189.09800000000004,189.28165,52.880903094460656,-0.12595650850076368,-0.19154325301105293,0.3200118794878566,27.89186342142444,189.31249627974677,187.9685037202533
ETH,2020-02-04,190.15,190.27,184.69,188.04,259308.92319,187.7475,187.365,186.0501,59.77529172952021,0.12977245036864815,0.12564547333136677,0.26462262297299444,26.723122174797894,188.2755861672139,187.2194138327861
ETH,2020-02-05,188.25,198.5,188.22,197.63,306271.85295000003,197.61849999999998,197.4574,197.08055000000002,51.04786038382743,0.09234424398388796,0.08586325795736831,0.18215507931353586,28.14400921679131,197.9134762702406,197.32352372975936
ETH,2020-02-06,203.35,216.33,202.42,212.29,431211.74742,211.82599999999996,212.45919999999998,212.97079999999997,53.1675324967226,0.0010715937206100534,-0.10147243993339009,0.45523020114944596,16.012903883850182,212.7101809769563,210.94181902304362
ETH,2020-02-07,219.9,225.0,216.11,220.68,414920.84819,221.74099999999999,222.21020000000001,220.89669999999998,29.49655426872801,-0.3311745850832324,-0.23819644352870745,0.3936191359781655,25.91389250088184,222.65103076871748,220.8309692312825
ETH,2020-02-08,220.58,227.75,213.22,225.84,394050.89597,226.137,226.49740000000003,226.17184999999998,42.094546535859145,-0.24999391761795664,-0.2116650980717895,0.2560045955155875,20.796914832815645,226.9515452719211,225.3224547280789
ETH,2020-02-09,228.42,230.65,224.0,226.64,228433.5839,226.7195,227.11520000000002,226.96269999999996,46.236545041941255,-0.19315821681854572,-0.19194829040293665,0.23973786764604685,23.815948871670003,227.35556524823312,226.0834347517669
ETH,2020-02-10,226.19,227.0,216.37,223.86,360336.45838,224.34799999999996,224.09260000000003,221.06440000000003,39.112164844356315,0.012790201860809702,0.10842533172027706,0.29856854123806553,21.99996253939193,224.76845689433938,223.92754310566053
ETH,2020-02-11,220.51,228.82,218.17,227.85,238417.17526,227.17249999999999,224.8132,223.9704,68.63027083589886,0.9280936263627666,0.9970513507646231,0.5405165697495845,56.32009754984044,229.05804368817368,225.2869563118263
ETH,2020-02-12,242.74,257.99,241.76,253.08,498301.58413,253.27349999999996,254.23100000000002,255.2768,46.14409916293784,-0.40643697531371004,-0.4995424989291771,0.5994005586344842,31.211690546102027,254.98646555714717,251.56053444285274
ETH,2020-02-13,274.0,277.69,256.08,270.13,808278.50919,269.569,269.3328,269.87035,55.59246592907088,0.11803132342731715,0.06557331055741751,0.6876916733872405,10.246160944078218,270.442152907568,268.695847092432
ETH,2020-02-14,268.43,275.0,260.28,273.22,370271.63664,272.768,272.798,271.52265,55.56776439415972,0.08033529979195464,-0.01677062041021782,0.42434909970059215,17.68704282352968,273.63751940746465,271.8984805925353
ETH,2020-02-15,279.82,285.5,277.58,280.49,253742.0424,280.923,281.2222,282.08835,41.490213770545495,-0.26911075554988884,-0.21373485392722966,0.33924675178690666,28.476194894337908,281.77145978103766,280.07454021896234
ETH,2020-02-16,267.3,274.0,256.06,257.47,406144.61681,258.5405,261.12,264.24084999999997,41.32998546839973,-1.0705794012792467,-1.097637212402623,1.3618539884205458,41.982267398957084,260.87278192977993,256.2082180702201
ETH,2020-02-17,251.93,256.05,242.0,252.94,701274.01186,251.26,252.2364,248.60890000000003,60.35978196934409,0.0946942862659057,-0.14765904803068383,0.8629688238681413,17.11520714026068,252.99554602359157,249.5244539764084
ETH,2020-02-18,270.35,275.1,258.0,272.87,542417.35186,272.7315,269.9792,265.13335,58.871512544321426,0.6715266387048473,0.9375475629270222,1.00869581832577,34.43590551317777,274.80473201788976,270.6582679821102
ETH,2020-02-19,280.73,285.0,265.95,267.89,401600.72963,270.883,272.13919999999996,276.8498,21.823259451949497,-0.8820777658260681,-0.614446424434282,0.9397200035968634,29.48247278870858,272.90886376639844,268.8571362336015
ETH,2020-02-20,258.09,263.08,246.85,258.03,553008.99863,256.87199999999996,256.68780000000004,254.4491,63.558741980036146,0.45055373878761884,0.2699043850405389,0.5143416732907261,26.241821334273467,258.37159461188674,255.37240538811318
ETH,2020-02-21,260.51,266.53,257.57,264.36,292872.85427,263.857,263.14619999999996,264.2616,61.85767108437565,0.36641660121165387,0.3021850062102507,0.34947150541191024,26.394327479032093,264.7194871013562,262.99451289864385
ETH,2020-02-22,262.27,264.5,256.0,260.63,195053.43709,260.556,261.0838,262.21205,48.59042447781867,-0.15349494602912728,-0.2034340780909119,0.2750200629865209,33.20786901381573,261.0199568945502,260.09204310544976
ETH,2020-02-23,261.86,275.0,261.8,269.85,332604.37854,270.05499999999995,270.9496,270.93995,41.071830581058514,-0.282029812487508,-0.30416967717931703,0.32883114145788517,26.25887735447084,270.52111157462696,269.58888842537294
ETH,2020-02-24,273.57,273.72,263.67,267.98,340454.68637,268.502,268.682,269.9805,42.19273579194279,-0.17468340786024328,-0.1357184258017235,0.4567608073163482,15.090466250350598,269.0499635024457,267.95403649755434
ETH,2020-02-25,263.23,264.73,250.13,253.55,440109.14781,252.406,253.1798,257.8577,57.09498294923736,0.10906799520114419,-0.08500713367209847,0.7049297163865302,21.362956464121833,254.12254769815905,250.68945230184096
ETH,2020-02-26,237.61,242.32,225.98,228.5,679272.72454,227.78699999999998,229.64700000000002,234.74365,50.12562420117835,-0.2896593032257613,-0.5855019544415594,0.7463503717113437,27.652798913351468,229.2702005933363,226.30379940666364
ETH,2020-02-27,219.07,233.35,214.47,231.42,635048.21955,231.76799999999997,231.16119999999998,229.4738,46.75540629208058,0.17542002294993608,0.25903553528832196,0.4645614344647658,20.09562494102276,232.6767705981219,230.85922940187805
ETH,2020-02-28,232.86,233.68,214.01,224.76,682460.63955,224.128,223.7202,221.61075,57.32078311381749,0.4903657839116704,0.46751893275251966,0.5453902139879754,29.676834139273698,226.36482453492002,221.89117546507995
ETH,2020-02-29,228.82,233.0,221.0,223.86,343241.80039,223.87650000000002,222.95559999999998,223.38285,54.25719729244263,0.3694737312114853,0.4453148010589671,0.47588056293643927,34.873282861930235,224.9959154724677,222.75708452753236
ETH,2020-03-01,223.53,227.89,218.7,220.67,327782.16426,221.07600000000002,220.8244,221.83669999999998,42.718498154268154,-0.08887345482099818,-0.014393994371596,0.27524611138754407,17.458289478380422,221.73689030860004,220.4151096914
ETH,2020-03-02,219.1,229.8,218.41,227.09,472177.44192,227.9065,228.33720000000002,226.79840000000002,34.33694338072156,-0.3511811769045323,-0.2958758108899861,0.38880922975548005,26.185480232996422,229.17279025107283,226.64020974892716
ETH,2020-03-03,228.75,232.46,222.32,223.72,465569.45106,223.54100000000003,225.03459999999998,227.33695,44.71568904240375,-0.34855753479527607,-0.46645466661067586,0.6825325256148692,21.495196411025457,224.3124635441665,222.76953645583356
ETH,2020-03-04,228.53,228.74,220.23,222.72,294919.64782,222.82649999999998,222.78060000000002,222.60269999999997,49.97493219397319,-0.0049468983292797475,0.005470967953714126,0.21367615327696057,10.996995800829955,223.25293991369946,222.4000600863005
ETH,2020-03-05,226.14,234.09,225.83,229.56,376960.54946,229.80900000000003,229.733,231.1591,41.975724162695,-0.045916905971978395,-0.02077577497897143,0.2808625720813065,18.344452289914685,230.20345658822862,229.41454341177143
ETH,2020-03-06,229.39,241.4,228.69,235.65,414129.72545,236.35049999999995,236.87440000000004,237.46405,31.261236115453375,-0.347004839198803,-0.28464788610815783,0.27938915742439857,28.318380976368992,237.16610958796215,235.53489041203775
ETH,2020-03-07,243.28,246.58,241.1,245.08,228678.77694,245.20300000000003,244.9894,244.26585000000003,48.565450467139165,0.04173704729484484,0.07515142049624592,0.21694553906842867,15.878270135842572,245.53249051579505,244.87350948420502
ETH,2020-03-08,232.91,233.04,212.0,213.87,481657.64249,216.11550000000003,218.003,223.53204999999997,36.82170804889811,-1.2948950237304189,-1.1747453053263877,1.2620879695258613,41.65079823045371,219.80749390573266,212.4235060942674
ETH,2020-03-09,204.14,208.62,191.22,192.07,1020919.53276,193.9015,195.8044,200.52454999999998,36.78388952492739,-1.18604814746368,-1.1163590323886088,1.1768923203934794,38.08943698603352,197.2838913138521,190.5191086861479
ETH,2020-03-10,201.99,206.2,197.18,198.85,569328.07914,201.0205,202.0454,203.61295,29.55432191291828,-1.0409522505505038,-0.8056195520472296,0.7643066460383712,49.831255022661196,204.37863921688705,197.66236078311294
ETH,2020-03-11,201.36,202.16,190.61,191.9,418933.37751,192.348,193.32299999999998,195.90865000000002,42.666239402635775,-0.5777846797369648,-0.5316602293564305,0.5020015820237287,37.278953365874685,193.79554412712758,190.90045587287244
ETH,2020-03-12,184.05,187.62,123.0,139.52,2245239.41295,139.4725,139.4282,137.16944999999998,51.811419174816784,-0.14626838665847686,-0.14759579727494349,0.9231101958687458,9.24400262958869,140.96862666574071,137.97637333425928
ETH,2020-03-13,91.15,139.68,90.0,118.28,2811090.40569,121.165,123.96979999999999,130.18370000000002,36.07957473294129,-1.7998046464316957,-1.752608368884415,1.5526922404565244,50.666849897993714,126.61596138309358,115.71403861690644
ETH,2020-03-14,131.75,134.68,125.18,126.45,718434.76011,126.64750000000001,127.0412,127.21634999999998,43.393655723605605,-0.1458825608155223,-0.15855192956522038,0.3735513420636636,20.956725300971392,127.14226762220825,126.15273237779176
ETH,2020-03-15,121.79,129.53,120.8,124.16,586015.72947,124.73249999999999,124.32300000000001,124.84899999999999,39.676824148419136,-0.01949139487059881,0.08211881484592147,0.23862484937583592,19.356643675063474,125.30716076950186,124.15783923049811
ETH,2020-03-16,123.69,124.07,101.1,113.89,1770096.94544,114.029,113.02900000000001,109.11675,52.02681168291501,0.14942818992957996,0.24592777069705568,0.7783797440370682,13.063530642921158,115.24509045716677,112.81290954283322
ETH,2020-03-17,114.26,119.82,112.41,116.07,756132.51635,116.69500000000001,116.15979999999999,115.56414999999998,43.29687670539157,-0.00027498422224425667,0.13689735102410794,0.37076033518192186,21.513263794745317,117.42231011267397,115.96768988732605
ETH,2020-03-18,116.14,118.0,109.86,114.77,762980.34775,114.726,114.58319999999999,113.76674999999999,51.89534371387591,0.09764495860537181,0.08315732296317273,0.3112001126436685,20.701840371660275,115.14616187356705,114.30583812643295
ETH,2020-03-19,117.52,129.0,115.46,127.1,862350.1746500001,127.2105,126.61939999999998,126.55735,52.09872448575066,0.15615938528750917,0.18876633129182338,0.35487998270073545,15.98722086688768,127.79655375180221,126.62444624819778
ETH,2020-03-20,136.58,152.55,133.65,140.72,1279723.24797,141.881,142.8628,142.4152,28.88894470962127,-0.45871177024838516,-0.38077857392188574,0.5039747252403075,22.8639139524816,142.8685606310471,140.8934393689529
ETH,2020-03-21,136.92,136.92,125.69,131.76,662085.47129,131.5725,131.81799999999998,131.90030000000002,50.47171734613807,0.005150640150048957,-0.05670502889905993,0.34595033825310373,19.367256514500724,132.1639008792655,130.98109912073448
ETH,2020-03-22,134.16,137.13,124.73,126.58,530994.29264,126.4645,127.33359999999999,128.23185,49.40350900165479,-0.39808662889410584,-0.4657498516136339,0.5032478398670508,35.50517935261093,127.93001663245062,124.99898336754939
ETH,2020-03-23,122.91,137.5,120.56,129.24,883525.5035700001,129.5925,129.8372,130.83785,41.04269818958148,-0.2259518024704903,-0.18786363095488082,0.30646042479187596,27.088712175496187,130.384910878269,128.800089121731
ETH,2020-03-24,135.64,143.36,132.2,135.96,811331.35933,135.237,135.9778,137.6912,56.48776567448574,-0.02971918698554532,-0.2109690491725265,0.3965872904065349,28.102870370400176,135.974430674704,134.499569325296
ETH,2020-03-25,139.32,142.33,132.54,135.48,720237.24742,135.9105,135.7714,135.3076,38.51634673649297,-0.026558100566376197,0.047459185817580574,0.2314194080408185,18.175879585063868,136.30503643684423,135.5159635631558
ETH,2020-03-26,135.83,138.58,133.26,134.49,435442.67594,134.36849999999998,134.24,134.53315,58.774621375945394,0.07480170751091464,0.06449470635630866,0.15050031513374076,22.163708350636615,134.58448842561046,134.1525115743895
ETH,2020-03-27,138.38,140.47,134.4,136.06,359967.4642,135.841,135.6814,135.39185,61.06072875263039,0.0867113372973165,0.06829295516818804,0.16634880476056643,25.729967901733886,136.1172535067781,135.56474649322192
ETH,2020-03-28,129.35,129.83,124.88,128.1,427636.292,128.51,128.74480000000003,128.3341,30.878940010202847,-0.16791110351934435,-0.12620150366270208,0.16783560979119128,26.33903691370808,128.93558195450666,128.08441804549332
ETH,2020-03-29,130.38,130.43,128.0,128.94,216349.32418,128.8555,128.9806,128.78369999999998,52.36331260519513,0.0007497050170286457,-0.02564050228061524,0.10487989319102094,12.095440211980982,129.01580907646786,128.69519092353215
ETH,2020-03-30,125.59,134.66,125.55,132.02,475231.14852,131.9085,131.6642,132.3669,57.93787562224602,0.09541809384859334,0.09071889492336345,0.16029714256955196,23.971047302042795,132.15582771780987,131.66117228219014
ETH,2020-03-31,132.87,134.1,130.38,132.42,325985.17022,132.6145,132.4658,132.0899,42.11501007884903,-0.017205119510208533,0.019732380277598136,0.1483545338805215,22.17554039840283,132.82929990688845,132.39970009311153
ETH,2020-04-01,131.83,133.25,130.37,131.28,252815.2062,131.08350000000002,130.90879999999999,131.44415,58.643643901390746,0.12651386778071583,0.10323821042673506,0.15290958293637133,26.85694433108567,131.52310323019634,130.6438967698037
ETH,2020-04-02,136.1,138.63,135.01,138.03,340213.92188,137.1995,136.7988,137.1446,77.5101929774409,0.2598757785930559,0.19688997883806159,0.19699913063351565,43.95636984072087,137.8355023584856,136.5634976415144
ETH,2020-04-03,141.14,146.72,140.66,141.45,488648.48132,142.2405,142.9502,144.43980000000002,32.79887579962162,-0.44642445709939693,-0.34304124536210684,0.36667950017214085,42.46832350188267,143.2795664078907,141.20143359210928
ETH,2020-04-04,141.72,144.16,138.88,141.52,298754.03574,141.711,141.7058,141.40815,41.18870116400069,0.012637522781687949,0.036840650849258604,0.13768058235370398,15.195856079167102,141.95708128738272,141.4649187126173
ETH,2020-04-05,144.95,145.15,142.01,143.42,193475.49601,143.54749999999999,143.6434,143.35479999999998,40.86793977870842,-0.06717537588374967,-0.05785106939661768,0.09942164533021416,24.425934873984673,143.75933720164977,143.3356627983502
ETH,2020-04-06,143.85,158.78,143.13,155.59,850186.84201,155.315,155.71380000000002,155.3786,52.23604190150742,0.013807162437871057,-0.08950913387586852,0.3076786867879229,26.063254426651703,155.86328824534834,154.76671175465165
ETH,2020-04-07,172.67,175.27,167.27,169.29,885257.9474,169.03500000000003,169.7584,171.7126,49.55202335243653,-0.05836648906640107,-0.13879851540095656,0.4041191302423014,30.13417191348468,169.89062842402393,168.17937157597612
ETH,2020-04-08,165.13,174.48,163.86,168.78,697136.40415,168.3325,167.991,168.42460000000003,62.55202989797271,0.17132268314986732,0.13086286416096077,0.23416404059816248,18.949696581342376,168.9105960127836,167.75440398721642
ETH,2020-04-09,171.98,173.25,165.19,171.38,490211.40512999997,170.69650000000001,170.69920000000002,170.08665000000002,63.981978226227774,0.23767308579243718,0.14828253898450416,0.2739057857940437,30.602148735148557,171.80440387669626,169.58859612330377
ETH,2020-04-10,169.31,169.56,154.62,157.2,838741.05795,157.451,157.8424,158.03355000000002,40.98674103868449,-0.18223782338048977,-0.16349141028521136,0.30245162018407334,25.462726384244558,157.9096458328236,156.9923541671764
ETH,2020-04-11,159.85,161.37,156.56,157.41,344721.54787,157.35999999999999,157.4588,158.22969999999998,52.82924469753729,-0.017585096616642204,-0.03313352017841106,0.1639820390277959,19.675597711423062,157.57999999999177,157.1400000000082
ETH,2020-04-12,157.4,161.46,155.0,161.06,330529.91838,161.05599999999998,160.4302,159.4032,57.26195927883527,0.2373781143683118,0.258142409386796,0.20398393838824838,41.400757797431766,161.38190796244822,160.73009203755174
ETH,2020-04-13,153.62,156.5,150.55,152.59,514567.26851,152.9365,152.841,153.34005,42.87784584828526,-0.09581059700079209,-0.02006620930249172,0.3094196002925964,12.696188723655647,153.47754620876447,152.39545379123552
ETH,2020-04-14,155.99,161.04,155.23,159.1,387637.84453,159.6205,159.3714,157.64065,43.658018640883306,-0.1756484676342609,-0.06713929613346595,0.4037807320992561,20.393810860950616,160.61738464728867,158.6236153527113
ETH,2020-04-15,157.44,161.29,155.16,157.43,400599.38552,157.22,156.8896,156.8711,58.159902129556855,0.14976655919161885,0.1664790962587041,0.21526728012809135,26.039156722602527,157.8240529778114,156.6159470221886
ETH,2020-04-16,150.79,174.5,150.68,169.65,1097607.68559,169.978,169.5796,169.96455000000003,47.204090906519205,-0.02165555493175475,0.0467100204835727,0.28450929865759517,14.5654820710155,170.5582275415973,169.39777245840273
ETH,2020-04-17,171.72,173.15,168.31,169.66,438388.11701,169.79450000000003,169.94119999999998,169.91674999999998,44.721943308717634,-0.09065275359884595,-0.07221931179250385,0.1998138444813929,21.54993064659601,170.11664748176045,169.4723525182396
ETH,2020-04-18,173.03,184.68,171.39,182.63,626141.17661,182.7205,182.8902,177.75325,48.28312384597429,0.050489393111263325,0.08585127384953638,0.389944793718836,13.50464491078439,183.42336485184052,182.01763514815946
ETH,2020-04-19,186.3,188.35,175.75,177.89,613798.93768,177.7515,178.3824,181.2394,48.10665720370932,-0.03430689032407486,-0.13073495920483896,0.42126421366691175,31.941556808889512,178.5368222268459,176.96617777315407
ETH,2020-04-20,181.97,186.46,172.8,179.27,762564.80583,179.206,178.90540000000001,178.3385,53.60651256211103,0.11575143403274524,0.11686391739439791,0.2597571417897753,11.76519269135339,179.53526585004207,178.8767341499579
ETH,2020-04-21,172.63,174.7,168.0,172.9,533035.86052,171.7,171.07119999999998,170.41859999999997,70.37132866483677,0.6170915675132278,0.5088217814482245,0.4489077547775462,35.598532044032495,173.92211610857703,169.47788389142295
ETH,2020-04-22,170.8,182.45,170.37,182.33,594024.81306,181.23049999999998,180.51760000000002,177.29165,70.27505014925589,0.47383263749793514,0.3867001806417333,0.4356152138783316,49.85504629747768,182.41328442667754,180.04771557332242
ETH,2020-04-23,182.84,193.63,178.16,188.61,933653.39739,189.52249999999998,187.785,184.7367,49.0727089159862,0.23225769892260928,0.4418107043534335,0.9208486277485923,25.704861665186964,191.43076491871344,187.61423508128652
ETH,2020-04-24,187.26,189.8,184.72,186.07,494559.65251,185.7605,186.2904,186.73590000000002,52.806040929825166,-0.0716176636946102,-0.16709950651220296,0.2684906675884447,29.044276420043094,186.18797982407654,185.33302017592348
ETH,2020-04-25,187.02,198.36,186.5,194.1,702721.0065,194.1765,194.28859999999997,194.95305,48.2435126921056,-0.03934485951361921,-0.034345204295429504,0.24367889426909448,13.133320708921026,194.43358169904874,193.91941830095126
ETH,2020-04-26,194.65,200.0,192.3,198.07,406957.70471,198.1835,198.3086,197.34955,45.14751582404891,0.0373023620361721,0.03435093216429064,0.21908980152910992,13.941065314993027,198.59814563183818,197.76885436816184
ETH,2020-04-27,197.0,198.28,191.97,192.22,494047.44835,192.953,193.52759999999998,194.53275000000002,35.29676551465183,-0.3147152698810771,-0.2644500107008319,0.3036475052819877,41.26387178423059,193.8061611805448,192.09983881945521
ETH,2020-04-28,193.84,198.5,192.36,196.4,408524.73761,195.998,196.03799999999998,196.47715,62.096586242632256,0.10254178774650313,0.04377175891568276,0.16844021571448314,20.56733136065159,196.60359392335357,195.3924060766464
ETH,2020-04-29,197.22,210.99,196.83,209.2,913589.93044,208.8295,208.461,208.43755000000002,65.24577676782857,0.2155159949784604,0.19462282273836057,0.20616487794754837,21.947267742532404,209.3751913046625,208.28380869533748
ETH,2020-04-30,217.34,227.3,202.0,210.88,1206201.50619,211.30349999999999,211.32219999999998,211.56575,42.600073818430815,-0.030563374137074106,0.014502923431294983,0.3476635713008727,11.444249260663895,211.89145493027672,210.71554506972325
ETH,2020-05-01,209.4,217.14,207.72,210.28,512001.21856,210.94850000000002,210.7964,212.79080000000002,38.49173311610231,-0.09394481042122038,0.01741966562862267,0.3307234687803446,16.090460068003058,211.7018996283497,210.19510037165034
ETH,2020-05-02,212.48,214.07,210.36,213.29,218883.35676999998,213.1355,213.2092,212.90685000000002,54.85111841240745,0.017153196478659538,-0.004031110390461651,0.1952179473343313,12.865773502160554,213.3815467435239,212.88945325647612
ETH,2020-05-03,217.36,218.44,211.0,211.49,358606.58436,211.673,211.94879999999998,212.7591,45.731762574803675,-0.18149051424930462,-0.1469845267238517,0.2715053068912508,19.5657483307621,212.31723908604565,211.02876091395436
ETH,2020-05-04,205.85,207.0,194.88,205.31,769922.58066,204.83499999999998,205.1202,202.35725,55.14164780032454,0.048564663749203874,-0.029728694929484704,0.3701435598389568,17.027198000879814,205.52273541424145,204.1472645857585
ETH,2020-05-05,207.69,211.68,201.0,203.31,446949.62838,203.541,203.9348,203.97549999999998,42.16402333027196,-0.1868194926947524,-0.1743327377119061,0.2911672037514816,22.542364944632826,204.08842670744068,202.99357329255932
ETH,2020-05-06,203.95,210.77,203.37,207.6,501528.66556,207.706,207.65779999999998,208.41574999999997,47.32638773782081,-0.027940089941495216,0.0037480276315326484,0.18930420938793016,16.8055296683815,208.04443167700737,207.3675683229926
ETH,2020-05-07,202.06,208.84,202.02,206.77,523866.42826,206.68200000000002,206.7148,205.783,50.337306478133804,0.06880473917965446,0.05251025673464807,0.2588779585919227,14.592366697492396,207.230036495136,206.13396350486403
ETH,2020-05-08,214.78,215.1,206.9,211.78,466034.21594,211.795,211.1532,210.78855000000004,54.3020052098753,0.196411450645968,0.25187457013368986,0.26000289889972994,27.290452145950802,212.53951326381335,211.05048673618663
ETH,2020-05-09,213.59,214.6,208.4,212.52,326527.46892,212.21300000000002,211.9932,210.83259999999999,61.2174502817964,0.20397610932360521,0.17035156624741637,0.20190713869893157,28.092543810745745,212.81920458592376,211.6067954140763
ETH,2020-05-10,191.26,193.0,182.0,189.8,602821.09102,189.79,190.174,189.75079999999997,45.39724487140269,-0.0897982450768211,-0.11857260074094089,0.22374611853047735,32.8527869694856,190.15249137914347,189.4275086208565
ETH,2020-05-11,189.44,193.5,183.84,187.47,511506.87559,187.822,187.9478,188.57504999999998,39.661099205305845,-0.12261004234380835,-0.08688837541694425,0.28001351057678303,25.40666237193384,188.26461043819813,187.37938956180187
ETH,2020-05-12,186.37,192.24,186.03,190.71,391436.41563,191.1645,190.8384,190.20095,43.43769966624827,0.032415598767300935,0.10882127637107376,0.3742939094268873,27.6332993956163,191.59080857370128,190.73819142629873
ETH,2020-05-13,190.65,198.05,188.35,196.03,474827.73672,196.8675,195.92460000000003,193.0812,42.35862239944825,0.033132854317926785,0.23168691489991228,0.37814356387364606,35.56136061257583,197.7885184580069,195.9464815419931
ETH,2020-05-14,198.77,206.02,195.67,203.06,638694.12351,202.69250000000002,202.11919999999998,202.23390000000003,66.25619662186206,0.22396362704174066,0.20623307305153502,0.25454569509710484,34.65583328527781,203.06979961567646,202.3152003843236
ETH,2020-05-15,202.86,203.03,197.21,200.28,506799.2401,200.0915,199.9918,200.14105,58.557327344285135,0.04390905050357219,0.02568610239382225,0.1745294901567677,17.20155648837157,200.3218280269554,199.8611719730446
ETH,2020-05-16,196.22,203.5,195.99,201.33,437981.48187,201.815,202.1198,201.85510000000002,35.91641311469326,-0.23875856431735087,-0.15804560291823438,0.22494644859897264,22.515476482796615,202.4473448426344,201.1826551573656
ETH,2020-05-17,201.97,207.63,200.52,206.94,437316.83574999997,206.89900000000003,206.85580000000002,204.89190000000002,52.32073875967089,0.051749393940468735,0.045146006107889554,0.17012490763463645,19.393916654805977,207.10635476845644,206.69164523154362
ETH,2020-05-18,213.98,217.07,209.24,212.59,671661.82218,212.88899999999998,212.6282,212.19529999999997,39.438482131644975,0.007062425372254211,0.06660628153515179,0.14399105418646274,21.71663166072098,213.13032136250078,212.64767863749918
ETH,2020-05-19,212.18,215.95,209.45,212.51,413984.79699,212.68850000000003,212.51440000000002,212.38315,44.56473383922437,0.01774598124370641,0.0538007816133724,0.1424428332646667,19.89107384548039,212.88892704408573,212.48807295591433
ETH,2020-05-20,213.62,215.75,211.9,213.96,296683.33387,213.9875,214.10920000000002,213.74704999999997,48.6868067361827,-0.06122120581432,-0.06341189131061664,0.15579064680443733,17.312210389686836,214.2837347042448,213.69126529575522
ETH,2020-05-21,210.95,211.3,200.0,200.64,467885.60444,202.41649999999998,203.59740000000002,206.01365,26.184520795808552,-0.658267066048495,-0.5292871760301702,0.6271378414119833,51.6909676613223,203.87267684364963,200.96032315635034
ETH,2020-05-22,199.5,204.37,196.67,203.43,430060.93458,202.925,202.6818,202.94565,70.99152231548533,0.19298745709201626,0.13536602478861132,0.19918923689057164,25.31829517063809,203.44632523437622,202.4036747656238
ETH,2020-05-23,208.82,211.2,204.55,207.92,324759.55224,207.31599999999997,206.637,206.55545,72.63296251764415,0.388936808966065,0.3538681358076148,0.20726755800576308,46.80879792785189,208.40581466314396,206.226185336856
ETH,2020-05-24,207.03,210.55,203.67,205.53,334456.08006,205.4855,205.1798,206.4862,53.45509265198323,0.04487435119327188,0.05902806199509362,0.28701224227215044,12.08708851678253,205.75453345516385,205.21646654483615
ETH,2020-05-25,202.68,204.99,201.17,203.29,280136.10046,203.5025,203.5634,202.94459999999998,43.287317693550506,-0.07965344856111756,-0.03955946085118306,0.21841566533784162,12.710224296877463,203.8500557509311,203.1549442490689
ETH,2020-05-26,204.03,205.0,200.15,201.51,241528.10353,201.9345,201.68199999999996,201.644,39.28987712608961,0.0020772525483323534,0.06989516626298825,0.2224635448383313,14.93463667884538,202.29430411336054,201.5746958866395
ETH,2020-05-27,201.33,207.78,201.15,206.07,320174.47523,206.04250000000002,205.9682,206.3982,51.393859492657356,0.037825284700602424,0.031587011689383396,0.15577484579432513,12.917831792630023,206.2558424477462,205.82915755225383
ETH,2020-05-28,207.86,210.7,204.67,210.01,270072.14914,209.8855,209.753,208.91705000000002,57.52490102586074,0.03813081511083283,0.024780138228414038,0.1672320661816938,17.071528103105344,210.156754493029,209.614245506971
ETH,2020-05-29,220.84,223.55,217.57,219.84,350168.4204,220.3825,220.29980000000003,219.7427,36.42910844024494,-0.0727384280035892,-0.009313108346067916,0.21452677733513587,14.125557308024732,220.8017314396614,219.96326856033858
ETH,2020-05-30,219.12,238.87,218.9,238.25,618377.05291,237.5945,237.041,236.33325000000002,66.46149518565421,0.38191101857319154,0.35625896098906157,0.29363381718288295,42.72331793458708,238.75160803302222,236.4373919669778
ETH,2020-05-31,245.02,245.05,235.15,237.18,463425.13245,237.023,237.2372,238.19035,50.99637805717064,-0.012903898488303867,-0.05514872699795347,0.27387667482688116,14.009569352237536,237.61033636018527,236.43566363981472
ETH,2020-06-01,232.59,242.5,232.48,240.24,358118.11009,239.78650000000002,239.3006,238.24274999999997,63.23429136400993,0.23490930738006455,0.1950460504200753,0.2946706504592964,27.166674647817146,240.47730460333815,239.09569539666188
ETH,2020-06-02,246.75,253.8,246.0,252.07,351798.47566,251.9985,251.9898,252.08044999999998,53.61935254050834,-0.024765587153041224,-0.024947350874338456,0.15645923443148343,11.908792689440851,252.27680019758543,251.72019980241458
ETH,2020-06-03,237.36,240.68,232.71,238.23,293352.14252,238.4755,238.66379999999998,239.09025000000003,44.419094346842,-0.10071012154443792,-0.08357620179172555,0.2848005356548082,17.034155926232824,238.8912150466403,238.05978495335972
ETH,2020-06-04,243.81,246.6,236.0,243.42,408655.34639,244.12349999999998,244.4572,243.25035,33.99537596930282,-0.3104429090437293,-0.22379852874147785,0.2737302408338425,34.79487951593786,245.08179588332348,243.16520411667648
ETH,2020-06-05,244.27,247.87,241.0,242.83,323916.90355,242.85399999999998,242.9652,242.64849999999998,48.795516806196204,-0.03242873031149429,-0.024907004478058554,0.19256879309058372,13.734189723831587,243.0762071105974,242.63179288940256
ETH,2020-06-06,240.68,244.7,238.66,242.13,216209.98431,241.8435,241.94920000000002,242.52309999999997,61.31356364606535,0.015403610168021942,-0.03418031181342076,0.1459406217786792,21.12148483721676,242.10444252240728,241.58255747759273
ETH,2020-06-07,241.64,244.08,234.6,237.25,304406.94078,237.18850000000003,236.69299999999998,238.19299999999998,55.55955585135904,0.08835460718452737,0.1197776456714794,0.25934170559919384,11.216429262324102,237.44047420509182,236.93652579490825
ETH,2020-06-08,243.25,244.74,240.59,242.2,207540.0884,242.2255,242.34619999999998,243.06345000000002,46.626745404571444,-0.02160849492969419,-0.03500579452745514,0.21171325813533656,18.46956212384678,242.5030229720151,241.94797702798493
ETH,2020-06-09,243.49,244.66,241.25,243.2,175712.70183,242.96300000000002,242.90279999999998,243.1841,62.8704537294408,0.1073839617746728,0.07911527959042314,0.12564318415111622,17.369981053561045,243.3516437957857,242.57435620421435
ETH,2020-06-10,244.16,244.88,242.2,243.1,144389.20644,243.1355,243.28040000000001,243.28235,45.59192633441273,-0.045151181253999084,-0.05626705733401501,0.13307258497899005,21.235489905318385,243.28348310713866,242.98751689286135
ETH,2020-06-11,248.48,250.09,239.31,241.4,328785.09933,241.6835,241.4152,243.28564999999998,44.87240017614181,-0.005099172093423476,0.06714952798913663,0.2638555834820172,15.192377714809181,242.09843493465212,241.2685650653479
ETH,2020-06-12,232.16,239.38,231.62,237.1,288094.38429,237.64450000000002,238.08059999999998,237.22005,34.027716042545805,-0.27970666572156233,-0.20710373866026663,0.2567644109808786,37.1260052645083,238.30181195029311,236.98718804970693
ETH,2020-06-13,236.05,238.39,234.66,237.42,142712.12787,237.61949999999996,237.3626,236.3597,45.97224908226727,0.0009652820443193377,0.07108573655467376,0.2051432279890266,22.613468033301857,237.93289910657617,237.30610089342375
ETH,2020-06-14,237.5,238.59,233.71,234.96,140667.67693,235.061,235.39440000000002,235.83865000000003,40.34468678678301,-0.11129873278420632,-0.11020370611665697,0.13170104748207342,42.165354621232275,235.24009773868454,234.88190226131547
ETH,2020-06-15,230.83,231.63,218.27,224.5,554287.91455,224.63049999999998,224.36919999999998,223.3859,48.228088758296465,0.08443282410124198,0.11522629295976186,0.25529085734075024,19.79223649086604,225.0810762976418,224.17992370235817
ETH,2020-06-16,230.11,236.0,228.7,233.49,332239.7171,233.823,234.2928,234.5999,35.019455932350965,-0.23774900342229444,-0.20827384605156524,0.21484398643859293,51.13940624990798,234.2855624282267,233.3604375717733
ETH,2020-06-17,234.28,237.3,230.86,231.95,271134.14635,231.77399999999997,232.75460000000004,233.90064999999998,47.48004013716537,-0.3157947822404594,-0.41115778378462764,0.38922724413748977,50.647722316179085,232.54136953288375,231.0066304671162
ETH,2020-06-18,234.34,234.38,230.72,232.05,162009.90791,231.8245,231.7952,232.56449999999998,60.29650021452166,0.056406239529707136,0.022119194919205408,0.15443781178394264,12.304601750104103,232.09656433063876,231.55243566936124
ETH,2020-06-19,230.27,231.95,226.74,230.94,246570.00339,231.06799999999998,231.05239999999998,230.84640000000002,47.11918588767175,-0.03012930423901139,-0.01940323340599375,0.1497958062843191,18.603302636896117,231.38388605539183,230.75211394460814
ETH,2020-06-20,229.6,230.85,225.62,227.32,168605.40454,227.45149999999998,227.6084,228.27970000000002,41.56815603770035,-0.10473316242240571,-0.0926699914607548,0.1197061549972571,23.771736100181265,227.75225072735512,227.15074927264484
ETH,2020-06-21,229.1,231.49,228.76,229.27,134562.41248,229.26749999999998,229.3852,229.57469999999998,48.7342805005666,-0.05518164867822861,-0.0653380797860669,0.10117280467509324,27.238102881196184,229.5291008409833,229.00589915901668
ETH,2020-06-22,228.96,239.28,228.8,238.06,402400.61107,238.075,238.18400000000003,237.61035,48.15414000732142,-0.05181109435744702,-0.0550829953235015,0.15233266167368892,12.560685485689083,238.28212315179863,237.86787684820135
ETH,2020-06-23,242.51,244.49,240.75,243.17,266623.01926,243.36399999999998,242.93900000000002,242.91795000000002,49.452439874558515,0.02792946110676553,0.09866905359145396,0.20877602331284317,28.846927088037617,243.77681472841783,242.95118527158212
ETH,2020-06-24,243.13,249.24,235.0,235.82,600021.47032,236.93700000000004,238.07260000000002,239.2581,24.83374234503436,-0.7085923988368279,-0.6291727729525981,0.46588707247231886,56.88731987861946,238.61949933135173,235.25450066864835
ETH,2020-06-25,234.55,235.39,227.56,234.38,449172.64155,234.348,233.7002,233.3631,56.09868749946474,0.17605880181437783,0.21897644739112804,0.20476898809610306,45.99937187665746,234.80435950740372,233.8916404925963
ETH,2020-06-26,233.08,233.61,227.75,228.39,418218.52829,228.587,229.57080000000002,230.735,37.90551538933522,-0.28397916450049365,-0.3263863011780085,0.35937879188453314,31.7738999594188,229.1439955116438,228.03000448835618
ETH,2020-06-27,228.93,231.42,228.14,229.39,171311.19531,229.2545,229.31799999999998,229.57415,53.799099444110574,0.05961835677052818,0.037133499404626624,0.13452869664957015,19.69148748333764,229.66264090704135,228.84635909295866
ETH,2020-06-28,219.46,227.96,218.32,227.04,324540.8175,226.90249999999997,226.51139999999998,226.18880000000001,62.16017542619717,0.1792360267514823,0.2000840993120323,0.13537765731922194,27.09471509659348,227.45991815545216,226.3450818445478
ETH,2020-06-29,225.52,226.86,221.26,223.62,351951.96368,223.22450000000003,222.9186,223.27765,65.93398792833838,0.1468475733458945,0.12322976729144389,0.17502104657106327,38.895467632099766,223.52312853178336,222.9258714682167
ETH,2020-06-30,227.12,228.21,222.91,225.5,268924.05049,225.32350000000002,225.09080000000003,225.6055,57.90617640574154,0.13610229188148537,0.12762299216913173,0.17826308173057656,24.109231297637894,225.75931073875185,224.8876892612482
ETH,2020-07-01,224.49,229.24,224.3,228.81,262317.37393,228.877,228.6974,227.73305,49.41354991645152,0.05590624226297791,0.09206782985435324,0.18519811131804775,15.071031974930627,229.19474832808345,228.55925167191657
ETH,2020-07-02,230.96,232.01,227.0,229.75,291778.61703,229.73499999999999,230.108,229.14809999999997,46.69177092095682,-0.0921543646951477,-0.12355458140211845,0.1590314434822589,27.80720504476523,230.01872521919654,229.45127478080343
ETH,2020-07-03,226.18,228.13,225.5,226.66,185536.17635,226.998,227.1566,227.17,37.865221545566044,-0.13205966442652084,-0.08082459173246506,0.17599871090186975,22.517437273046816,227.4245020515771,226.5714979484229
ETH,2020-07-04,225.36,226.86,225.0,226.09,126675.79392,226.027,226.15920000000003,226.03154999999998,52.18513153126876,-0.018955075939885546,-0.033013842133011624,0.09027027481351844,20.89605390695745,226.13601376059123,225.91798623940875
ETH,2020-07-05,229.04,229.26,223.05,225.01,191412.3199,225.06150000000002,224.97639999999998,225.05825000000002,50.748236674678814,-0.0042047258340005556,0.002160560849366772,0.10797204798682977,15.395888978887784,225.3187372445755,224.80426275542456
ETH,2020-07-06,227.79,237.5,227.39,235.86,507861.21674,235.6105,236.02759999999998,235.8227,54.79635839357738,-0.04380317663841993,-0.11149029751944214,0.15838289242789746,21.905291622974453,235.86049799999643,235.36050200000358
ETH,2020-07-07,238.9,240.5,234.4,239.15,341174.22851,239.292,238.3578,237.5657,55.56301822205281,0.22574877849328345,0.30918503233573813,0.18456469340040782,32.93216337861242,239.56133993390537,239.02266006609463
ETH,2020-07-08,239.28,247.63,238.23,246.07,624812.34646,245.9125,246.2186,243.8216,52.62199358776592,-0.05932797824218028,-0.06418282973515435,0.30558745001893994,14.687396138686273,246.28456854206837,245.54043145793162
ETH,2020-07-09,245.39,247.9,243.0,245.39,303436.99284,245.04749999999999,245.12959999999998,245.99935000000002,54.73190846160765,0.158761381856948,0.10613618932245555,0.2330144053793032,19.823216629131288,246.10381198042927,243.9911880195707
ETH,2020-07-10,240.64,241.34,235.72,239.15,290373.98977,239.15050000000002,238.928,238.87945,52.06699554307705,0.08707177156577472,0.1012973797943145,0.16954743250385526,17.65897604125901,239.53627065725445,238.7647293427456
ETH,2020-07-11,240.24,241.67,237.54,239.4,176809.49695,239.138,239.0376,238.92575,62.9214725455779,0.13375105684019672,0.11485388048372178,0.11621651304727966,19.30315009752708,239.79018402310925,238.48581597689076
ETH,2020-07-12,239.92,244.0,236.52,237.49,293490.49553,237.356,237.4174,239.30904999999998,51.257354303842185,-0.004043743763446628,-0.034410680712433236,0.29392896894158965,13.133230550743805,237.68569076420488,237.0263092357951
ETH,2020-07-13,241.83,245.33,241.37,244.05,313712.71882,244.158,244.22979999999998,244.261,43.58000805819419,-0.0048398355174583685,0.004293627374790231,0.13656776464781611,15.058200536730077,244.50943135885873,243.80656864114124
ETH,2020-07-14,239.48,241.33,237.0,239.32,257927.16108,239.07049999999998,238.9488,239.69195,62.89977123153915,0.1255915457413721,0.08536280454883514,0.13628255623661867,35.88983561322136,239.52009870996153,238.62090129003843
ETH,2020-07-15,240.64,240.64,238.25,239.76,196016.14483,239.671,239.565,239.56955000000002,61.16684493603095,0.0522282064035835,0.04914122345902507,0.07612028443131759,17.919243355351128,239.8685753021032,239.47342469789677
ETH,2020-07-16,239.03,239.39,230.02,232.96,422156.68684,232.3835,232.2446,232.23625,74.09093265953256,0.17098696614058895,0.11285747274629873,0.1550617799859652,30.001191523975425,232.87058418163326,231.89641581836673
ETH,2020-07-17,233.41,234.84,231.65,232.97,223919.51529,232.933,233.13260000000002,233.3613,49.54354747857243,-0.08451290615835205,-0.09848796244805244,0.13682900443648252,27.834560847232115,233.26352080115765,232.60247919884233
ETH,2020-07-18,232.71,235.53,232.32,234.76,210721.74348,234.554,234.49020000000002,234.88925,64.88065878219383,0.06738009884369944,0.03746772269951831,0.09502861331190422,27.590399120407483,234.7772845717891,234.3307154282109
ETH,2020-07-19,235.87,235.91,233.28,233.96,166186.03968,234.031,233.92880000000002,233.83434999999997,45.90117815247622,0.005996526940378999,0.02485293297373855,0.07093855213420913,20.783883008117957,234.12956977222265,233.93243022777736
ETH,2020-07-20,238.58,239.54,237.0,238.03,195266.15954,237.99650000000003,237.81779999999998,237.83245,54.211520198944555,0.053323728565601414,0.05718742276992782,0.10751799706163934,14.542615948510457,238.1404826378411,237.85251736215895
ETH,2020-07-21,236.98,245.11,236.29,243.63,423693.26949,243.4505,243.69079999999997,243.58509999999998,53.30032402587778,-0.04731958652089929,-0.09380696823658806,0.16818299659549737,13.606560387262725,243.7594643992329,243.1415356007671
ETH,2020-07-22,244.32,244.97,241.51,243.37,224729.03121000002,243.29749999999999,243.512,243.53545000000003,51.48902402586387,-0.08628419158779366,-0.12195163527815428,0.10940376694084053,34.31781910043731,243.8831918985265,242.71180810147348
ETH,2020-07-23,263.97,270.0,259.7,264.06,478130.96115,264.3085,264.5452,264.41455,47.28087450474115,-0.15677067392601884,-0.09690425264242444,0.8476592046986775,15.492815051662955,266.807357939139,261.80964206086094
ETH,2020-07-24,273.65,276.54,266.0,273.68,423737.86144,273.773,273.406,274.30935,51.39965167499927,-0.00713608256654652,0.020062701235077415,0.26262557055543506,17.715560794634733,274.39509645554676,273.1509035444533
ETH,2020-07-25,280.65,288.0,279.76,283.77,395983.93597,283.674,283.5366,283.8374,53.42328692735439,0.12777345641609372,0.11793324617487977,0.23757016456826488,18.533303118303305,284.21342191278774,283.1345780872122
ETH,2020-07-26,300.96,318.75,300.0,309.64,818495.83554,309.145,308.2024,307.09835,62.509372606309874,0.29221793071002367,0.3215248246924783,0.4137017445700809,31.167998850914703,309.8024344073538,308.48756559264615
ETH,2020-07-27,318.16,329.3,316.79,322.27,815914.81364,320.8105,322.4116,324.0216,57.833751722551554,-0.012983651736476531,-0.33654009883171604,0.7801799848491114,27.265768228444436,322.837482733018,318.78351726698196
ETH,2020-07-28,325.48,325.49,305.86,319.51,699260.95855,318.4205,317.087,316.0175,66.33578072223163,0.6941107888874285,0.6216544938828773,0.6866776354679455,24.34410568918804,319.84673244949306,316.99426755050695
ETH,2020-07-29,313.33,325.0,313.0,322.9,458250.14359,322.4385,322.279,322.18695,61.00447906964685,0.15867110973817944,0.12220911370602139,0.27377383364164604,20.035086650050737,323.191395079011,321.68560492098896
ETH,2020-07-30,317.21,320.17,314.05,317.57,362271.70551,318.1605,318.3832,318.3719,37.89536658599275,-0.21493828891505018,-0.14964764636097957,0.33350394666073235,36.39428271270944,318.8565883564661,317.46441164353394
ETH,2020-07-31,333.0,346.71,328.4,344.99,537801.28644,343.6155,343.2258,343.15274999999997,67.98720305871768,0.39599274525949113,0.26013671143279105,0.46401690658778877,20.907302735420167,344.9510070198185,342.2799929801815
ETH,2020-08-01,345.5,360.52,344.79,356.33,614766.9444,355.33599999999996,354.70840000000004,355.31055,72.36332687350111,0.45937401642754594,0.356452676778206,0.3609912737926171,13.021585666266619,356.5442946660257,354.12770533397423
ETH,2020-08-02,395.13,415.85,325.0,367.03,1611471.63216,365.127,364.5854,363.445,70.97065383020094,0.5903481524077847,0.4407908317939865,0.6254427066692101,19.92973480776545,367.2883153403008,362.9656846596992
ETH,2020-08-03,381.44,398.0,377.84,395.06,607269.5346,396.286,395.666,391.56325000000004,43.490075819850965,-0.18556938393493283,0.159055081557787,0.9820207835425165,18.572429176964963,398.1749722073024,394.3970277926976
ETH,2020-08-04,400.36,400.7,380.77,387.98,722849.22692,387.029,386.31199999999995,386.87675,61.06699633919121,0.5758284674591323,0.45137296275047534,0.5695178275495696,23.07030791493492,388.85090998680937,385.2070900131906
ETH,2020-08-05,385.05,401.43,384.85,395.37,613007.47609,395.47249999999997,396.7136,397.1243999999999,45.27689851896718,-0.3034280091264918,-0.3645363164210354,0.8260910842352133,29.935529038647395,397.2119352531842,393.7330647468157
ETH,2020-08-06,398.49,399.57,392.3,397.48,436370.2552,397.308,397.8574,396.66259999999994,50.14695378808252,-0.048950895992049936,-0.08652024372713171,0.4460963879500179,18.788371312257432,397.9781522215121,396.63784777848787
ETH,2020-08-07,397.29,398.26,376.75,385.45,406241.78192,385.004,389.1908,392.8406,43.75582132518534,-0.8890628520654218,-1.3120617870663922,1.1827263874876321,59.72130097426909,386.5210286747026,383.4869713252974
ETH,2020-08-08,380.75,393.22,376.86,389.36,332935.14974,388.7965,389.3356,390.3689,54.85081813317155,-0.13244179779962906,-0.15277695140205264,0.42993540285790244,20.016318038097392,389.7744217760291,387.81857822397086
ETH,2020-08-09,395.16,397.4,383.36,386.61,304117.87890999997,387.20349999999996,387.07059999999996,389.13195,43.53351716669068,0.019732137083678936,0.07229820680859432,0.47026200520579453,13.423663808613908,387.88339043234794,386.523609567652
ETH,2020-08-10,391.95,399.18,385.13,395.81,541773.15305,396.0625,395.5314000000001,393.62835,49.39638427241282,0.12612207766528627,0.17531412647789038,0.4164240886292698,17.213617473146325,396.6672437473606,395.4577562526394
ETH,2020-08-11,397.2,398.21,382.6,386.35,478543.09276,386.069,386.8908,388.07695,51.74242280848866,-0.15712202955666044,-0.1649471601910581,0.61488102503323,11.290589492145074,387.14610538017405,384.991894619826
ETH,2020-08-12,378.49,386.78,365.85,385.13,484571.30223,384.65649999999994,385.1414,383.24365000000006,54.91842534043636,0.028334312639344716,-0.07850975017706671,0.4769750614725894,15.12955088608146,385.6192725588046,383.6937274411953
ETH,2020-08-13,393.52,397.5,376.59,392.86,720040.45723,391.65200000000004,391.1088,391.09740000000005,63.11185341058055,0.6586072324014367,0.5360653975727612,0.6952506330804802,28.957562656070294,393.6746774334954,389.6293225665047
ETH,2020-08-14,424.08,428.68,417.05,425.3,530611.38145,424.84499999999997,424.61920000000003,425.5646,56.438993171734786,0.28783991261030906,0.25354197882507035,0.5708146105035737,11.680298858721772,425.8082964237544,423.8817035762455
ETH,2020-08-15,439.07,442.94,427.02,432.36,392776.42549,431.776,431.6846,433.2528,56.10700379344568,0.253099705446175,0.19640984530892425,0.5811447347024296,14.134213296914169,432.97678974010506,430.57521025989496
ETH,2020-08-16,429.47,430.0,412.47,423.56,398613.34927,423.463,423.4386,420.464,50.3512777389696,0.13060952734286957,0.14083782342127593,0.37995250534910135,16.082371722625073,424.4841777514174,422.44182224858264
ETH,2020-08-17,426.73,432.09,420.37,430.16,441039.02488,428.93649999999997,429.7166,428.3272,58.26366268358245,-0.016486464791285016,-0.17362214132463502,0.679552818796325,13.879560882147063,430.61621753577975,427.2567824642202
ETH,2020-08-18,431.9,432.62,415.0,418.81,448284.37369,419.683,422.7306,427.2946,43.03732413026456,-1.4412340120654221,-1.6491169114908928,1.497595740228456,47.82929992338751,424.7314140083879,414.6345859916121
ETH,2020-08-19,425.95,425.95,402.0,413.47,542736.17134,413.50100000000003,412.5964,412.78385000000003,53.6182560105568,0.21487867371337188,0.271291944291399,0.3992392203066252,18.1316128999929,414.03873227540623,412.96326772459383
ETH,2020-08-20,411.9,413.69,402.07,412.14,319126.68055,412.6125,411.954,410.14045000000004,47.505843318542716,0.07172373236960539,0.19072320719746397,0.3694544657192629,22.881528322956086,413.63465214130036,411.59034785869966
ETH,2020-08-21,414.0,416.62,399.44,404.68,447771.95498,404.3665,403.7758,404.7575,55.150190018909804,0.04887293395461256,0.06857638058487107,0.6472074643754542,18.51558398165224,405.35869504128175,403.3743049587182
ETH,2020-08-22,383.95,395.29,381.58,390.3,349456.18947,389.71,390.1662,390.36785,56.9281929029508,0.12466324552087826,0.00948299930857225,0.31849371672748567,22.80195611049524,390.73512438269773,388.6848756173022
ETH,2020-08-23,392.85,393.89,383.15,388.62,268934.75562999997,388.8415,388.8746,387.1972,47.06091966553113,-0.1492669975747276,-0.10319052027677764,0.40160712026413403,13.459960164231509,389.6242458080502,388.0587541919498
ETH,2020-08-24,388.78,408.53,388.52,404.89,416190.87208,405.7145,405.4464,406.54100000000005,44.03932650854479,-0.1465621569951736,-0.011898286939781955,0.5660706348975748,18.425119364512838,406.9029691834397,404.52603081656025
ETH,2020-08-25,405.6,406.8,381.66,385.87,485275.35019,385.3805,386.1192,390.46265,52.00871186739819,0.09337482106769812,-0.068219832805472,0.8039693646589715,16.501774641880324,386.57378915191185,384.1872108480881
ETH,2020-08-26,381.56,389.26,377.37,388.54,440809.08528,387.8655,386.7610000000001,382.7253,60.68295647920379,0.42125200386226425,0.47976026960285245,0.6268329542622143,29.651074984012837,388.6690042003992,387.0619957996008
ETH,2020-08-27,387.16,397.1,380.55,384.25,498185.19271,384.21000000000004,385.40160000000003,385.40979999999996,47.257497501176296,-0.16854425260947892,-0.304038199570929,0.8326090052822825,17.015635886456828,385.3314811634651,383.08851883653494
ETH,2020-08-28,384.15,394.14,383.36,390.42,394240.62289,391.3755,391.7594,391.94509999999997,31.900207936976802,-0.33794339842506815,-0.21832500784028536,0.3670864151439266,20.115358530789493,392.25453299143146,390.4964670085685
ETH,2020-08-29,393.0,404.22,391.88,399.19,379543.63353,397.91700000000003,397.18800000000005,398.20175,68.46672424351428,0.5735995829376179,0.43759380562558114,0.39548251406984936,32.95796882073477,399.7551849743669,396.07881502563316
ETH,2020-08-30,403.4,415.0,402.8,413.77,430760.91422,413.326,413.152,409.40644999999995,56.413153857619925,0.2856272019375865,0.23226252641338063,0.3783639980133512,21.1681251563127,414.43641253594876,412.2155874640513
ETH,2020-08-31,425.61,439.0,418.04,433.66,610111.45503,432.3755,433.04699999999997,433.83405000000005,58.834371604659594,-0.005409006694890195,-0.1718196611142286,0.5930480606845987,26.19402902780119,433.51260993310564,431.23839006689434
ETH,2020-09-01,433.39,473.46,433.05,468.02,1043038.38054,466.5245,466.46060000000006,468.3843,64.12879696859892,0.4973475931990947,0.23160772775293806,0.7111976222970372,21.85993359760193,468.35502424188036,464.6939757581196
ETH,2020-09-02,469.99,481.39,420.0,436.13,1132755.67062,439.83000000000004,440.43739999999997,442.0438,30.39520205464118,-0.9045681803481216,-0.5089000187340094,1.2508546815300259,24.96969032111056,442.98827801174775,436.67172198825233
ETH,2020-09-03,443.11,450.7,400.0,410.65,1238714.96583,411.12700000000007,413.8342,414.89709999999997,41.35136110419311,-0.7536490531855407,-0.7701340054757111,1.2602856084819045,21.314089385711306,412.5142000576429,409.73979994235725
ETH,2020-09-04,389.4,400.21,375.0,379.05,900532.67622,383.1175,387.1086,392.4149,31.149181696909945,-2.335990831504432,-2.034831947186349,1.8216278892430902,54.0549888149823,388.7136732460666,377.5213267539334
ETH,2020-09-05,387.61,392.8,335.01,354.4,1251386.57748,353.17449999999997,354.3444,351.09835,55.29306063806135,-0.09647772986420478,-0.17278513616109265,1.0208095679572156,14.316043964078176,354.8246451451849,351.52435485481504
ETH,2020-09-06,336.78,358.5,316.1,345.15,1235682.52239,346.74649999999997,349.0364,351.17479999999995,35.79304903054036,-0.8784120232400596,-0.7896273816475914,0.9597013069820229,29.97977864766449,348.5195456846835,344.9734543153164
ETH,2020-09-07,353.91,357.1,323.0,337.02,1095158.06732,337.698,337.8234,334.30325,44.519297630508355,-0.2204876426987994,-0.08432672007926365,0.8898355795935874,11.326300022848894,338.99256710911664,336.4034328908833
ETH,2020-09-08,350.78,353.75,330.2,344.0,821589.33346,342.9915,339.2106,336.28025,63.993428237042814,1.1763175711413396,1.4069832100165396,1.1433849883318479,48.49992110269693,345.1508728256042,340.83212717439574
ETH,2020-09-09,337.57,351.9,330.51,349.36,491235.0555,349.2585,348.2424,348.05140000000006,54.54596953568262,0.37614486269205827,0.4357791495706328,0.6598142194371833,29.187692611811883,350.45317610680337,348.0638238931967
ETH,2020-09-10,358.32,377.25,356.93,372.83,736378.72375,372.707,374.0784,370.68995,46.97059829943774,-0.2882878528784545,-0.40435510396660035,0.7775506433071988,28.05050769557662,373.8678807001511,371.5461192998489
ETH,2020-09-11,367.55,368.69,355.49,365.72,505008.50557,365.911,365.53060000000005,364.70534999999995,49.685008976918,0.17951935428862953,0.2094847824752209,0.5604077663827263,22.121810978424826,366.5247393583507,365.2972606416493
ETH,2020-09-12,372.54,373.53,364.73,371.13,351135.57054,370.8965,369.42379999999997,369.16375,61.84675620116736,0.425666146865467,0.4837483931234432,0.40608082842268967,42.65905803462198,371.42709494910105,370.36590505089896
ETH,2020-09-13,384.73,390.43,363.26,367.65,565010.29978,367.283,367.157,369.92595,55.20714849378017,0.1388248584545977,0.039429086243783246,0.5582597501542316,18.40475367786671,368.3314674529451,366.2345325470549
ETH,2020-09-14,359.98,377.07,359.3,373.25,568963.59803,374.579,374.7792,371.2749,36.50680262598879,-0.31316019204888335,-0.16496296847866665,0.634871570396135,10.685210994941952,375.74712499327234,373.4108750067277
ETH,2020-09-15,374.65,382.47,366.64,369.77,535174.27846,370.3975,370.09700000000004,374.6132,44.48375259034113,0.07162220939807185,0.15079549831985903,0.6998232441195023,18.47184216479945,371.67662274625667,369.1183772537433
ETH,2020-09-16,357.29,370.49,356.05,364.98,467051.83056,365.50550000000004,366.30840000000006,365.75855,37.70957431086661,-0.4602398981020315,-0.4339730329280016,0.4259142717526122,32.58005508287409,366.6686934490968,364.3423065509033
ETH,2020-09-17,380.52,385.0,374.61,380.08,696511.19233,380.0995,380.35240000000005,380.08725,47.91321341706465,-0.02862923263586481,-0.017789262398405527,0.44389985819026234,12.324246635600746,380.6399248329144,379.55907516708555
ETH,2020-09-18,385.76,388.8,382.26,384.41,412741.05282,384.11800000000005,384.0636,385.52394999999996,54.69644664198882,0.005716553085392206,-0.05673055275977733,0.3580759304362515,15.37130791584887,384.8420607709354,383.3939392290647
ETH,2020-09-19,382.08,388.72,377.0,385.23,335336.00618,384.9895,385.2126,384.73355,52.07438375159757,0.0625348556683889,0.001123285788147483,0.3343638949755933,21.80996984431392,385.69653535978915,384.2824646402109
ETH,2020-09-20,381.33,382.18,370.15,372.51,353074.62321,372.502,372.9012,374.8786,46.610161747127776,-0.10316359567156042,-0.12851539651396238,0.2616274866121507,21.0394649509201,372.8555873300857,372.1484126699143
ETH,2020-09-21,374.63,375.51,332.34,334.28,795833.80812,338.327,342.2576,346.4911,26.149020317929217,-2.2156958095640675,-1.9964187151287165,1.4069515340286858,62.30081626055942,343.616109944022,333.037890055978
ETH,2020-09-22,341.06,346.78,335.34,342.3,509136.17552,342.7025,341.92519999999996,341.50065,46.308196024674366,0.1307606666030665,0.22036194384703992,0.4477448272333043,24.68357276637458,343.2645275793972,342.14047242060275
ETH,2020-09-23,342.96,344.65,333.07,339.74,451070.74823,339.4485,340.1954,340.23619999999994,51.022106122801695,-0.14250036625054463,-0.24110902156551967,0.3985001908978649,29.235167797837438,339.9057646935856,338.99123530641447
ETH,2020-09-24,323.58,340.84,323.23,335.97,551294.29997,337.04200000000003,337.4272,336.84574999999995,34.77134889481285,-0.37218361393911437,-0.2496283183195639,0.505262717193841,27.280336959272425,338.3841266706214,335.69987332937865
ETH,2020-09-25,348.26,348.61,337.58,345.08,508075.18862000003,343.8835,343.4126,344.37685,66.19834100272955,0.42860797045472054,0.3247348441722809,0.5632080738004778,16.562428803584616,345.1362134548568,342.6307865451433
ETH,2020-09-26,351.41,356.4,345.88,352.93,340654.80471,352.5815,350.5464,349.9904,62.52626177483651,0.6355955541999379,0.7529590068853512,0.49813574349071027,47.26344539419517,353.68978290612466,351.47321709387535
ETH,2020-09-27,360.75,362.14,347.24,351.53,337068.92895,351.2565,351.78920000000005,351.65625,52.19284652036367,-0.0714793826137452,-0.16391968761508993,0.30244340112853724,9.853471792571494,351.8036846123944,350.7093153876056
ETH,2020-09-28,359.09,367.16,354.85,362.91,419301.09217,363.7315,363.3876,361.6307,34.329500362048336,-0.11788617651768618,0.019291248121104478,0.3030158734297076,20.523927023436467,364.4752008807547,362.98779911924527
ETH,2020-09-29,354.14,359.73,350.45,356.92,319717.51883,358.28499999999997,358.1016,357.38870000000003,25.808532270634046,-0.2601969633876138,-0.06344540111220565,0.3410470540179915,31.235170963556673,359.4784236464894,357.09157635351056
ETH,2020-09-30,358.21,358.68,351.56,356.04,280921.61489,356.053,355.9972,355.01509999999996,51.215456053523674,-0.06314769084349336,-0.04971486051695032,0.23594216812475194,16.77277888711851,356.5516421562542,355.5543578437458
ETH,2020-10-01,359.61,370.45,359.38,365.33,304133.61147,364.98699999999997,365.5018,366.8905,53.12242004720734,-0.08242814619569572,-0.16981832246741518,0.31700058357947036,22.791359960777847,365.6159069883519,364.358093011648
ETH,2020-10-02,353.44,354.55,334.24,343.05,514673.45636,343.258,342.9852,339.705,48.68175783458607,0.0752560262731663,0.12960447393552965,0.4555732689874436,11.802018555910674,343.8584864694289,342.65751353057107
ETH,2020-10-03,344.51,349.92,344.3,346.71,171697.90721,346.906,346.5266,346.78075000000007,46.62310328156486,0.08825126627749569,0.14712900029014075,0.16662817856399662,22.386770988633376,347.38966930852365,346.42233069147636
ETH,2020-10-04,346.26,349.93,343.81,348.47,171955.40869,347.8445,347.8528,347.41165,68.47945677498244,0.14471404681376043,0.04458915196931149,0.17993208510521277,17.687165492409296,348.4400325347939,347.2489674652061
ETH,2020-10-05,354.34,354.85,348.54,352.72,222151.46795,352.673,352.6106,351.9662,50.32176714157681,0.08642981470228506,0.07249853981309948,0.32384668627211866,15.333462621356613,353.1587200840062,352.1872799159938
ETH,2020-10-06,352.9,354.72,343.6,345.19,265816.84903,346.004,345.8616,346.14445,35.70137036254618,-0.2337206154899718,-0.09989495754757993,0.2941742406454426,25.584802167967354,346.96238196977134,345.0456180302287
ETH,2020-10-07,338.1,342.42,332.18,340.65,326694.66756,340.58700000000005,340.61840000000007,340.58064999999993,51.27099028360905,0.052473904774501534,0.02720686421218929,0.23844197521239252,22.62985486196213,340.9752318894666,340.1987681105335
ETH,2020-10-08,339.96,348.8,334.21,347.79,353240.13549,344.666,343.94100000000003,341.0664,84.06918533504188,0.9473117262513711,0.5403823286222301,0.6502603398288612,38.68066552333574,347.5092615074999,341.8227384925001
ETH,2020-10-09,350.01,361.58,347.32,359.83,363828.22684,359.61949999999996,359.85360000000003,359.44915000000003,53.933430396079046,-0.09576850984996099,-0.14485053790249763,0.35690210071995615,19.68634564502307,360.5429603402394,358.6960396597605
ETH,2020-10-10,366.39,378.4,366.12,374.05,398293.74393,373.4585,373.7357999999999,372.9696,60.659314877734374,0.054380841197428254,-0.0498302556028045,0.28240235377182676,14.73036282112901,374.1573926956262,372.75960730437384
ETH,2020-10-11,371.55,377.6,369.41,374.59,197883.28340000001,373.876,373.51559999999995,373.32695,64.88076820059389,0.2738769358486479,0.17469892277974464,0.3127791850931143,25.262500400341438,374.77656426755544,372.9754357324445
ETH,2020-10-12,373.33,385.57,365.58,382.26,494456.08454,383.4145,383.3358,372.50659999999993,40.47329672298132,-0.023660025526851314,0.1714832972958135,0.5419356928735353,29.214917706209526,384.24339022187155,382.5856097781284
ETH,2020-10-13,384.42,387.2,374.51,379.02,428735.79598,378.08000000000004,377.56340000000006,381.8064,60.22618072679288,0.46338984314809295,0.3007267452963698,0.6562064794091806,24.47581163582904,379.4886873322458,376.6713126677543
ETH,2020-10-14,383.27,387.41,377.69,380.2,284421.62328,381.91949999999997,384.50200000000007,381.97965,36.04909861877814,-1.4390702998574625,-1.3596180671754314,0.8740739844809022,59.290248144421405,386.2245596976107,377.61444030238926
ETH,2020-10-15,378.89,380.95,369.85,375.16,397020.52856,375.3355,375.94519999999994,374.53025,42.83298624117228,-0.23815717695077865,-0.24706435093379306,0.31040923417851674,19.020265055534264,375.9698650368692,374.70113496313087
ETH,2020-10-16,378.89,379.83,361.18,367.26,483256.83597,368.96549999999996,368.95059999999995,368.40135000000004,21.429949718305334,-0.4070676043124877,-0.17604225125404332,0.37021460795438355,29.370899750609908,370.58435731305127,367.34664268694866
ETH,2020-10-17,365.05,369.2,364.95,365.79,149586.56541,367.0225,366.6586,367.32455000000004,29.18280342835367,-0.13046389693607807,0.020035954079937066,0.3445247968030402,28.701867676331673,367.9264220099083,366.11857799009164
ETH,2020-10-18,369.07,377.3,368.12,375.4,202260.15573,375.582,374.97939999999994,373.58034999999995,49.86535526199981,0.09566841568442896,0.1916667451401689,0.4281288255403786,37.38714326385753,376.407629456832,374.756370543168
ETH,2020-10-19,376.0,381.5,372.5,379.44,278463.19734,379.644,380.0184,378.12800000000004,45.288596436032975,-0.14074747028132606,-0.10460398795933189,0.3509977675935698,20.601493770733903,380.1841629383872,379.1038370616128
ETH,2020-10-20,379.13,380.73,365.27,369.17,374747.17008,369.20950000000005,369.45300000000003,369.37449999999995,48.150446566011574,-0.07393953754149152,-0.06399984694224505,0.39294337990306716,12.251829422623166,369.70437271092646,368.71462728907363
ETH,2020-10-21,371.69,390.0,370.12,386.46,575422.79765,387.169,385.63740000000007,381.5157,49.11543888743766,0.36031093116582724,0.4957423331217795,0.7388745616088005,30.895772916902175,388.6740833864008,385.66391661359916
ETH,2020-10-22,395.85,416.0,391.41,412.05,617662.10525,411.654,412.3024,412.32555,52.27529853446701,-0.13879475529790852,-0.2674887298133942,0.5002237840845742,29.431637256229415,412.6898455484135,410.6181544515865
ETH,2020-10-23,412.94,419.33,411.54,416.01,376333.4543,415.8965,415.9978,416.82809999999995,50.78188526210788,0.009708428017461301,-0.03359368028193057,0.4180765283728746,15.492942708223701,416.5039627560645,415.2890372439355
ETH,2020-10-24,409.55,416.0,407.8,411.89,229137.92747,412.4895,413.06980000000004,413.1203,44.5951511403689,-0.5276228054471517,-0.506425931492608,0.756981037628906,32.44879395079502,415.2854003916459,409.69359960835413
ETH,2020-10-25,412.38,417.4,405.0,408.63,289019.23047,408.3855,408.1714,407.7529,57.794400402939694,0.11925502219725104,0.10191728506615057,0.2461655326427528,15.159922587983688,408.9960563037171,407.77494369628283
ETH,2020-10-26,409.01,411.11,395.5,396.45,419251.23592,399.066,401.2086,403.82545,30.83055587173999,-1.2750480731427274,-1.0956238417195234,1.018471186035531,59.18265869781199,402.2087974799474,395.92320252005254
ETH,2020-10-27,393.29,406.79,389.9,403.42,408791.87087,403.815,403.805,403.57695,44.15675105507977,-0.10085107071415678,-0.058338281932652475,0.43626678789936413,13.781327491560269,404.6561539692835,402.9738460307165
ETH,2020-10-28,407.53,408.18,380.52,387.25,585228.7909,386.642,386.52840000000003,387.51885000000004,59.73925124140586,0.12155179405783656,0.0352157792984471,0.4312766935466024,15.008352804645442,387.3904276852329,385.8935723147671
ETH,2020-10-29,390.78,392.68,380.52,391.08,334522.58638,390.83,390.355,387.0982,55.91951065177808,0.10225439036724993,0.1173069451325478,0.5270656962656837,25.908296678100978,391.5631848334525,390.09681516654746
ETH,2020-10-30,387.5,387.62,373.29,380.08,545110.83912,380.1,379.68840000000006,379.31340000000006,51.54134014809295,-0.0011970647987027405,0.03414142737716404,0.5527088790644389,13.188301093617032,380.9308790525693,379.26912094743074
ETH,2020-10-31,385.4,394.88,380.93,389.43,301890.81512,388.73400000000004,388.68619999999993,390.3254,64.62218453781836,0.20439759029551396,0.09996744624869548,0.3505179329514439,17.724130053325133,389.3856870414546,388.08231295854546
ETH,2020-11-01,388.93,389.82,384.64,389.76,197518.55303,389.4775,388.795,387.8308,60.4285215467893,0.21352597760056824,0.24535803474754314,0.27632117762841346,14.011118847870978,389.81784541279575,389.1371545872043
ETH,2020-11-02,400.65,402.06,377.92,386.79,499753.93103,385.6085,385.1368,383.4515,66.85052574417875,0.45354860736040337,0.34093872716890783,0.4439879788664541,31.647103918873217,386.99272938850027,384.2242706114997
ETH,2020-11-03,384.69,384.98,370.23,382.9,500899.73735999997,382.8455,383.23019999999997,381.7773,49.51550491477796,-0.091276473976734,-0.09484090128465736,0.386486819125754,16.382936446439547,383.34993929268046,382.34106070731957
ETH,2020-11-04,383.44,387.47,376.47,383.1,398385.34795,383.12800000000004,382.49160000000006,382.48865,52.988618522523055,0.13207678671443546,0.19160358468842126,0.3717435186352013,18.841809481277526,383.49692275618145,382.75907724381864
ETH,2020-11-05,405.7,415.35,396.14,412.78,905815.53585,412.7695,413.2346,407.72805,49.53864711105302,-0.1387616376609344,-0.16987163925549736,0.8826318089800503,24.38648245193957,413.87411712825565,411.66488287174434
ETH,2020-11-06,438.56,446.58,425.73,440.21,947429.89626,440.3875,439.7812,441.6143,49.85551858096682,0.1554437545881342,0.18327032078600944,0.5677577744457571,10.726029722527803,440.8739925488359,439.9010074511641
ETH,2020-11-07,464.23,465.74,438.2,448.0,794056.42537,445.49799999999993,446.8606,457.32875000000007,56.04242153707672,0.46978510342955815,0.04649091099375224,1.6206371868923979,26.65230403480028,450.6957210390705,440.30027896092935
ETH,2020-11-08,441.43,456.77,434.58,454.01,441773.89031,454.03999999999996,453.87260000000003,447.0996,51.00207395420633,0.018092848985190813,0.11191747268106711,0.7538323107120153,12.724180131074982,455.02067323818824,453.0593267618117
ETH,2020-11-09,452.5,459.1,438.04,441.16,699003.98783,442.17650000000003,442.8926,447.62065,43.684722292725276,-0.31087857592575574,-0.24640887684563212,1.0499859294383236,18.395979271711937,443.47391704941083,440.87908295058924
ETH,2020-11-10,446.79,455.0,440.87,442.31,524322.80209,442.192,443.04580000000004,445.41830000000004,46.62595441813903,-0.24453848785651644,-0.3427731525229409,0.6771545734295235,22.173136660165223,442.9783993896643,441.40560061033574
ETH,2020-11-11,463.25,466.0,455.31,461.93,517547.25622,461.82000000000005,461.7608,461.18935,52.05182567313328,0.052470198178980354,0.02666921047250554,0.4584813122020108,15.126180752359613,462.3504714884154,461.2895285115847
ETH,2020-11-12,457.56,470.0,455.01,458.18,564502.30291,459.004,459.07200000000006,460.54425000000003,40.69878805223752,-0.24824526976601646,-0.11757289280204271,0.5484681691609318,15.488925389186253,460.02312511498,457.98487488502
ETH,2020-11-13,463.59,474.27,457.12,468.25,582974.16171,468.782,469.5418,468.53055,41.9156824757099,-0.14369809100787734,-0.1711393170785363,0.5829780283318233,19.50109878479517,469.66738353270233,467.89661646729763
ETH,2020-11-14,471.86,472.5,453.65,460.06,468886.07802,459.87,460.145,460.1344,51.439797899513145,-0.034837583829357754,-0.07329314749419635,0.38547807608513396,14.838783949345029,460.4279964157151,459.3120035842849
ETH,2020-11-15,460.22,462.73,454.3,455.65,276258.38283,456.5005,457.1598,457.36550000000005,23.640198112073417,-0.4378424229500979,-0.3575797945194996,0.2860621243943751,56.25767739433054,457.44587770232556,455.5551222976744
ETH,2020-11-16,449.66,460.8,446.94,458.79,434711.11792,458.6265,458.8910000000001,456.58700000000005,49.5541009315451,0.1623709050850266,0.05787443930665687,0.4300467521041099,22.343501244359466,459.6901592499607,457.56284075003936
ETH,2020-11-17,465.6,472.43,461.2,468.47,497828.24955,468.41700000000003,469.0439999999999,469.2672,48.44189445011176,-0.09186643031864605,-0.09424868771537631,0.6441538314386983,15.761904839489835,469.5170018181774,467.31699818182267
ETH,2020-11-18,485.67,495.31,456.6,472.5,1066076.68088,469.65149999999994,469.4024,474.8025,66.92414963762025,1.1002289576533144,0.7687738123520769,1.223477512593384,32.33104534746429,474.82487133792444,464.47812866207545
ETH,2020-11-19,479.53,480.17,464.86,475.77,544566.76455,476.9425,477.0036,475.5518,37.517228138164135,-0.195736443740941,-0.06987425297504732,0.5717732694061662,14.50048801327792,478.02792848682617,475.8570715131738
ETH,2020-11-20,480.84,511.1,480.11,505.79,1048220.80783,506.01849999999996,505.5036,506.95924999999994,50.10300870308061,0.22178677238116506,0.2207850052585898,0.8845914293903143,12.442956223111787,507.060177013221,504.9768229867789
ETH,2020-11-21,518.28,537.7,502.82,534.28,802689.40668,535.0245000000001,533.7372,522.83475,48.980388636983776,0.2397462401492021,0.39824183996271406,1.2429383577741713,18.82860774509344,536.9119901324309,533.1370098675693
ETH,2020-11-22,546.53,550.72,511.28,532.34,831373.57412,531.0095,531.2776,530.22115,61.9612695150047,0.09635529530169151,-0.15130582900434864,0.6392160049172861,21.643298579718074,532.6281843423238,529.3908156576762
ETH,2020-11-23,563.0,606.35,558.66,594.26,1299150.00517,592.6890000000001,596.4758,595.72835,51.64393638086671,-0.7272552005574653,-1.3795095645049646,1.9559351366187312,25.97454818846616,597.9527131380605,587.4252868619396
ETH,2020-11-24,616.45,623.0,585.0,601.71,1073103.64645,603.557,602.7214,601.1237,40.48587549530182,-0.2731367550559298,0.040732012362060276,1.2068834061792535,14.752802088180434,605.6865454914139,601.4274545085862
ETH,2020-11-25,602.73,604.63,579.34,596.69,659945.41945,596.066,595.5986,595.93285,57.69019719279512,0.4549596499855397,0.40792670596752245,0.7293476993563252,16.985751680413678,597.832662389932,594.299337610068
ETH,2020-11-26,563.99,565.86,482.0,516.38,1867892.15262,516.133,512.0351999999999,516.62095,54.74292038584537,0.635365702297122,1.065464107867102,1.7526727737560917,23.636699393068056,518.1279245600148,514.1380754399853
ETH,2020-11-27,524.79,529.0,501.01,501.59,655425.96444,505.3035,506.80080000000004,510.36670000000004,28.81155008921526,-1.2765927672144812,-0.8172155580190297,1.4039038279099167,31.979767069608762,508.8640464468344,501.7429535531656
ETH,2020-11-28,516.76,530.48,506.59,527.01,441752.48795,526.263,527.2162000000001,523.3910999999999,53.05474245808525,-0.28125574259058794,-0.40040476266460895,0.7639308261475111,14.382801447510436,527.2162491804058,525.3097508195942
ETH,2020-11-29,536.45,558.75,535.2,554.53,459498.022,554.5925,553.7204,552.68555,51.26730037661511,0.2121645120625999,0.282120229561327,0.5373426236883225,12.90299168677745,555.4081193966449,553.776880603355
ETH,2020-11-30,587.33,614.88,570.07,609.12,946915.04997,612.232,607.5182,603.12485,43.57954593985498,0.3740375756831327,1.287948670139559,2.1748477346285666,29.37160388912555,615.8784536195567,608.5855463804432
ETH,2020-12-01,609.83,635.7,560.0,606.82,1515168.30317,611.4425,611.9782,593.17395,35.58839822762403,-1.2698718269299434,-0.6007182469319277,2.085407058753407,22.423183384600367,616.9957832630741,605.8892167369258
ETH,2020-12-02,590.68,604.93,576.9,585.46,654234.15197,588.505,589.5776000000001,592.924,37.282364392241284,-1.0167407321125665,-0.76299019031623,1.3994731403857836,22.026324711215118,591.9028022308506,585.1071977691494
ETH,2020-12-03,592.39,615.73,585.82,613.03,547457.78899,612.5375,611.2014,610.72145,60.78313840450629,0.5163665227853471,0.5107562512679925,0.5500728689273069,35.841813961452694,613.5747632260155,611.5002367739845
ETH,2020-12-04,611.4,613.0,580.88,590.48,630291.15321,589.534,590.9196,590.7475,53.38781125932516,-0.24233121366080468,-0.4685852355580414,0.8240140892683512,24.989472831966122,590.7905412846222,588.2774587153777
ETH,2020-12-05,572.76,597.11,571.53,592.11,398339.8188,592.145,592.5272,589.75545,47.52286378112241,-0.11107013847356484,-0.07303769286689694,0.6369749278755159,15.10520758518841,592.8784166619887,591.4115833380113
ETH,2020-12-06,603.24,604.09,583.0,594.95,329011.8702,594.201,594.4172,590.5725500000001,56.02320017615569,0.05599809109025955,-0.029501900020900862,0.6315506438805275,14.411509714808213,595.0544611883234,593.3475388116766
ETH,2020-12-07,593.08,601.39,590.0,594.49,236361.99659,594.8979999999999,594.5894000000001,595.21965,46.61590450111431,-0.0036511155797143147,0.11760989394665203,0.5549250735886202,14.86671367947846,595.9154399245292,593.8805600754706
ETH,2020-12-08,589.62,595.0,568.21,575.86,439419.15904,576.0554999999999,576.8330000000001,576.3321,44.066429999780475,-0.2168417921722039,-0.24346977979310466,0.4963514478282393,33.73628100478021,576.6598997021996,575.4511002978003
ETH,2020-12-09,546.15,576.87,530.43,565.64,641711.81502,566.3495,568.4087999999999,567.3041000000001,37.58886257594587,-0.7330032173389327,-0.8075153204855144,0.8055807497285357,37.888805087717685,568.1026739788956,564.5963260211045
ETH,2020-12-10,570.65,571.89,548.11,553.46,372546.06608,552.3125,551.9608000000001,554.7828,59.07222621067682,0.2615015943426897,0.12588854571942293,1.017717472664736,18.143870155520414,554.3331917133139,550.2918082866861
ETH,2020-12-11,544.68,554.49,535.5,552.32,458148.31336000003,552.8689999999999,552.5674,548.22755,46.4859339078498,0.081988019341793,0.13943385171870656,0.8025980711478398,18.464894266995202,553.8430821321107,551.8949178678891
ETH,2020-12-12,553.87,560.92,551.28,554.98,269611.52641,554.046,553.1618,555.5201999999999,64.74935919834726,0.4675890112820298,0.35894194628822296,0.49346098723292425,38.07260986738943,555.2021038015816,552.8898961984185
ETH,2020-12-13,564.71,589.71,564.16,584.29,410474.51808,581.857,583.529,585.371,65.91266555940517,-0.0774617876601269,-0.5001487492774599,0.757304976106747,37.94881214322452,583.6320278870255,580.0819721129744
ETH,2020-12-14,585.0,591.48,575.6,584.91,298817.09686,585.7175,585.1714,580.9416,46.29879765077352,-0.2945095150440693,-0.04876941423072273,0.8229899744333944,28.98961167118351,587.76091748059,583.6740825194099
ETH,2020-12-15,596.38,596.6,578.58,585.28,330723.3351,585.444,584.9756000000001,585.8293,49.173301000820764,0.20909690012808824,0.22579608239362442,0.5308802579802241,20.486028381432643,586.1989145647634,584.6890854352365
ETH,2020-12-16,585.87,625.0,580.71,618.37,650769.34812,618.3705,618.6014,607.2747,49.991887586497256,-0.20624897436925949,-0.1580948739951328,0.9168140109195895,14.025763049629415,619.6475978820159,617.093402117984
ETH,2020-12-17,644.7,670.21,633.39,661.76,1108071.65263,661.283,662.3852,662.8917499999999,50.20934510962224,-0.1328553724649737,-0.33636810236629966,1.1083970980730307,13.07150307060721,662.6531401389027,659.9128598610973
ETH,2020-12-18,650.95,664.61,632.18,638.14,626245.12662,637.0955,637.3132,643.15775,54.71473622888865,0.4622027325011686,0.28765374267042776,1.0350701557943895,18.824749307450983,639.6670868641813,634.5239131358187
ETH,2020-12-19,649.82,660.53,645.68,655.48,467697.63544,656.807,656.73,655.6945999999999,42.750693829403524,-0.5792373014061241,-0.2753805598220659,1.341190912133086,35.31902701623248,659.1551746102039,654.4588253897962
ETH,2020-12-20,646.68,661.39,640.28,651.86,367091.03169,651.2275000000001,650.3689999999999,648.23785,55.576029774596066,0.5813091691674117,0.5822531929209086,0.830922784139721,33.84920244177715,653.6308299814948,648.8241700185054
ETH,2020-12-21,643.79,648.0,595.9,609.96,709584.51724,610.191,611.332,608.2868500000001,45.163438487939544,-0.0869649242451942,-0.09510427356249028,0.9760642267688634,22.680364719172978,612.5419649083226,607.8400350916775
ETH,2020-12-22,608.59,629.0,588.0,627.83,549302.00034,624.9984999999999,620.5848,615.7107,70.67052345422147,2.3868501950714744,2.389364697171712,1.2123074494515673,50.25236676845648,632.1366686026475,617.8603313973523
ETH,2020-12-23,623.8,626.22,591.97,611.44,661079.71118,610.932,611.4328,613.0141,51.643133962307225,0.025987099243025114,-0.03928831459192433,0.9521996301332514,11.588906612505646,612.7544445122729,609.1095554877271
ETH,2020-12-24,581.55,599.81,570.22,591.7,468349.54343,590.8444999999999,591.3914,588.72385,53.79273229848098,0.015928178324998044,-0.21934566289878973,0.9952166001105682,13.795249627291959,592.4493610531761,589.2396389468238
ETH,2020-12-25,608.84,634.24,604.28,617.57,521049.28229,620.808,619.306,622.8999,31.611140697780737,-0.2767007215469448,0.3085777073332261,1.2605796834891896,27.68882884653796,624.0248220342305,617.5911779657695
ETH,2020-12-26,627.86,637.0,615.26,627.41,430267.20536,628.0455,628.5934000000001,625.52095,42.792386183399465,-0.1359160084201676,-0.07272387174431227,0.8664968736059366,14.211470323130046,629.1261567447733,626.9648432552266
ETH,2020-12-27,648.12,698.06,625.0,692.62,1000278.33817,689.3915000000001,690.2402000000001,658.3038499999999,55.5390266529736,-0.14786633928167703,-0.37516930365944634,3.2418458801177614,23.151987531883936,695.8499124210407,682.9330875789594
ETH,2020-12-28,704.78,741.6,696.0,729.79,989761.40025,732.0699999999999,734.8048000000001,729.2872,38.78054048331682,-1.3631099668309616,-1.0829358300506815,1.6951805641328206,26.17713027344703,735.3724294088081,728.7675705911918
ETH,2020-12-29,719.39,739.85,689.2,720.12,661505.4233,718.4689999999999,721.3144,727.6628499999999,51.22540514783375,-0.4146538515295788,-0.9400893999566482,1.5552989556552312,35.79366333693391,721.618519963406,715.3194800365939
ETH,2020-12-30,736.58,743.78,716.62,732.66,514572.81549,732.8395,733.6184,728.75485,46.36653200478963,-0.23105368007156812,-0.2420646411263691,0.8243661081245517,11.22909342062706,733.6547171489705,732.0242828510296
ETH,2020-12-31,736.3,755.74,722.0,735.49,530614.27011,733.047,732.9342,733.4041000000001,66.88667308459549,0.2693703132541714,0.018400801707579947,0.9027319024071113,17.551117198543885,735.0723108403162,731.0216891596839
ETH,2021-01-01,746.57,747.23,725.1,734.22,353051.76683,737.5474999999999,737.4924000000001,738.3387500000001,28.57764045736951,-0.5866925960450544,-0.11491726725427134,1.035083680718992,18.642487972272143,740.2974009073077,734.797599092692
ETH,2021-01-02,732.03,772.8,723.01,766.23,652878.34273,764.3305,762.8822,758.7752,60.86890542836792,0.9253379444778602,0.7378534179866195,1.289576704757391,24.305161818980075,766.8483917768935,761.8126082231065
ETH,2021-01-03,776.87,921.73,768.71,898.57,1316332.41283,898.8045,902.8646000000001,872.32505,47.56857673190004,-0.9272333191368034,-1.7790175218578166,5.24098031787556,15.743738763974244,910.3616821392216,887.2473178607784
ETH,2021-01-04,973.01,1162.97,890.0,1043.64,3106131.14938,1046.6154999999999,1041.2278,1013.9477499999999,50.19934974685288,0.8110781061761827,1.9517976536710846,5.047756933390239,16.83190607577023,1055.098696272613,1038.1323037273867
ETH,2021-01-05,1091.79,1096.17,974.45,1050.8,1431739.1839,1052.685,1046.595,1034.3957,54.00326164765928,0.7871281322559298,1.6930117307096457,3.9168341924944947,15.428002976868903,1060.7837048347267,1044.5862951652732
ETH,2021-01-06,1085.2,1166.58,1061.0,1149.66,1249953.25291,1146.7424999999998,1141.0782000000002,1137.0880499999998,61.12925917955194,2.5876713059087706,2.5899091077372853,2.6679752912082546,24.92039227272314,1154.1721510684704,1139.3128489315293
ETH,2021-01-07,1188.6,1242.0,1159.03,1239.66,852325.98122,1227.766,1223.9276,1221.2787,74.44397070201246,4.671835441593203,3.138914240418951,3.09939047929717,27.98189576812918,1242.812443300647,1212.7195566993532
ETH,2021-01-08,1148.95,1273.75,1065.0,1200.03,1281931.61479,1210.9365000000003,1234.1840000000002,1243.82445,40.654127880220116,-10.245560012468331,-11.102915380229081,10.720284841145022,46.522179849692904,1241.317523863596,1180.5554761364044
ETH,2021-01-09,1203.06,1237.0,1173.65,1218.52,676643.57356,1217.1855,1219.9841999999999,1223.28575,50.62972466210422,-0.009747168759531633,-0.43814740580814915,2.8499324986278642,18.98719365280562,1221.210449564885,1213.160550435115
ETH,2021-01-10,1330.15,1348.33,1237.0,1300.85,936995.97459,1304.868,1296.2,1301.16355,48.342139522816645,1.3405764846459078,2.3406823686489697,3.5744537173206936,15.224501819167674,1310.1357646112822,1299.6002353887177
ETH,2021-01-11,1177.08,1209.88,950.0,1006.28,2442088.937,1015.6535,1025.9841999999999,1044.90345,42.08419877832295,-6.377884014714709,-6.25576495385104,8.323629576365136,20.700787178731524,1039.9459574920927,991.3610425079073
ETH,2021-01-12,1047.11,1150.02,1006.33,1049.96,1458453.38631,1056.4435,1047.7592,1059.13605,46.69119433830299,0.9551669610921181,2.0747501902352483,5.306223334938956,19.618912544996512,1067.1762336219756,1045.7107663780246
ETH,2021-01-13,1042.56,1096.64,1010.79,1066.62,819437.30819,1063.0655,1061.4516,1063.9214,62.839674464822316,1.1625401075964419,0.72979616174657,2.5166275169251544,20.945234639115142,1066.4275795647573,1059.7034204352426
ETH,2021-01-14,1113.5,1220.63,1086.7,1212.0,865058.59134,1213.836,1209.7097999999999,1189.83205,48.17656354627127,1.5755985062864966,2.086031702522644,3.6000448750360095,14.524499488634808,1219.6446328855536,1208.0273671144464
ETH,2021-01-15,1236.8,1247.88,1170.05,1176.65,923952.46911,1184.8365,1186.9942,1205.99005,41.47472844895651,-1.9079082432479026,-0.30149694630790297,6.070054396621686,23.864593361437116,1198.6577854322563,1171.0152145677434
ETH,2021-01-16,1180.17,1260.0,1151.77,1258.53,833284.57109,1241.533,1239.1680000000001,1229.9738,82.48669468090547,5.1145560994214065,2.7638914770791154,3.6049612280477215,27.059967280338146,1258.069152031268,1224.9968479687318
ETH,2021-01-17,1250.52,1252.79,1165.0,1240.58,832835.68923,1237.8854999999999,1224.7614,1214.8771,63.958548108922145,3.5929255524986274,4.2380133262944,3.839937937815147,36.72706589091183,1241.4902827952483,1234.2807172047515
ETH,2021-01-18,1236.58,1255.5,1182.58,1237.72,649309.65535,1237.8935,1237.7914,1242.3827,49.907938871013236,-0.3897682523520416,-0.37060037104062793,1.9920626777200299,19.098196161793826,1241.1206428539647,1234.6663571460351
ETH,2021-01-19,1320.0,1438.3,1302.18,1404.21,1247894.55517,1400.1365,1400.2151999999999,1403.4781000000003,56.115479696309976,1.8950969111467657,1.2385674707471814,3.7146834252648144,21.048574308642827,1409.4838146411023,1390.7891853588978
ETH,2021-01-20,1374.4,1402.0,1235.42,1292.84,1431219.24852,1295.4125,1303.0234,1297.43565,43.366806192514325,-3.9665724371559463,-4.333642125687186,4.830201410008921,34.52624965570624,1308.7830570190902,1282.0419429809097
ETH,2021-01-21,1324.07,1338.93,1190.0,1204.07,1355220.97068,1213.5584999999999,1215.1358,1230.0944499999998,37.22173985897325,-2.9429673695433394,-2.184880807683135,6.159779841719667,20.19718548672399,1227.144878877338,1199.9721211226617
ETH,2021-01-22,1138.35,1242.01,1121.49,1225.01,1059529.86401,1229.4655,1231.3778,1220.2526,38.04231444635559,-2.339490921334118,-1.780179931344513,3.301419675938111,21.208665283887374,1237.6646547735982,1221.2663452264019
ETH,2021-01-23,1222.83,1272.44,1195.9,1237.03,567747.78654,1233.696,1228.5258000000001,1225.9162999999999,66.16750681385378,1.6906699330490937,1.5040752744974577,2.5839143991874005,22.329931816008774,1237.1408941928526,1230.2511058071473
ETH,2021-01-24,1255.94,1350.04,1251.21,1322.85,864363.28205,1316.4230000000002,1312.0869999999998,1320.2263999999998,68.92528901938059,2.711489842288529,2.0731761540896523,2.404445901991709,30.84295288608267,1323.398485932895,1309.4475140671054
ETH,2021-01-25,1424.29,1445.0,1379.08,1429.04,835572.64633,1424.6525000000001,1418.2135999999998,1419.75685,64.13709622289254,1.9722098376253143,2.1741269552205376,2.8044190571254153,14.808046079344988,1429.887711075039,1419.4172889249612
ETH,2021-01-26,1359.11,1360.8,1244.56,1287.72,944042.45711,1279.7815,1272.7910000000002,1280.8235,69.12832272852357,4.255988430634261,3.635427046750295,3.4535691119622207,34.10984305450396,1290.7847709227594,1268.7782290772407
ETH,2021-01-27,1326.67,1329.73,1207.0,1241.5,1127982.11117,1238.7385,1233.0747999999999,1246.6046500000002,56.45521243313186,2.2696811308524047,2.3532644632410595,4.282044694727597,18.433321916188717,1245.0314270613392,1232.4455729386607
ETH,2021-01-28,1272.21,1358.61,1260.0,1344.71,800026.44496,1346.182,1346.0167999999999,1331.1832499999998,48.251394551761315,-0.06206820301144944,0.21036943753148543,3.4557335432176677,14.555741798013129,1351.439290556944,1340.9247094430561
ETH,2021-01-29,1339.25,1436.9,1285.35,1392.7,1453137.33963,1398.5465,1397.1642000000002,1407.6444000000001,41.72333712059996,-1.0114589090917434,-0.069683189242989,4.426584789647216,20.77782683741729,1405.7770526068077,1391.3159473931921
ETH,2021-01-30,1358.15,1379.02,1326.41,1377.28,580459.10561,1373.6735,1369.2444,1355.1773999999998,63.85297900798481,2.108762763845789,1.9941495330758805,2.488762903408254,38.856801729168076,1379.5902398963206,1367.7567601036797
ETH,2021-01-31,1365.7,1371.85,1298.55,1304.04,513639.4525,1314.5745,1324.7707999999998,1345.99655,35.48489408381212,-5.8109961602481235,-5.100636960939366,5.288449573331631,46.49991488976529,1328.3741803948878,1300.774819605112
ETH,2021-02-01,1321.85,1345.52,1301.7,1316.73,597123.98678,1315.5615,1314.8364,1324.2386999999999,54.724184488057084,0.5635675346809421,0.3309579243692667,1.8440972861340137,10.905363566252172,1318.1359457656124,1312.9870542343876
ETH,2021-02-02,1386.4,1458.0,1360.28,1423.92,916615.17909,1432.6225,1432.5810000000001,1429.64805,32.08208412312994,-2.756897294531427,-1.523842236839398,4.135573491830774,28.23057479745808,1445.4212247411651,1419.8237752588348
ETH,2021-02-03,1518.1,1594.0,1512.38,1593.37,820485.71101,1583.9405,1567.7342,1553.5339500000002,67.52663087830119,6.883193487140943,6.949243639747335,5.058436740218594,47.08701708965657,1594.8747900547203,1573.0062099452796
ETH,2021-02-04,1657.22,1685.0,1554.44,1584.01,967781.11054,1571.7604999999999,1581.484,1618.056,56.72465745643569,0.14446289117790911,-2.3083762312506844,6.768300052235263,34.725884464466404,1585.8552727544975,1557.6657272455022
ETH,2021-02-05,1603.0,1748.0,1594.41,1744.16,683743.08585,1740.0169999999998,1737.0708,1701.83675,58.31734510678533,2.943154523769408,2.331639509863927,3.9733439343585095,15.705352472948116,1747.7385311952885,1732.2954688047112
ETH,2021-02-06,1684.88,1718.47,1642.94,1678.24,618540.98172,1684.6865000000003,1686.73,1684.14275,33.81183605553515,-2.2511696358360496,-1.461085528257664,3.009292605064945,22.825896011967497,1691.2800552625383,1678.0929447374622
ETH,2021-02-07,1619.63,1655.77,1525.01,1542.8,677289.62666,1539.5605,1556.619,1588.48685,46.105276208194404,-3.9863372086704203,-5.359418503888813,5.136672225640504,34.25972167247833,1547.5770765136704,1531.5439234863297
ETH,2021-02-08,1584.66,1743.97,1563.89,1743.43,719016.6836,1730.7955000000002,1719.3662,1698.56765,71.97249704284374,6.5821250144044825,5.8333067281583535,4.672009797631748,54.18492101155629,1745.2474569263209,1716.3435430736795
ETH,2021-02-09,1726.4,1821.88,1711.5,1751.2,744858.55864,1749.816,1749.1026000000002,1741.37975,54.63734493095942,0.7773809097297999,0.5979487804096473,3.0020357536116578,29.69520908462576,1753.9305274332955,1745.7014725667045
ETH,2021-02-10,1812.94,1837.86,1687.0,1709.66,793304.55905,1710.181,1717.1632,1736.52815,47.27804193537072,-2.4501365406440527,-3.2163593777825654,6.665179105908925,25.673288959445337,1722.835440959645,1697.526559040355
ETH,2021-02-11,1721.0,1819.0,1716.94,1792.88,449522.9538,1791.7994999999999,1795.8438,1795.6099,47.91776206965918,-0.32484039537621356,-0.779367985416386,2.4008899097878067,16.521328461225902,1795.7433431761976,1787.855656823802
ETH,2021-02-12,1784.49,1802.0,1739.88,1781.44,430045.74269,1773.6329999999998,1767.4868,1779.2901499999998,68.69651633769882,2.8665551810411216,2.061406795118304,3.132167332845521,26.205646705705224,1780.5410796173908,1766.7249203826088
ETH,2021-02-13,1850.48,1871.72,1765.0,1819.05,499712.04586,1815.368,1813.3958000000002,1803.4507500000002,57.71074044985806,1.1079677866669044,0.7991067252072234,3.62622497716208,15.805821830216251,1820.0054501613931,1810.7305498386067
ETH,2021-02-14,1840.31,1850.0,1784.11,1795.51,419013.66849999997,1793.7030000000002,1801.5757999999998,1820.5286,47.417204806058535,-1.6294524274378546,-2.3536435648062555,4.3038404244582305,40.747795420842245,1800.6080274437745,1786.797972556226
ETH,2021-02-15,1723.0,1814.68,1655.67,1797.08,626346.6635,1796.435,1794.711,1798.5554499999998,52.56747802110568,0.4629752529219786,0.536747654684105,2.3841488180305563,10.652042021086716,1799.0221258182828,1793.847874181717
ETH,2021-02-16,1797.42,1827.28,1761.08,1784.69,451656.4465,1788.5035,1786.5802,1788.9157999999998,42.308981050952006,-0.7188359397589466,0.05105559593566014,2.5979728561614217,23.543759380364286,1793.7621776855567,1783.2448223144434
ETH,2021-02-17,1774.16,1842.32,1733.01,1809.1,483516.53334,1814.1290000000001,1815.6615999999997,1819.917,38.82101735340359,-1.7598027129570255,-1.3373774908190625,2.835594031645559,29.85584302738523,1820.6951127008792,1807.562887299121
ETH,2021-02-18,1903.13,1929.0,1879.24,1911.45,513784.92444,1909.19,1915.2144,1909.9911499999998,51.46417188592857,-2.1353001587922336,-3.1187187871438784,3.6978935409808393,31.293624599834125,1921.410980320729,1896.969019679271
ETH,2021-02-19,1913.87,1942.77,1895.8,1934.89,422145.61534,1929.7419999999997,1923.5772,1925.4003500000001,65.09841109365516,4.171027444615447,3.5811188925770505,2.6009948762633175,37.99658908206745,1940.319912081323,1919.1640879186764
ETH,2021-02-20,1952.61,2042.34,1951.46,1976.04,686819.27577,1979.9465,1990.5194000000001,2017.24145,40.277288432209936,-2.760283618836638,-3.703935795251621,6.4820379822337415,40.557696814084565,1991.0975668099468,1968.7954331900532
ETH,2021-02-21,1946.89,1975.32,1900.19,1956.54,418481.66936,1955.4295000000002,1958.3285999999998,1953.1752999999999,50.447459811102874,-0.6835316155775217,-1.009069837029528,2.5380067799781045,20.52341419843288,1958.7337365229744,1952.125263477026
ETH,2021-02-22,1896.12,1920.86,1551.0,1725.15,1197261.56117,1715.6425,1732.5620000000001,1741.9582999999998,53.04985556711508,-1.8616312365838894,-3.8111341702444577,10.569296791401412,14.85275958707399,1730.001686432314,1701.2833135676858
ETH,2021-02-23,1718.26,1726.1,1355.0,1578.85,1938265.89133,1561.1795,1539.8483999999999,1531.2404999999999,66.48051969963691,7.616613974769052,6.6787336204933965,8.477456805315082,22.018351445554487,1575.064211700314,1547.294788299686
ETH,2021-02-24,1606.6,1712.7,1588.81,1636.36,822781.39572,1621.1235000000001,1627.6140000000003,1652.7249,58.86760593893082,4.6564285060605926,1.8864614790434837,7.119903450846274,26.091563196442465,1651.8184163706517,1590.4285836293486
ETH,2021-02-25,1642.91,1671.59,1577.88,1627.38,541333.77593,1631.7115,1634.5187999999998,1638.6212000000003,41.24927660371085,-2.7605353050553276,-2.399212105917864,3.669157617112263,25.663381988626192,1643.5084119264664,1619.9145880735334
ETH,2021-02-26,1484.75,1537.81,1400.0,1537.2,771571.08438,1515.7085,1513.9188000000001,1491.3761000000002,74.086277298757,5.40179054275859,2.4663400559685247,5.36572114663636,24.59453976741416,1534.287673582271,1497.1293264177289
ETH,2021-02-27,1497.06,1529.0,1445.0,1452.06,491644.00929,1468.5009999999997,1470.5529999999999,1478.8594999999998,36.49952344124431,-6.3634225248995335,-3.5642392691898475,6.082169774741838,32.502370458655186,1492.8505847192325,1444.151415280767
ETH,2021-02-28,1448.42,1450.54,1302.79,1304.77,842032.3222,1320.6015000000002,1335.7706,1346.64005,24.96332862571456,-6.939785508554905,-6.374580182556049,5.364464809723216,50.37437624270989,1333.63184040216,1307.5711595978405
ETH,2021-03-01,1440.77,1554.44,1420.52,1549.44,675388.87754,1546.844,1538.7896000000003,1530.44745,58.25236527637525,3.1507337562454723,3.567311657892287,3.68300028568593,34.66378841893531,1556.9055116159723,1536.7824883840278
ETH,2021-03-02,1569.57,1592.84,1530.35,1549.18,435147.38634,1555.319,1562.9013999999997,1569.0267999999999,31.697404369865925,-2.797111256521248,-2.838405766425169,3.767698209973174,46.21537254160876,1559.7412342769367,1550.8967657230633
ETH,2021-03-03,1515.03,1656.94,1512.06,1593.09,645991.90951,1592.46,1593.61,1609.2876,51.42574560286348,-0.2213936558016485,-0.36119044078622414,2.530252063464417,10.631591122270256,1594.6819630959096,1590.2380369040904
ETH,2021-03-04,1617.09,1619.18,1528.01,1567.46,548915.26567,1562.7785000000001,1565.3052000000002,1566.4385499999999,55.546035372424825,0.6531666673913605,-0.4364330174150295,3.738157852671838,18.575587070203557,1568.9227958099125,1556.6342041900878
ETH,2021-03-05,1471.27,1514.0,1441.66,1485.79,460547.78257,1493.9099999999999,1496.4737999999998,1490.9035000000001,34.11733905153069,-3.268834452783267,-2.19807712869592,4.13603055646592,21.42723139227162,1503.1394918603423,1484.6805081396574
ETH,2021-03-06,1529.71,1598.0,1513.03,1585.48,544115.5707,1580.011,1578.7382,1554.089,62.70199709054057,1.65953677651828,1.38202663521645,3.5453659726281153,27.417554081253133,1585.1406350746133,1574.8813649253866
ETH,2021-03-07,1661.02,1696.0,1630.35,1641.49,453407.6419,1645.5375,1646.7659999999998,1656.6890000000003,40.14558705885781,-1.168477507230591,-0.8457598410775675,2.6336134234915365,22.916219304453964,1650.6935328742115,1640.3814671257883
ETH,2021-03-08,1726.58,1755.22,1664.96,1745.0,666406.84759,1744.0584999999999,1738.7767999999999,1728.3900999999998,54.71007633340422,2.20595128089235,2.3948457868229442,3.2461633582632485,20.668534119248367,1749.6457078000099,1738.4712921999899
ETH,2021-03-09,1837.94,1859.61,1798.2,1822.75,477704.59541,1821.9055,1824.5040000000001,1823.6197999999997,50.23978829670028,-0.35545240409305734,-0.43633113482147756,2.6642666175578777,21.248829596321336,1826.8974113574384,1816.9135886425618
ETH,2021-03-10,1803.64,1850.0,1757.0,1831.28,458445.58492,1838.1969999999997,1841.175,1833.94535,32.282076959341154,-2.6071301195224805,-1.9521574318122756,2.9667544531694894,26.959284166446853,1846.3424087681535,1830.0515912318458
ETH,2021-03-11,1787.99,1821.0,1725.0,1786.35,497806.51528,1790.7255,1800.3954,1799.52465,43.21337236362881,-5.4620555420140136,-5.61115227040658,5.779980699940958,42.714076387668065,1809.063643281176,1772.387356718824
ETH,2021-03-12,1812.49,1825.41,1719.72,1752.25,499331.4449,1757.264,1754.7767999999999,1751.70965,39.088917641272936,-0.3182319228042161,0.43652282119137104,3.198043392681493,18.4964323604123,1761.4177712983367,1753.1102287016631
ETH,2021-03-13,1739.8,1900.0,1738.16,1869.79,562416.68018,1877.4389999999999,1881.7215999999999,1883.12115,30.936634851187577,-4.083769941606988,-3.1368997790861783,3.2415186281806436,36.349170854266845,1889.3743188478093,1865.5036811521904
ETH,2021-03-14,1906.45,1919.48,1846.51,1850.01,364415.40782,1855.3140000000003,1859.5030000000002,1870.35545,38.391684355181035,-1.7657101155264172,-1.2701436225701095,3.495307553101981,22.017568435277248,1864.021983463522,1846.6060165364786
ETH,2021-03-15,1887.37,1891.76,1730.0,1768.61,707336.95341,1779.1945,1781.4686000000002,1783.4820499999998,28.24950177863188,-3.105320541022138,-2.024916655424585,3.7209585905740954,22.94092083010201,1788.1992820073037,1770.1897179926964
ETH,2021-03-16,1750.85,1819.5,1736.61,1795.5,437324.97027,1795.6195,1796.2122,1786.3728,48.25121103120578,0.07874664583300728,-0.034507378337925915,2.4700219780828205,12.017446601494084,1798.1873198923222,1793.0516801076778
ETH,2021-03-17,1776.75,1794.96,1741.18,1769.08,331030.16689,1770.6705000000002,1769.9984,1767.3603499999997,46.729149304034124,-0.45483564644314356,-0.22153794318883177,2.9887556445707517,22.87930569748545,1774.9026459095787,1766.4383540904216
ETH,2021-03-18,1836.21,1850.0,1782.0,1808.98,308790.49222,1802.9564999999998,1796.7748000000001,1794.0613,66.44904661388166,3.504779065098546,2.915918068403463,3.0062749503762323,36.370293879920624,1810.8652452228855,1795.047754777114
ETH,2021-03-19,1778.86,1827.6,1771.26,1818.88,280152.15541,1815.2064999999998,1815.4972,1812.5172,62.26670417440053,0.6699412702309928,0.16765527821936002,2.0727578625047163,15.750639002917874,1818.6652528099398,1811.7477471900597
ETH,2021-03-20,1830.96,1868.83,1816.93,1856.21,258655.16639,1854.521,1853.6616000000001,1849.2426,54.86587249197547,0.6007699660174239,0.35337556916071994,1.907970569797545,18.698699087604567,1857.8525635967799,1851.18943640322
ETH,2021-03-21,1794.78,1797.36,1747.0,1788.02,282245.18996,1790.0775,1789.2114000000001,1781.2835999999998,43.17572553235502,-0.5566709504989831,-0.16870952628190983,1.6108332265740415,20.38679143159783,1792.7751276615136,1787.3798723384866
ETH,2021-03-22,1773.43,1807.51,1765.53,1782.0,231574.0666,1781.484,1780.6396,1781.015,52.514138531894375,0.5540753876698545,0.5481660933781687,2.022806623360625,16.318081168082472,1784.3136600502764,1778.6543399497234
ETH,2021-03-23,1702.47,1717.03,1650.0,1706.71,322580.00617,1705.19,1706.8414000000002,1706.0226499999999,53.31398947915475,-0.3234512788119446,-0.5651530755379048,2.231504668077303,14.255834444865535,1708.2112911147315,1702.1687088852686
ETH,2021-03-24,1676.33,1740.86,1660.0,1717.82,298889.48847,1721.1899999999998,1723.6416,1727.2466,40.765706471183286,-2.156179806246655,-1.6814517426975908,2.736538529555504,34.64221747462727,1728.137635569114,1714.2423644308856
ETH,2021-03-25,1563.46,1622.0,1554.32,1596.57,414517.85605,1593.5365,1592.3828,1588.8081999999997,54.49093747516374,2.5344656384245354,2.0229842529376096,3.705851581611102,21.932918328043947,1605.0804166230423,1581.9925833769576
ETH,2021-03-26,1614.59,1651.0,1610.0,1639.1,289145.67948,1639.396,1640.9696,1637.6694,47.12434691298519,-0.40529795123552503,-0.5660307466246076,1.6503128200811268,13.586791058741058,1641.6028384625372,1637.1891615374627
ETH,2021-03-27,1697.01,1705.0,1666.41,1683.61,216137.04485,1686.7355,1684.2225999999998,1678.8181999999997,38.09564484036289,-0.06147110370648079,0.5017678386907295,1.4462786466219681,25.647430527642875,1689.5503639398478,1683.9206360601522
ETH,2021-03-28,1710.73,1725.66,1682.06,1706.29,187185.30965,1706.4555,1702.1257999999998,1695.5125500000001,56.488968874639426,1.2951033801625726,1.6212408774511888,1.9089966728722139,22.378817137405267,1710.5409056102312,1702.3700943897688
ETH,2021-03-29,1681.27,1787.71,1678.46,1784.05,315063.3846,1780.0294999999999,1780.6535999999999,1776.8014500000002,64.4913039130618,0.9403623428129322,0.28573681461448763,1.852130644128755,18.398699303957688,1784.6625010793293,1775.3964989206704
ETH,2021-03-30,1808.82,1849.74,1786.3,1835.68,356158.48907,1833.243,1832.0280000000002,1838.4433500000002,58.879053560807805,1.2622597590525402,0.9827479549396482,1.9073831187436099,25.85895437605346,1838.658097783121,1827.8279022168788
ETH,2021-03-31,1851.0,1855.55,1768.15,1834.99,350142.63206,1834.8095,1830.4895999999999,1817.6185,54.761368844644224,1.5095317935486037,1.7732483203143636,2.1717027034691987,28.15527208937654,1839.2883323255292,1830.330667674471
ETH,2021-04-01,1933.79,1967.83,1899.88,1924.63,389995.4956,1925.5439999999999,1927.9621999999997,1925.1108500000003,44.57682426057853,-0.7482773925007677,-0.786911635407692,2.044011825472248,38.33140473088128,1927.2801497630726,1923.8078502369272
ETH,2021-04-02,1964.19,2040.0,1963.99,2037.71,440795.27967,2031.6035,2022.3048000000001,2005.7427000000002,67.58716257112344,3.8281240442136095,3.5357497341325868,4.00860126632403,25.478438601544497,2038.693262407855,2024.513737592145
ETH,2021-04-03,2111.63,2130.0,2067.28,2104.65,329620.58539,2108.038,2110.9782,2104.926,36.023605638477875,-1.4522144705092614,-1.0412574325112751,1.795136961002826,20.15311301327941,2112.0977270844546,2103.9782729155454
ETH,2021-04-04,2003.66,2091.8,1981.27,2084.0,280336.95904,2084.2645,2084.1202,2068.22345,49.04963247655824,0.16987934823055184,0.4506115551914664,2.4749208550734387,18.214017635709084,2088.586473970308,2079.9425260296925
ETH,2021-04-05,2053.7,2117.88,2002.15,2115.6,374281.02938,2106.0060000000003,2092.3624,2067.2965,72.42919181856134,6.88762737862271,6.788408690762611,4.948212975846591,43.19668266031896,2122.00988252898,2090.0021174710205
ETH,2021-04-06,2138.3,2139.81,2044.65,2077.23,391541.5195,2065.4039999999995,2080.3802,2107.09205,55.40650017858514,-1.0438465021179582,-3.6768854443384535,5.907653391545294,30.042591458406985,2079.799863850491,2051.008136149508
ETH,2021-04-07,2092.95,2116.23,1930.01,2007.94,544094.44133,2008.2255,2005.1236,1985.2361,51.389150445401405,0.866062153290386,1.2962372324337492,3.362692098087352,12.596172350583029,2012.4638981643866,2003.9871018356134
ETH,2021-04-08,1990.42,2051.81,1981.0,2047.73,292873.19528,2046.466,2038.4087999999997,2020.6651000000002,59.153274969910804,2.0907583876235094,2.728423252529822,2.969061941940161,35.518175105480395,2050.1525181403204,2042.7794818596794
ETH,2021-04-09,2087.97,2100.0,2053.46,2067.66,245133.34991,2065.8669999999997,2073.632,2079.6121,49.19866819480593,-2.624659534683815,-3.6952381575331907,3.388438765175612,33.631428360795525,2078.0839457721254,2053.650054227874
ETH,2021-04-10,2071.04,2200.0,2068.24,2153.59,460955.51745,2155.8244999999997,2155.3433999999997,2155.21365,43.246543250244045,0.07951657366129439,0.49100418437770754,1.9442943476935834,14.593744775890977,2159.5729742229564,2152.076025777043
ETH,2021-04-11,2136.3,2160.52,2113.4,2139.8,224682.91917,2137.602,2133.6374,2140.3089,60.886504367395176,1.9245721760780725,1.6829284388025632,2.0834169274323817,20.63945870643673,2142.71407042209,2132.4899295779096
ETH,2021-04-12,2150.94,2203.46,2119.35,2143.87,369171.97029,2147.0654999999997,2146.241,2149.5445999999997,42.74540649305449,-0.17274872129382857,0.19399102525471182,2.081358814079477,18.486583345724455,2150.8796550834495,2143.25134491655
ETH,2021-04-13,2152.07,2247.5,2149.16,2246.38,436285.94322,2242.913,2235.586,2226.35535,63.70938546103711,2.8503897527202753,3.0839486265257006,2.9657958824487483,41.141731896971734,2249.1683947921215,2236.6576052078785
ETH,2021-04-14,2288.76,2400.0,2281.33,2340.48,555285.35565,2330.6235,2336.406,2368.22485,55.61986599432053,2.4191719138484586,0.4150967432371561,8.271442460076411,24.752702168999733,2351.3959396977384,2309.851060302262
ETH,2021-04-15,2421.7,2487.38,2403.0,2470.0,361513.12555,2465.6095,2464.0116,2445.7562999999996,58.406527966087026,2.302983640164257,2.083858242817981,3.7712868337506507,19.828128280389617,2476.5898979436115,2454.6291020563885
ETH,2021-04-16,2522.52,2522.61,2300.0,2405.0,689036.5683,2398.9645,2375.7138,2377.1046499999998,61.85316168142294,8.154527325624713,9.166337189965468,7.0401729254338905,30.92366832339417,2424.373738064237,2373.555261935763
ETH,2021-04-17,2475.18,2495.0,2373.52,2394.19,331140.80179,2404.495,2408.0604,2405.6492000000003,32.28078967890271,-3.1479539337042297,-2.001252638376759,4.0821364874374675,17.705963066212412,2413.445020111867,2395.5449798881327
ETH,2021-04-18,2267.18,2307.7,1946.8,2144.73,1087655.1872,2136.994,2126.4342,2101.3220499999998,65.40757321590833,4.624303708902971,4.840011303622673,5.967264649945633,18.82861066068368,2150.765534991027,2123.2224650089734
ETH,2021-04-19,2257.15,2300.0,2137.55,2139.81,397775.05974,2164.254,2184.3978,2218.609,26.476202709774935,-10.388190616938118,-9.083388660196098,8.051152504529517,48.72491227234906,2185.9227945212206,2142.5852054787792
ETH,2021-04-20,2120.3,2265.0,2055.0,2244.81,592341.40743,2247.1,2226.991,2195.51715,56.09479719175169,5.786987746601881,7.506671910407726,6.93415621928317,33.94992563195311,2257.109557432416,2237.090442567584
ETH,2021-04-21,2304.83,2421.73,2235.16,2420.84,614212.106,2386.5544999999997,2381.5272,2336.65445,76.30697540832348,10.208983715731392,6.104168198884125,7.0888217783656815,37.21568253503171,2421.532886169171,2351.5761138308285
ETH,2021-04-22,2451.87,2594.62,2343.0,2578.87,1118185.25008,2574.4805,2565.8795999999998,2566.2902,56.837647959484805,2.4776786300517415,2.5613135546391783,6.850971275962616,18.148306358749654,2584.0405156376623,2564.920484362338
ETH,2021-04-23,2334.99,2371.71,2107.0,2288.85,1843298.58168,2275.671,2255.1882,2261.8747,64.25580513849884,11.332508333336136,10.515703992018212,8.01769957832949,46.07884657811651,2300.771245337334,2250.5707546626654
ETH,2021-04-24,2268.75,2328.0,2154.8,2206.25,571617.20924,2208.325,2206.397,2209.78705,47.62634053157954,2.182762493975133,2.1547626990753384,6.043283552625469,15.04888332084177,2220.7503667952337,2195.899633204766
ETH,2021-04-25,2233.25,2356.64,2181.35,2296.8,539923.60428,2305.3235,2298.1802,2321.6725,39.886844465494654,-0.010041753817404242,1.4201868737919265,4.489391179973725,19.142125132138712,2312.5001601563754,2298.1468398436245
ETH,2021-04-26,2410.58,2525.0,2407.63,2484.04,598993.14056,2482.809,2487.9568000000004,2499.55435,49.733926813543036,-1.8666779925479204,-2.2728518294909783,4.2354500062875005,18.8211276213894,2489.2305509030025,2476.387449096998
ETH,2021-04-27,2512.6,2625.0,2480.29,2615.01,407661.96791,2598.827,2568.9466,2563.2998500000003,68.27912589768549,14.841986708334844,15.223666100008895,8.4921939956624,49.19323863780674,2641.7183525550213,2555.935647444979
ETH,2021-04-28,2686.31,2734.96,2559.44,2710.19,589734.34782,2714.602,2710.285,2702.7624,47.001884909967224,1.1470656809501634,1.8001374120029556,5.847627387444888,17.097965928837592,2724.186634787014,2705.0173652129856
ETH,2021-04-29,2717.78,2798.0,2668.0,2770.35,471499.78993,2767.9125,2761.986,2771.3755499999997,55.85360419635719,1.0490540955497636,1.3867891852391623,4.367674148405184,14.474640718567649,2773.5618641233777,2762.263135876622
ETH,2021-04-30,2732.01,2798.3,2723.09,2756.25,410278.10534,2758.6355,2747.7706,2745.87505,51.205391207353614,2.318328764314174,3.543801035049658,4.270165557155552,25.01115066767148,2764.8149642972826,2752.456035702717
ETH,2021-05-01,2759.19,2880.83,2758.0,2861.02,366331.14144,2865.379,2866.2078,2866.6308000000004,43.82688209120172,-0.8324256050855183,-0.3214042078760164,4.020631019696621,15.169109836202395,2872.7681458234147,2857.989854176585
ETH,2021-05-02,2932.29,2954.7,2852.26,2921.01,346128.88008,2917.4975000000004,2916.895,2920.4745500000004,59.38260135871925,-0.2430974929520744,-0.46425887319825315,2.37108794636388,16.808495820031112,2922.0617562373122,2912.9332437626886
ETH,2021-05-03,2993.5,3204.04,2991.18,3148.0,652546.75213,3141.6285,3127.1308000000004,3139.3053499999996,62.45367798623765,4.666503986659336,4.723921317576597,6.280072767831594,11.992711481516096,3148.7004114105835,3134.556588589416
ETH,2021-05-04,3325.59,3527.0,3180.61,3386.69,857981.54078,3432.7035000000005,3448.7302,3459.95545,36.628212678040114,-20.24364036792167,-12.860966323566775,18.993017250326734,43.61327995954533,3499.6937999769343,3365.7132000230667
ETH,2021-05-05,3373.78,3407.63,3223.0,3323.71,597415.84954,3305.8445,3333.9918,3357.7133000000003,53.8993401346626,-3.4774309866716067,-7.443901854428861,11.592592317131118,26.30214787946588,3326.2260421153524,3285.462957884648
ETH,2021-05-06,3457.56,3528.0,3376.47,3495.96,398399.79722,3484.9945,3481.0089999999996,3489.96845,62.86610817567187,3.9934008711657043,3.079578197565227,5.07173335184588,24.16682840990246,3496.510192727767,3473.4788072722326
ETH,2021-05-07,3480.48,3515.0,3353.23,3492.06,420305.3893,3488.8285000000005,3490.0854,3474.9975,54.8178545762399,-0.38616181973065977,-1.18226759816663,5.421179593271597,13.769846220347214,3498.99910130956,3478.657898690441
ETH,2021-05-08,3536.71,3676.29,3506.22,3660.01,483121.7139,3659.5339999999997,3653.512,3581.69765,52.31071832602677,3.181103663121121,4.2552856977804705,7.0879980751628056,16.8231937620957,3673.6184998492718,3645.4495001507275
ETH,2021-05-09,3868.0,3983.65,3726.08,3829.11,653569.8252,3822.9759999999997,3821.9924,3821.84795,55.92385093357287,3.3860193944183266,2.3855086754098775,6.665906351187685,17.559380297179608,3834.6660032505156,3811.2859967494837
ETH,2021-05-10,3900.84,4168.71,3895.93,4094.76,705166.0544200001,4093.7059999999997,4107.3904,4102.3369,48.318878631694446,-6.340731209101705,-6.087712339945584,12.447410214978344,25.699944403058453,4110.633385385901,4076.778614614098
ETH,2021-05-11,3877.27,4084.13,3771.64,3958.98,622900.40259,3960.5589999999997,3959.8790000000004,3961.8613499999997,50.342899138402636,-0.586374297819475,0.1725740918871928,8.197806666305599,14.346336285194978,3970.7399467144332,3950.3780532855662
ETH,2021-05-12,4177.34,4372.72,4146.62,4355.67,612574.66991,4350.5365,4320.2654,4285.5907,61.09848138745707,11.446307353835437,12.990810345584379,10.003408501323598,42.23665676936032,4369.710452409175,4331.362547590826
ETH,2021-05-13,3948.61,4034.77,3596.02,3870.32,1099414.11327,3876.3905,3871.7158,3801.6355,48.45955798607366,-2.1478492992355314,-0.237808318235874,13.186564240064671,13.964319126479271,3897.2439356638183,3855.5370643361816
ETH,2021-05-14,3888.85,4065.33,3753.12,4058.83,647478.79524,4044.263,4045.1924000000004,4003.8418,64.0545710696428,3.12469533768126,1.9962535055721171,8.904354947361819,22.156496953250844,4057.3355224803204,4031.1904775196795
ETH,2021-05-15,4099.99,4118.94,3778.69,3859.38,578623.32474,3856.1605000000004,3876.4595999999997,3893.0783500000002,46.71088459041928,-3.5987041689809303,-6.8001071292478255,11.739618146872543,24.729803481287846,3876.2822439356564,3836.0387560643444
ETH,2021-05-16,3825.34,3879.0,3656.16,3672.69,401811.57021,3707.328,3715.2172000000005,3749.2435500000006,34.52532064425017,-15.14081993200125,-10.088887910498508,12.493537610569355,31.506549339888718,3767.3745341548365,3647.2814658451634
ETH,2021-05-17,3394.76,3575.24,3102.0,3395.47,1142854.04725,3375.156,3403.8502000000003,3463.61575,55.70801912861328,-5.705788648734142,-9.36611040360979,13.955775707872316,31.878193490756427,3393.98132485789,3356.33067514211
ETH,2021-05-18,3376.2,3565.71,3258.69,3259.41,743954.24426,3302.768,3322.3558000000003,3424.87745,31.290628112964367,-16.83020577226307,-13.507817378353483,16.99720385811721,29.785281338955834,3355.315962320079,3250.220037679921
ETH,2021-05-19,3272.91,3284.19,1888.0,2438.26,2719378.54772,2470.7535,2446.9444,2497.5067,46.338767794816185,-3.0287499666783333,4.252188246674577,49.69805322996461,17.616333669064772,2526.421140968238,2415.0858590317616
ETH,2021-05-20,2270.52,2990.05,2265.82,2907.85,1722322.7640200001,2907.8695,2911.9396,2849.5009999999997,48.75620377744606,2.2785225937059295,1.169679602175857,15.21186424964984,15.783510974260867,2929.994189805523,2885.7448101944765
ETH,2021-05-21,2900.49,2938.54,2380.0,2381.44,1032219.69967,2501.4844999999996,2625.5652,2672.0623499999997,23.47004660136064,-58.263430779728424,-51.19626432068475,39.38584567757012,54.4451310588868,2604.4275443448423,2398.541455655157
ETH,2021-05-22,2428.51,2485.0,2145.0,2360.39,1120501.91165,2397.499,2415.2392,2420.0604,30.560657530210282,-18.887843660906583,-13.501126943179576,13.537624970662444,39.24251477535964,2460.3717743622137,2334.626225637786
ETH,2021-05-23,2378.91,2379.17,1866.29,1949.85,1588987.28282,1947.7369999999999,1948.1472,2000.5111499999998,51.561156296424244,2.2761196778910744,2.692617638460288,11.38917868067068,13.492609034315924,1973.7613225463606,1921.7126774536391
ETH,2021-05-24,2085.95,2474.0,2081.88,2406.36,1246836.61233,2428.9465,2411.8762,2387.9001000000003,42.47523076805541,-5.087414089094182,0.14112492799466492,13.301857420138933,21.21520015355406,2471.850572196067,2386.042427803933
ETH,2021-05-25,2713.51,2713.73,2378.54,2628.68,1254596.51167,2622.746,2581.8779999999997,2490.8952000000004,60.962096906046206,14.522370759748355,15.374689917641192,12.513905051642544,40.04424802370764,2645.4907122645327,2600.0012877354675
ETH,2021-05-26,2709.97,2910.0,2688.07,2759.05,973744.12977,2761.054,2741.3424,2796.2055500000006,52.03931172918818,5.447412973965584,6.097056599216014,10.574133276879708,17.766106234382633,2773.5677466809616,2748.5402533190386
ETH,2021-05-27,2749.34,2867.96,2633.68,2849.17,689297.11871,2853.07,2846.3876,2823.7054,47.46205004002822,1.66855503327497,2.2218458147618585,6.792821014719018,16.130046061816262,2863.285723175711,2842.854276824289
ETH,2021-05-28,2695.06,2732.37,2419.46,2552.41,950811.74169,2560.827,2572.2104,2542.14855,40.63006725675672,-5.3256894500300405,-4.371716993970284,8.00668034769082,20.05039915407224,2573.505484294295,2548.1485157057054
ETH,2021-05-29,2504.52,2574.27,2346.02,2366.44,679374.42185,2380.268,2389.7094,2401.41475,34.71420986031469,-5.9065351972849385,-3.6192683324604618,8.568835498671444,21.93664323773432,2398.951044291486,2361.584955708514
ETH,2021-05-30,2216.46,2476.42,2192.93,2363.8,741654.16312,2354.3415,2372.1238,2399.12865,53.6089708966151,-3.104136646033112,-6.298534387825511,7.757528359321686,31.944553910233612,2372.966246199561,2335.716753800439
ETH,2021-05-31,2325.59,2587.15,2271.44,2532.5,800612.57394,2524.3575,2528.2771999999995,2546.67065,56.560266106563354,1.8218593732212867,0.1493898012433728,6.381915165432123,20.76667913169546,2538.4036551680592,2510.311344831941
ETH,2021-06-01,2708.33,2716.33,2523.74,2615.38,782269.73222,2613.46,2621.735,2600.6356,49.3661487055792,-1.8172318499855464,-1.9027222081991406,8.117059121658645,28.548247948463807,2624.09855629315,2602.82144370685
ETH,2021-06-02,2563.48,2776.81,2560.25,2765.38,582640.54567,2747.917,2737.5820000000003,2712.7274000000007,69.22844173739179,8.744634151079481,6.625350875228104,6.855280283574221,38.542564742544336,2771.7119751839423,2724.1220248160575
ETH,2021-06-03,2713.54,2891.95,2662.4,2787.32,717768.70851,2781.4445,2785.3416,2805.6374000000005,53.64027784928487,0.39854914313991685,-0.4257333435371753,7.019481510050178,11.986955011583008,2793.319969632686,2769.569030367314
ETH,2021-06-04,2726.22,2766.53,2552.0,2627.21,803128.99166,2627.2735000000002,2633.3871999999997,2625.0034499999997,48.16723033272442,-0.8326955541842835,-1.3241504023904813,7.486907825630398,24.948763357340034,2636.217061426881,2618.3299385731193
ETH,2021-06-05,2753.06,2816.87,2600.0,2618.94,587245.74807,2625.11,2620.2534,2637.8042,46.875934751890796,-1.3324075824511965,0.014462914796038728,7.199564903983906,18.237018169025237,2640.6023103507864,2609.617689649214
ETH,2021-06-06,2653.5,2745.0,2649.24,2677.87,412722.62351,2676.1065,2669.4554,2687.40315,56.54398129287415,1.423079773131576,1.7787575155455162,3.867433028721947,15.603263026146283,2680.1650281815278,2672.047971818472
ETH,2021-06-07,2753.87,2847.55,2735.0,2770.45,519415.36118,2779.1215,2784.841,2809.2164000000002,39.99668981547309,-4.3130131779898875,-3.3167483313179313,6.579340457066545,32.19695766243962,2790.207838033877,2768.0351619661233
ETH,2021-06-08,2605.2,2620.87,2362.79,2387.49,1017386.66478,2397.014,2412.8986,2481.88525,41.02370013790734,-4.469574204963919,-5.099091023050228,10.311908283128346,36.91254121680931,2409.6120893792386,2384.4159106207617
ETH,2021-06-09,2470.87,2581.49,2405.28,2521.11,725320.33736,2518.683,2526.7104,2533.4755,49.015708462161115,-2.258830741743168,-3.458819852458204,5.523419325540835,20.20993347818967,2530.153360238432,2507.212639761568
ETH,2021-06-10,2602.52,2605.0,2492.23,2516.76,440907.00655,2519.7065000000002,2531.8708,2546.90565,42.17486529508529,-3.49027168193561,-3.9489433535713037,5.985277568817689,24.21015774303824,2525.26344259474,2514.1495574052606
ETH,2021-06-11,2416.11,2490.0,2402.51,2462.69,288760.23888,2458.7515,2463.8678,2463.7378,55.61427959659339,-0.5032479791507285,-1.506716524156222,3.6193622086211987,19.507320104926716,2463.446349411886,2454.056650588114
ETH,2021-06-12,2340.04,2454.53,2256.22,2415.0,538886.41677,2414.603,2421.6926000000003,2416.2519,46.78535828556414,-1.169557152561083,-1.542580584149532,4.858968982943825,22.847700244618068,2423.3549417277536,2405.8510582722465
ETH,2021-06-13,2400.13,2416.42,2308.41,2337.34,304425.07364,2337.6805,2347.4418,2359.2592999999997,40.82567065335742,-1.9621954231351992,-2.677969507956705,3.623881107909473,29.345977962336658,2345.0433078204396,2330.3176921795603
ETH,2021-06-14,2490.96,2580.28,2461.0,2569.76,388725.8339,2571.65,2563.2354,2516.2008,52.661349004551795,1.8789845795067777,2.9070183661446274,3.8043143007289726,28.130085716388976,2575.8264674069396,2567.4735325930606
ETH,2021-06-15,2590.99,2640.0,2539.84,2547.18,328429.92477,2550.3345,2566.4339999999997,2580.4919,37.44255622362426,-5.311456164058654,-6.410512283123563,4.599836056806883,44.97580939505014,2561.025078048151,2539.643921951849
ETH,2021-06-16,2509.68,2556.19,2435.0,2450.05,301062.63915,2447.9735,2450.2316,2453.80625,52.060354802490394,0.020337943044069107,-0.41113691650384326,2.761368600059601,11.419447898929857,2452.5626754162668,2443.3843245837334
ETH,2021-06-17,2401.68,2460.5,2365.3,2403.99,273243.96322,2398.2675000000004,2384.479,2397.1364000000003,62.693097444722476,7.1005083193877,7.279636673374466,4.122591229714215,50.87920893332361,2420.6222622443092,2375.9127377556915
ETH,2021-06-18,2350.21,2369.43,2231.0,2253.59,386630.23996,2250.2045,2261.1985999999997,2286.2196000000004,49.82864649660845,-1.355556890396656,-2.871138686503582,5.147206542339159,23.361095746493362,2257.223854600391,2243.1851453996087
ETH,2021-06-19,2251.79,2278.82,2168.08,2251.9,293344.33171,2245.3815000000004,2237.1254,2240.403,64.57222647819192,4.709152001891198,4.081130885411645,3.4204959270225515,42.97780878345878,2256.7268642956547,2234.036135704346
ETH,2021-06-20,2181.69,2222.22,2040.68,2090.65,441442.41026,2092.764,2088.308,2079.46555,47.87199963461862,1.3379091392662303,1.6840693298581246,3.349510407060268,13.452533789068733,2096.529269711357,2088.9987302886434
ETH,2021-06-21,2222.21,2223.51,1891.24,1990.54,1139404.15763,1985.541,1992.6048,1962.7678499999997,51.090664922900594,1.3499687509099658,-0.03528574957422542,6.961040956067981,18.305719227177477,2000.650186477441,1970.431813522559
ETH,2021-06-22,1956.17,1998.0,1700.48,1761.15,970927.04746,1752.2074999999998,1737.4219999999998,1795.34205,60.20512564657532,5.35747691054803,5.708799437166267,8.495956831821402,20.681574101864417,1771.6061740525365,1732.808825947463
ETH,2021-06-23,1960.89,2045.0,1959.21,1999.65,545555.37317,1998.0055,1993.9248,2002.31115,54.30700802681466,1.5486086420735319,1.4142807017220096,4.548650038193149,12.253760241396554,2003.0876313442382,1992.9233686557618
ETH,2021-06-24,1940.34,1990.01,1884.79,1966.51,363161.07844,1965.982,1964.0968000000003,1964.5211000000002,52.79128193247941,0.7836437197822761,0.7657802754240023,2.310685151861165,11.911537017180168,1969.8305145186002,1962.1334854813997
ETH,2021-06-25,1974.01,2019.99,1832.44,1838.03,443929.38376,1856.1350000000002,1861.5034,1859.2136500000001,24.671535417590125,-5.36648994841039,-3.4669349716006295,4.542004365794935,28.07597218011818,1871.1122140264958,1841.1577859735046
ETH,2021-06-26,1815.67,1852.8,1717.32,1765.51,521364.74148,1751.569,1744.2276000000002,1777.7374000000002,68.26837186640911,4.366253322658849,3.5439325123266965,5.194168872108556,25.562543490352947,1765.1153602492082,1738.0226397507918
ETH,2021-06-27,1845.31,1894.82,1811.6,1836.24,358101.4584,1833.1864999999998,1833.1326000000001,1841.8835000000001,56.191329759009825,1.295730807639302,0.6717186636387658,2.9619723178322133,21.046509540237885,1839.6106708415202,1826.7623291584794
ETH,2021-06-28,1978.63,2083.32,1960.52,2038.16,532946.06164,2032.604,2021.0240000000003,2010.38205,72.17653976620325,4.343156777617423,4.266467794590242,3.9096971980148725,39.27562214172132,2039.571100975154,2025.6368990248461
ETH,2021-06-29,2122.66,2235.0,2083.11,2229.72,521460.37512,2218.8685,2220.9429999999998,2194.36495,65.2805739023788,3.224532598202586,1.5025614943572532,4.034865085672382,25.927693982211874,2233.4423577938437,2204.2946422061564
ETH,2021-06-30,2155.4,2178.49,2087.99,2119.19,434826.76532,2130.2124999999996,2137.8068,2141.12935,29.461508561929506,-4.868576849156852,-3.5665145240400653,4.1096497963752325,35.471463886222,2141.511308565449,2118.9136914345504
ETH,2021-07-01,2253.12,2267.69,2073.12,2081.31,497164.43005,2092.255,2107.4054,2124.05455,33.509430914627934,-8.093413440204586,-7.888468706914641,6.022194116683478,51.09406725042034,2111.905240201949,2072.6047597980514
ETH,2021-07-02,2119.96,2121.42,2018.5,2108.31,430617.81746,2094.265,2078.3022,2055.8097,69.09562031415913,10.537250796749959,10.010765430469778,6.454896529111023,50.62737579806253,2127.071541116088,2061.4584588839116
ETH,2021-07-03,2143.84,2240.0,2112.01,2231.8,364431.33032,2231.2045000000003,2231.1353999999997,2219.13465,50.84960557935482,0.6705194958117318,0.755035096092202,2.801083612458242,17.752858498359505,2237.82938482857,2224.5796151714308
ETH,2021-07-04,2198.47,2347.75,2189.58,2314.49,334657.27664,2316.4065,2317.4134000000004,2321.0657,44.473078344107456,-1.071256992155213,-1.003036091494546,1.9617269271325408,17.584123777621244,2321.8774533901674,2310.9355466098327
ETH,2021-07-05,2319.48,2320.0,2175.0,2220.62,459987.74558,2220.986,2224.0262,2220.5414499999997,48.59981145068221,-1.4858928249345809,-1.9258937011517947,3.787838726262678,28.722339189902986,2231.920701459023,2210.051298540977
ETH,2021-07-06,2225.47,2350.0,2210.01,2306.06,532572.35473,2299.416,2298.2744000000002,2304.98475,58.75728957641923,2.716081384123754,1.4985880736321069,4.745913925036376,26.108307869754654,2311.132112666079,2287.699887333921
ETH,2021-07-07,2325.68,2409.0,2299.4,2370.62,410361.53842,2378.04,2380.021,2382.71145,34.13950259710268,-2.745026888550001,-1.7800595070843723,2.9800006054559547,31.319896398133718,2387.3931684471654,2368.6868315528345
ETH,2021-07-08,2288.28,2290.07,2124.21,2146.22,547881.7552,2144.3005,2144.0844,2152.37345,52.4614007986684,0.6942789254644595,0.5532573213556983,3.3095093855895685,10.480993285311998,2150.4614884759917,2138.139511524008
ETH,2021-07-09,2059.66,2168.07,2057.8,2153.69,454965.8549,2154.4175,2144.4444,2109.6293,56.026463957692194,2.3842391937018874,2.758091993592343,3.9541336455306397,30.9337531344942,2162.798642821661,2146.036357178339
ETH,2021-07-10,2159.61,2165.59,2085.66,2107.16,260207.848,2105.661,2103.025,2108.7982500000003,53.19124214184357,1.850723004099109,1.582105192838306,2.5688198529813517,19.061967359082065,2112.7409149712075,2098.5810850287926
ETH,2021-07-11,2112.75,2138.55,2081.02,2135.31,177327.9123,2131.4955,2130.9674,2125.2226499999997,61.59229708882502,1.2880296626126437,0.9695650667480997,2.0942553414501233,25.526069689994575,2137.067488783366,2125.923511216634
ETH,2021-07-12,2134.29,2167.83,2092.29,2100.61,229244.00492,2099.059,2101.6482,2103.90085,53.14236377664941,-0.3903632201072469,-0.8464934175165487,1.7749676001521264,13.718747993080749,2101.9996387058145,2096.118361294186
ETH,2021-07-13,2023.28,2047.35,1960.18,1978.51,381403.72144,1974.872,1976.0195999999999,1985.91115,57.1174383426216,0.42535752933940785,-0.11927326110522572,2.741945031373213,12.060430042153904,1978.5618867190121,1971.182113280988
ETH,2021-07-14,1891.72,2019.18,1865.0,2005.02,450493.20265,2001.5814999999998,2004.1022,1967.2946999999997,54.03600789402857,1.000076948391552,0.2882213281477194,4.261798156295968,28.073526277205744,2009.3195056215368,1993.8434943784628
ETH,2021-07-15,2032.67,2042.88,1884.34,1923.46,401451.74235,1916.2725000000003,1920.0102,1910.0991999999999,61.288283672079615,-0.1471405949448581,-1.1694752995139093,3.5972798399119292,17.92867827929587,1923.3587341903017,1909.1862658096989
ETH,2021-07-16,1917.79,1965.0,1850.0,1904.98,368019.62434,1901.925,1901.0056,1883.1873999999998,56.71465415561699,-0.13182920284748434,0.01756234838723663,3.0117410123263206,11.770505883985495,1906.9340338390307,1896.9159661609692
ETH,2021-07-17,1883.37,1909.46,1844.45,1889.5,247985.79193,1884.4125,1884.2628,1872.2054,62.355432654094415,0.8996603737448368,0.5546017504235695,2.585471274104479,12.449282075198886,1888.47317420513,1880.35182579487
ETH,2021-07-18,1976.27,1993.79,1927.0,1928.78,259432.93891,1947.721,1949.6702000000002,1958.0486,13.205329066903214,-3.996279667336921,-2.036997544813338,3.2752578866071578,38.72980370805554,1960.4886213915984,1934.9533786084016
ETH,2021-07-19,1868.35,1919.0,1805.0,1822.58,368445.78091,1818.1455,1814.2088,1832.4536500000002,62.18355187523576,2.2396508959016046,1.7542558627467961,3.356283018299616,17.38629076272444,1824.1844153824532,1812.106584617547
ETH,2021-07-20,1786.9,1797.68,1706.0,1758.76,523069.27342,1757.7875,1752.4786000000001,1751.9679499999997,55.18887225388901,1.229228170114311,1.842224717547556,4.44967699753313,22.578070054993567,1765.0728767919086,1750.5021232080912
ETH,2021-07-21,1761.16,1933.88,1758.13,1922.76,534071.82349,1923.4965,1917.4958,1908.8070500000001,53.618623787364726,0.2724912864084672,0.8921401089298636,3.089267235600495,25.14312687872833,1930.9206828506324,1916.0723171493676
ETH,2021-07-22,1984.08,2018.0,1947.62,1992.89,446460.40141,1991.048,1989.8706,1985.7514999999999,54.844707279134525,-0.3305872714108773,-0.6491029123737359,4.158944508360976,18.021903285048317,2002.3179717834519,1979.7780282165481
ETH,2021-07-23,2027.99,2094.28,2027.56,2062.52,353392.43516,2067.1805,2070.589,2063.7234499999995,31.731443784324533,-2.2721534836136925,-1.6544434119087308,2.297862033657791,22.109487149495088,2073.634997579238,2060.7260024207617
ETH,2021-07-24,2114.71,2174.0,2106.09,2163.29,323168.00108,2155.974,2153.0514000000003,2153.6116500000003,70.80543152632856,2.8799083048193097,1.842961749197321,2.510924292514397,28.84929491944039,2164.1217000435504,2147.82629995645
ETH,2021-07-25,2152.0,2186.0,2105.93,2112.22,291740.87297,2115.046,2123.6402000000003,2141.4509,38.955053847252124,-3.2071928171949367,-3.429709306608559,3.918903670803377,43.60515569741896,2122.3610185234893,2107.7309814765104
ETH,2021-07-26,2287.31,2390.0,2269.26,2332.64,644978.62859,2339.9955,2340.735,2338.936,36.05163498284509,-2.441912027777562,-1.382828367824183,3.5492502180967325,26.737678546655403,2350.2703323100354,2329.7206676899646
ETH,2021-07-27,2195.69,2319.26,2150.5,2281.42,560112.70307,2274.7830000000004,2276.9536,2282.8494,54.2680257766851,3.7430425654692954,2.5115239886457745,7.690538826271829,28.109918209589164,2298.6320939869534,2250.9339060130474
ETH,2021-07-28,2287.0,2345.0,2243.15,2283.55,450352.30704,2284.2465,2282.8997999999997,2302.36035,50.2495056302775,-1.0844879588826188,-0.5664774305704268,3.268531150134132,14.731703032612428,2290.471897256473,2278.0211027435275
ETH,2021-07-29,2279.07,2328.97,2266.12,2317.85,246297.22741,2311.3399999999997,2313.8520000000003,2303.18845,56.28947174386088,0.9477676911269555,0.2074047243554599,4.879906518158614,18.9265773546668,2323.666548584225,2299.0134514157744
ETH,2021-07-30,2403.04,2450.0,2315.92,2337.99,415994.81893,2344.205,2345.1316,2341.69965,31.79710841094193,-2.2059765061062535,-1.3250977922698628,2.405702006794437,20.424324908775713,2351.131443531753,2337.2785564682467
ETH,2021-07-31,2455.49,2483.38,2420.68,2444.03,258267.00214,2450.5075,2447.4504,2455.6472999999996,36.57173587066536,-0.7337600195423875,0.25263100544745054,2.6474865140419146,19.23936019346729,2456.2929537418922,2444.722046258108
ETH,2021-08-01,2568.42,2636.91,2554.79,2582.14,367814.5301,2580.2515,2582.4013999999997,2587.5270499999997,53.28932028749496,-1.1120878180608997,-1.2906252981343134,2.8493523218917782,11.01916337742392,2584.0695480615186,2576.433451938481
ETH,2021-08-02,2540.53,2639.47,2529.09,2611.61,386664.39214999997,2614.8765,2617.1278,2594.7224499999998,40.91477105070846,-0.3847945875913865,-0.12098573753895384,4.016710409832603,17.615634163048643,2620.095865000022,2609.6571349999776
ETH,2021-08-03,2593.83,2597.89,2442.32,2531.95,514157.77673,2529.63,2521.1968,2503.7344,60.47122923350651,3.741939747391825,3.980917459632486,3.432015397180387,27.12586358331795,2539.227189171987,2520.032810828013
ETH,2021-08-04,2515.33,2633.0,2457.68,2619.16,441742.21087,2620.5825,2616.468,2565.4505000000004,50.09932390825632,0.39311703214480076,1.0903711418734423,5.423982491285431,16.778363399880554,2627.736885717849,2613.428114282151
ETH,2021-08-05,2694.46,2820.0,2529.91,2793.05,757256.22772,2777.4375,2742.4018,2647.7108000000003,61.93503144777226,10.165051486265384,11.906121695901358,13.102159967845871,36.269104555909,2791.975704668908,2762.899295331092
ETH,2021-08-06,2790.25,2815.53,2720.06,2778.53,341770.73534,2772.0855,2771.1915999999997,2766.3467,61.79535947932543,2.1063824741090684,1.1487014979933285,3.7118475814945255,20.677775566938664,2780.7543995264505,2763.41660047355
ETH,2021-08-07,2895.21,3171.0,2894.02,3098.3,729173.04951,3087.3795,3081.2156,3096.8251499999997,62.13842948189841,2.932256855896412,1.5855185947071464,6.534293397222887,19.181231450533556,3099.60871661464,3075.15028338536
ETH,2021-08-08,3132.48,3187.0,3050.0,3062.13,466504.84046,3074.8779999999997,3095.007,3114.4570000000003,33.488376687789945,-10.650940719810023,-10.143087805990122,7.9723318345897525,50.063557464746815,3099.73727078574,3050.0187292142596
ETH,2021-08-09,2915.12,3152.2,2893.23,3125.23,579398.62125,3126.668,3123.3762,3123.5454999999997,50.71529470314524,-2.8532651067116603,-2.670003578702404,7.301598058824458,22.548205808295315,3149.7995469434836,3103.5364530565166
ETH,2021-08-10,3099.97,3233.0,3089.42,3150.07,452653.48993,3151.5834999999997,3154.6346000000003,3157.0149,47.1414526760382,-1.9914990019051402,-2.1748357272722427,6.473225604386601,8.847179889042573,3158.348649739684,3144.8183502603156
ETH,2021-08-11,3171.65,3263.96,3120.27,3258.23,437870.85195,3253.5305,3246.7403999999997,3230.9783499999994,62.30475626682713,3.1530066745626755,2.8042325578620546,4.171973084941059,20.1348201241979,3260.3775036508896,3246.68349634911
ETH,2021-08-12,3198.3,3239.0,3044.0,3057.6,421582.1987,3064.004,3079.7059999999997,3098.5801500000002,38.95706421418938,-5.239094943411601,-6.173848121371202,7.616805962179988,30.177119861268945,3078.5723868705136,3049.4356131294862
ETH,2021-08-13,3087.03,3260.25,3075.78,3224.99,381614.66815,3226.251,3228.4741999999997,3224.8021000000003,46.831921188243165,-0.7403548722263622,-0.5723986852208369,3.591363316870915,16.74519159925482,3230.5415892367537,3221.9604107632467
ETH,2021-08-14,3317.97,3330.98,3200.0,3257.38,310232.79779,3256.2585,3244.5976,3234.2290500000004,62.32269991288546,2.897818386099061,3.7081237647134575,3.0767797713521357,41.24895538632528,3259.7307630951777,3252.786236904822
ETH,2021-08-15,3270.88,3287.05,3132.69,3175.43,293777.26384,3182.212,3177.3556,3160.8790999999997,43.4657791996753,-0.48958221196789964,1.3743997774342076,4.90948726705032,21.05540855438026,3192.762055165826,3171.661944834174
ETH,2021-08-16,3304.46,3320.49,3205.0,3227.54,333560.12598,3227.5005,3226.6562,3264.75415,49.78541574183303,-0.8884969003447623,-0.756620153568277,4.6832520325381015,15.523379414665888,3232.0221257033268,3222.9788742966734
ETH,2021-08-17,3147.08,3290.0,3135.27,3190.53,362136.77918,3197.6165,3215.3322,3246.4891000000002,35.55191312954379,-6.8665408509732515,-7.826344548960447,6.5441945273643,36.70028173087383,3215.642230803494,3179.5907691965062
ETH,2021-08-18,2972.9,3085.21,2972.0,3067.27,314312.36297,3063.3869999999997,3059.2666,3036.49095,59.21646598930865,0.6780746876038393,0.5620853793693656,4.154437293107633,15.952139414756742,3072.1212706620336,3054.652729337966
ETH,2021-08-19,3034.25,3055.98,2958.33,3044.64,353871.1358,3042.087,3036.305,3001.5399500000003,56.63812972538392,0.5620148033435726,0.8568610573907587,5.390153227381594,24.27330851299574,3053.9514344155223,3030.2225655844777
ETH,2021-08-20,3224.44,3285.71,3188.06,3282.9,278510.35383,3269.86,3262.0252,3232.083,71.87564172694799,3.7326425075189036,3.231186010502886,5.129687405053872,40.30559161769982,3278.1023127822614,3261.617687217739
ETH,2021-08-21,3254.33,3309.16,3238.11,3264.99,262939.54511,3267.1085,3272.8271999999997,3268.87675,43.590016931577495,-2.680514246900657,-2.641869983090814,3.441448549235246,44.50204263704596,3273.2404043535007,3260.976595646499
ETH,2021-08-22,3239.45,3272.0,3217.0,3222.99,164206.23699,3230.573,3231.6335999999997,3240.04505,36.48556900065903,-3.1137701167381238,-1.8864761580828058,3.330487830869815,25.558288887514742,3242.3737272657454,3218.7722727342543
ETH,2021-08-23,3249.27,3377.89,3248.92,3316.61,398013.21255,3343.6575,3348.6218,3342.3589,29.22467361699413,-10.322589317610436,-7.1515018670789665,9.729087269548854,47.71180622792105,3383.2650451775908,3304.049954822409
ETH,2021-08-24,3287.7,3357.85,3220.0,3253.97,257389.49298,3248.3405,3245.6784000000002,3288.6683500000004,57.137397342687215,2.0378349913044076,1.3865264220009645,5.371035170335465,15.936350830289953,3257.587974195885,3239.0930258041144
ETH,2021-08-25,3178.88,3222.26,3080.0,3179.07,305474.9937,3158.308,3136.7424,3140.63015,69.88784113319367,11.194292737315664,10.013349218972817,8.636448769875805,42.927046931850654,3183.5979945433214,3133.0180054566786
ETH,2021-08-26,3227.11,3234.09,3053.3,3123.97,298376.91415,3122.813,3129.2742000000003,3108.9580499999997,50.66769688086692,-4.078575691454716,-4.0688648270188095,5.106790132624616,30.410517176793526,3138.371408787586,3107.254591212414
ETH,2021-08-27,3124.22,3241.86,3075.79,3221.01,231516.77123,3226.643,3203.7607999999996,3166.3837,51.12939440143413,5.843381528066402,8.678684099883288,6.201128395130977,40.47429938464974,3240.9789926061817,3212.3070073938184
ETH,2021-08-28,3257.14,3265.3,3210.31,3217.51,149466.4348,3222.4905000000003,3224.1420000000003,3230.0104000000006,38.22633807278199,-2.1715324859060274,-1.5846227314853398,2.6589033485757616,17.804509139843542,3230.5091694034545,3214.471830596546
ETH,2021-08-29,3276.3,3282.12,3152.34,3189.2,200725.1289,3186.8165,3189.5732000000003,3194.2400499999994,52.76677231087522,-0.7288013632055481,-1.267939009562936,2.4833496266668305,11.56194074572058,3191.0937200082353,3182.5392799917645
ETH,2021-08-30,3200.98,3224.0,3143.0,3179.67,216504.0287,3177.3920000000003,3176.8338,3170.5236,56.49565044794913,-0.3138948054292996,-0.2232197585395285,3.1067954871805963,16.372546314929377,3183.5218371919873,3171.2621628080133
ETH,2021-08-31,3219.5,3476.0,3201.92,3409.76,523699.16922,3412.3540000000003,3425.1054,3419.5041,43.48966010066951,-3.6737961137027924,-4.023301998542966,6.435671330148603,33.01081954652359,3419.9975525773234,3404.710447422677
ETH,2021-09-01,3390.51,3566.41,3387.34,3541.78,409662.16475,3549.0490000000004,3543.1364000000003,3538.25785,44.64170772609655,-0.42689293568855646,1.5427073280377521,5.9153433959005906,18.043053424737675,3560.4930690316837,3537.604930968317
ETH,2021-09-02,3763.92,3833.96,3717.04,3785.1,301191.4751,3800.9095,3800.4898,3778.6054999999997,35.92141356762333,-4.8104325360864095,-1.8928789787610423,7.572665524432998,22.88172527749358,3821.353779860183,3780.4652201398176
ETH,2021-09-03,3736.21,4027.88,3705.05,3972.26,451819.17249,3990.3305,3976.2578000000003,3959.6074,41.676249596524286,2.0655684982029925,5.690221519962977,13.320829723601593,36.72643923136847,4014.9907647795512,3965.670235220449
ETH,2021-09-04,3943.88,3953.29,3878.41,3899.62,191006.6237,3897.219,3901.0798,3905.21585,50.45624156085405,1.1779241533963614,0.09735445735960296,3.931235844142281,22.741801230868308,3907.1829166997463,3887.255083300254
ETH,2021-09-05,3894.46,3955.18,3830.0,3938.0,192370.2502,3933.2075000000004,3932.4718,3927.7499,59.11289057495587,1.6388685982110474,0.9529242326718087,4.109324674288433,14.724847445043057,3939.40302055912,3927.011979440881
ETH,2021-09-06,3918.69,3970.0,3864.3,3930.27,248791.4146,3936.214,3926.7542000000003,3909.51925,45.94644468825231,2.156613837806617,3.4412602830649854,4.27060256256636,34.570962428907265,3941.258210146407,3931.169789853593
ETH,2021-09-07,3902.12,3947.15,3620.0,3677.56,443886.4176,3691.4045000000006,3717.7045999999996,3743.79575,42.76094419945376,-13.837780968644893,-14.465089761333479,17.2607975544346,46.14176515800717,3740.502708714835,3642.306291285166
ETH,2021-09-08,3441.76,3541.64,3215.16,3402.71,492601.9618,3409.6345,3399.5506,3413.89175,47.02763533869587,1.402618130011433,3.272078483878969,7.568974319376917,25.602811026972113,3421.7074871615014,3397.561512838499
ETH,2021-09-09,3483.24,3567.06,3390.4,3527.07,408582.7216,3531.6604999999995,3530.2894,3499.5454499999996,45.7081911253225,-2.0946054822611586,-1.2281757496188117,6.050301700807294,11.658550832180518,3543.3861871440304,3519.9348128559686
ETH,2021-09-10,3461.75,3514.11,3236.9,3250.66,335001.5001,3270.8195,3299.9786,3356.05115,35.20914696571945,-14.169619650809182,-14.277959705621532,14.584854623167887,46.407112611130835,3310.2877649605243,3231.351235039476
ETH,2021-09-11,3259.87,3348.37,3211.59,3333.66,252166.6607,3334.557,3326.633,3314.6572,52.04352762053222,2.44479249789174,3.1714978097415596,4.873786627826342,24.329185531703153,3346.3104745501428,3322.803525449857
ETH,2021-09-12,3238.07,3474.16,3231.1,3434.21,234247.3767,3434.0294999999996,3431.6201999999994,3434.09825,52.30171994113493,-0.01950520704031078,0.1259065583826854,3.6229446569795676,9.749626105486804,3438.8553987770083,3429.203601222991
ETH,2021-09-13,3344.95,3388.22,3108.49,3183.86,458940.7317,3159.8185000000003,3210.1456,3234.4676999999997,52.21708597920795,-5.441081163004128,-12.6925331770475,20.6421257391208,27.908672665479223,3196.747991886601,3122.8890081133995
ETH,2021-09-14,3324.64,3368.49,3271.91,3330.56,193388.8726,3329.1169999999997,3332.42,3335.82365,50.760256826556926,-1.0224440702463653,-1.8427842513864783,4.728496069705006,12.101707321541735,3337.013981955301,3321.2200180446985
ETH,2021-09-15,3407.77,3446.81,3357.78,3422.83,188908.3634,3430.571,3434.5146000000004,3420.0404,31.7317666416059,-2.63031051591679,-1.6195090484432355,3.8244969094973147,17.80677805218366,3437.724507950781,3423.4174920492187
ETH,2021-09-16,3601.78,3676.28,3524.76,3574.66,278657.7004,3569.8375,3567.8212,3608.5281499999996,53.24728803120559,1.8907956583084342,1.091904150712763,8.008648642585351,21.75597594388167,3585.179911642094,3554.4950883579063
ETH,2021-09-17,3553.19,3594.17,3404.0,3466.47,229665.343,3471.19,3465.8907999999997,3450.28755,47.06549758711678,-0.6918591913640739,0.680317132819986,4.389196801171678,19.768795585717292,3480.9192404635924,3461.4607595364077
ETH,2021-09-18,3411.48,3541.96,3402.62,3475.99,175188.4186,3481.9985,3481.7344,3497.9304500000003,41.77182271903442,-1.2966507330129389,-0.4054136290255449,4.3921617289652675,18.32217536015731,3488.560052484046,3475.436947515954
ETH,2021-09-19,3390.9,3456.53,3302.0,3360.48,172195.7054,3358.139,3355.8922000000002,3348.6110000000003,56.34539658625404,0.9816718105653308,0.8270654684123959,2.8488167267304463,13.326979792150814,3361.8188690192164,3354.459130980784
ETH,2021-09-20,3300.91,3318.61,2913.39,3067.35,602712.11309,3064.6165,3071.9154,3040.8245499999994,50.85871075515293,-0.869200420380821,-0.9139413618668405,7.1568795018182465,15.184163727405625,3077.8598323221563,3051.373167677844
ETH,2021-09-21,2899.8,3105.83,2891.81,3003.02,339815.05096,3008.7335,3014.4701999999997,3040.6004000000003,43.337164354720336,-2.0534522992634265,-2.0293689649841333,6.855610524742762,29.57000553672626,3017.3626674568627,3000.104332543137
ETH,2021-09-22,2841.29,2975.01,2827.14,2945.05,320867.08665,2946.3900000000003,2948.3472,2924.32445,46.24828956516956,-0.39108959118948405,-0.27706948546269183,4.9475261648924125,9.708569435023067,2952.25491602634,2940.5250839736605
ETH,2021-09-23,3046.82,3149.0,3038.41,3136.12,263070.4659,3130.0775000000003,3120.6438,3084.5235000000002,65.85431885607346,3.6391692225461156,3.7182186426810473,4.546783985857299,39.8914144941461,3135.0398578063273,3125.1151421936734
ETH,2021-09-24,3124.11,3128.26,2733.0,2925.77,710986.4063,2907.7075,2890.47,2832.86555,62.741574979887766,11.212596940350522,9.920055708139497,11.084294235000321,36.85920867552025,2938.2327858298986,2877.1822141701014
ETH,2021-09-25,2928.0,2967.52,2801.57,2888.64,298141.4565,2881.6095,2896.5964000000004,2907.7719500000003,49.69231986912569,-1.8109878563827806,-3.3512982181464954,9.377266491006203,17.641472323731996,2901.371179559189,2861.847820440811
ETH,2021-09-26,2894.94,3030.0,2738.17,3002.95,490781.6871,3004.2225,3000.8122,2994.76695,51.13073437313563,0.010319717522634164,0.6894049613286882,4.883327276670476,17.28001590362715,3013.264667605155,2995.1803323948448
ETH,2021-09-27,3130.17,3164.94,3055.19,3070.3,259337.1927,3086.04,3077.3982,3078.90235,40.82011741226526,4.367369400921689,5.9818016954286035,9.840327234937948,31.964839917926724,3116.5357223229457,3055.544277677054
ETH,2021-09-28,2926.12,2970.82,2845.06,2866.37,300385.6621,2860.183,2887.1894,2913.7722999999996,47.75792712180828,-6.688354357504977,-9.106963409587177,8.62866975945351,31.7636326156909,2869.0831687623554,2851.2828312376446
ETH,2021-09-29,2856.67,2950.0,2830.44,2843.84,253412.2285,2847.9275000000002,2858.5908,2899.35735,39.057205297277235,-4.342687108273822,-4.701531717657991,5.438249874857331,31.99849751098656,2858.8729682403673,2836.982031759633
ETH,2021-09-30,2980.19,3048.42,2941.93,2969.32,301176.8233,2973.512,2973.6433999999995,2982.66755,44.53291467181446,-0.8944281230883462,-0.706617995122998,4.960855832096243,17.090958159432084,2979.801946263517,2967.2220537364833
ETH,2021-10-01,3009.18,3278.4,2969.07,3195.64,419498.8991,3206.9095,3211.2028000000005,3228.7650499999995,32.38761587982207,-2.598463819713288,-1.8242602662827718,4.89402625615693,21.80344751818748,3215.3315103893547,3198.4874896106458
ETH,2021-10-02,3333.61,3350.0,3257.0,3339.92,181583.3879,3326.097,3327.5694,3307.2745,65.3137486513068,1.235230262281675,-0.2541752299590072,5.645917036127604,17.065584537033743,3334.7072360012357,3317.4867639987647
ETH,2021-10-03,3376.22,3446.95,3364.28,3426.35,164587.1578,3427.2580000000003,3430.8871999999997,3420.5096000000003,45.41053692266537,-1.0843092748191339,-1.0598969320680294,3.0776154611982594,13.211537421120422,3430.3434341669295,3424.172565833071
ETH,2021-10-04,3381.63,3425.0,3294.38,3356.83,223819.6808,3388.844,3390.3608000000004,3352.5056,25.068502197216333,-6.513777832094547,-3.2456673514348258,7.389034842588986,24.697992862870176,3412.7152315559956,3364.9727684440045
ETH,2021-10-05,3403.2,3473.89,3365.09,3421.55,202904.9791,3439.428,3450.2010000000005,3448.10775,26.459881579955898,-6.195114536882102,-4.735818129776483,5.165791713815203,30.90657596439939,3453.866743158694,3424.9892568413056
ETH,2021-10-06,3503.72,3628.59,3342.0,3577.25,395587.1066,3573.1184999999996,3571.7922000000003,3481.62115,55.81205381003461,2.0119500140458513,1.6770814309582618,6.582767122898405,8.733851885563336,3580.0620445560508,3566.1749554439484
ETH,2021-10-07,3536.46,3642.29,3470.8,3556.64,298291.4706,3595.8305,3612.0264,3582.7357500000003,31.442768020855354,-17.65142475797802,-11.149418657306132,12.362943729277404,39.82890930150039,3650.9452731465917,3540.7157268534083
ETH,2021-10-08,3600.15,3695.0,3547.09,3638.46,248433.2161,3622.1244999999994,3610.7873999999997,3609.6213000000002,74.52100968014925,7.793207739219724,6.05497739072614,5.24150676706203,35.53520425451866,3641.642876443756,3602.606123556243
ETH,2021-10-09,3569.64,3635.0,3543.85,3621.39,187635.6868,3616.0049999999997,3619.0461999999998,3608.8706,59.85170504210379,0.5885977654479575,-0.22556871257315744,3.103788201808186,14.85995395024536,3622.4160950702176,3609.5939049297817
ETH,2021-10-10,3544.61,3604.0,3480.0,3553.82,323420.9094,3562.932,3558.197,3552.4528499999997,37.574991906332706,-1.5879646901198612,0.08831183008644566,3.881149123786436,26.003958357994104,3574.5990640694176,3551.264935930582
ETH,2021-10-11,3457.6,3623.8,3450.0,3590.31,284790.2293,3585.458,3584.5478,3574.5589,57.19616479490741,3.0842516862317098,2.1064039964953563,4.800740478984548,22.454564913216338,3598.1143527127624,3572.8016472872378
ETH,2021-10-12,3499.5,3547.11,3403.21,3518.69,247174.2415,3528.0474999999997,3521.7132,3465.0363500000003,43.73284632671295,-2.0772828896833744,0.006772450805494934,7.148235917945106,26.112764978633475,3545.782046935343,3510.3129530646565
ETH,2021-10-13,3522.22,3525.46,3412.7,3482.04,213273.5424,3459.9105000000004,3441.236,3456.4242,66.40903620689383,14.980307700758203,12.263219694345398,9.290456112837843,44.00958713163306,3507.34739132942,3412.4736086705807
ETH,2021-10-14,3621.13,3806.0,3610.0,3790.81,278863.9338,3788.0895000000005,3783.44,3753.2803000000004,54.60818788117309,0.8291449420362369,1.2771798031462636,5.682745314226782,19.577561845411008,3793.810319784039,3782.368680215962
ETH,2021-10-15,3742.9,3859.6,3734.1,3804.87,297754.74,3808.326,3812.798,3791.0511000000006,45.90168846390543,-3.1848855386833748,-2.9587140298698116,5.064801572958038,15.643265052257387,3823.7955887470175,3792.8564112529825
ETH,2021-10-16,3852.48,3971.0,3823.04,3909.39,249246.631,3916.404,3915.1371999999997,3923.1501499999995,36.68164000321056,-1.460429452145945,-0.4715380755556631,2.876706034945616,21.402339579581025,3924.0985705532044,3908.7094294467956
ETH,2021-10-17,3853.42,3919.19,3835.54,3845.7,140030.6335,3849.3785000000003,3852.7398,3858.0925,40.27091841930343,-1.5571078330140153,-1.7744905203747956,2.7806671025978815,15.177350762091969,3857.4963156544654,3841.260684345535
ETH,2021-10-18,3870.32,3893.14,3676.0,3791.05,253409.4065,3798.7309999999998,3800.8168,3760.1922499999996,39.13422846191864,-2.3140802005577825,-0.7601486614559769,5.2118308030682385,17.319306011210248,3810.360680821099,3787.1013191789007
ETH,2021-10-19,3766.27,3860.0,3741.55,3767.49,192629.1188,3775.2980000000002,3798.47,3804.8724000000007,40.06527608824083,-9.815089021838503,-10.878249844130826,9.482017637111843,39.75249758566145,3809.9954204228643,3740.600579577136
ETH,2021-10-20,3880.95,4048.97,3828.05,4042.25,260210.21229,4026.1449999999995,4010.4165999999996,3932.5883499999995,68.84795777798426,12.008492814705278,10.942422456172856,7.500013434531016,37.55627273292081,4059.095465550516,3993.194534449483
ETH,2021-10-21,4234.01,4375.0,4075.31,4121.68,506664.98715,4134.741,4182.4426,4224.0109999999995,41.64608425869677,-21.396648495661793,-22.719893845153827,19.74216855576482,50.284877201332215,4190.400730110714,4079.081269889286
ETH,2021-10-22,4134.27,4167.41,3978.0,4010.37,223354.5958,4017.4555,4037.33,4100.628849999999,42.90212716472458,-8.827239103745342,-8.46899215374104,13.05266195437457,49.71754878439085,4037.262990981812,3997.648009018188
ETH,2021-10-23,3997.8,4057.47,3937.51,4025.67,159011.6846,4024.1005000000005,4026.6036,4033.03715,50.2824610541361,-0.37868917683999825,-0.5526325895823249,4.108294757363653,12.962053992676536,4030.84980655696,4017.3511934430408
ETH,2021-10-24,4124.94,4146.53,4002.39,4035.5,170085.7554,4036.6854999999996,4043.6641999999997,4043.0694,42.35906738477895,-2.336951424446397,-2.7806535203589693,4.3287918773459255,19.199780022012632,4042.711548374387,4030.6594516256123
ETH,2021-10-25,4133.17,4177.62,4105.41,4137.87,177096.97090000001,4141.557,4148.5014,4136.18365,40.726533274564744,-3.379580024688039,-3.2491994869914844,3.9578526909750344,28.101783925827448,4151.22154779079,4131.892452209209
ETH,2021-10-26,4232.85,4247.77,4133.35,4155.44,163132.2541,4157.9475,4163.2626,4191.13745,45.626581648387564,-0.5728848624657985,-0.9911746061473163,5.781950968239739,13.187310841766932,4165.370957078342,4150.524042921658
ETH,2021-10-27,4161.17,4307.0,3931.59,4022.5,506224.86,3997.4505,3994.2444,4003.5438,70.5059813884036,6.226264363291193,3.310584771332966,7.898290958283168,17.893831556502,4020.9762224966375,3973.9247775033623
ETH,2021-10-28,3962.86,4205.0,3946.4,4172.14,314637.1918,4168.642999999999,4176.8156,4165.4965,50.43777364359781,-1.0671296045547933,-2.273534734747928,4.225533631702462,17.580567013365624,4174.712998681906,4162.573001318092
ETH,2021-10-29,4390.0,4405.5,4278.7,4337.16,281652.38273,4339.289,4346.4032,4324.9044,46.10800231962627,-1.1326138283475302,-1.6579760428036139,6.315157435944412,14.476641223931312,4348.082720259385,4330.495279740615
ETH,2021-10-30,4376.61,4382.79,4252.0,4264.72,186703.6627,4278.393000000001,4297.678,4318.20805,34.147080729106186,-8.976805960482125,-8.442936098079715,8.809355626880158,47.656510796052295,4295.027986143493,4261.758013856509
ETH,2021-10-31,4372.33,4391.77,4164.35,4214.95,266054.7033,4225.6404999999995,4212.4968,4206.57215,43.964627019949255,1.488132946573387,3.6631806170281314,7.0045227886475665,19.44912379247556,4235.167840603998,4216.113159396001
ETH,2021-11-01,4283.43,4386.58,4146.3,4349.58,279606.5505,4346.5945,4338.6168,4348.35445,56.13145664002465,2.8849870436943092,2.8563036053211612,4.8465671780415,12.778903608453627,4353.746815639347,4339.442184360653
ETH,2021-11-02,4312.39,4514.56,4298.51,4492.14,270352.08789,4495.57,4486.1676,4466.36935,48.98296805239682,2.459483996918607,3.1393711535725277,8.646509797832575,22.6260674206008,4503.7362965911325,4487.403703408867
ETH,2021-11-03,4581.02,4620.45,4455.0,4525.7,223404.2542,4529.022,4516.3982,4513.9026,53.346719580380224,3.720768730711825,5.106107180309355,4.3147649625467785,23.526925675161788,4536.409493756221,4521.634506243779
ETH,2021-11-04,4572.01,4592.83,4459.21,4499.6,211809.4818,4485.5365,4504.94,4530.37105,54.1493245867857,-1.1262265995719645,-3.793834125271383,9.033063391495913,25.880409705581247,4510.949234032435,4460.123765967565
ETH,2021-11-05,4521.83,4570.05,4450.72,4469.02,184479.2592,4471.571,4474.446599999999,4496.99805,43.25293249466034,0.8041563483375285,0.8657896192549479,5.108283556004034,23.78675404732663,4489.7655793026115,4453.376420697388
ETH,2021-11-06,4486.22,4515.0,4326.17,4391.87,187837.1427,4396.7,4400.156800000001,4381.8859999999995,37.669487721198024,-2.5252327081543626,-1.9862848311807975,3.045837707291082,21.422672198438217,4405.61897303444,4387.781026965559
ETH,2021-11-07,4539.01,4626.02,4518.61,4584.9,135928.5768,4585.918,4596.5736,4603.9550500000005,41.200758024091,-3.808346987506411,-4.776680071246124,4.109292010574051,33.643223369097065,4598.50639084211,4573.3296091578895
ETH,2021-11-08,4702.23,4764.64,4696.58,4760.86,189615.05996,4744.977000000001,4730.759599999999,4730.34015,81.76375105475996,8.124242010141643,6.7752280241573155,4.847119266774646,52.82987312047972,4764.023362487437,4725.930637512564
ETH,2021-11-09,4794.23,4838.28,4753.46,4798.15,178549.30578,4806.2955,4797.96,4797.75325,45.4969767826099,2.1379504797932896,3.0256857492230256,8.120270988104116,20.515651919970736,4816.673830260752,4795.9171697392485
ETH,2021-11-10,4739.24,4868.0,4677.91,4842.2,198885.47953,4841.271500000001,4843.1628,4787.1053999999995,51.487997155190854,-1.5015494665276492,-1.6376624673491564,4.70122159751551,13.486250968956439,4851.457506627571,4831.08549337243
ETH,2021-11-11,4593.38,4760.56,4580.8,4727.87,185063.0451,4721.8150000000005,4732.6276,4711.75245,53.17080407754474,-3.7327577561527505,-4.967123723132209,6.333409954309905,25.98658961808291,4735.879851936528,4707.750148063473
ETH,2021-11-12,4795.82,4799.9,4540.0,4576.11,262385.691,4573.62,4578.5026,4589.907749999999,50.87651485876532,0.03910734633791435,-0.5134228567583583,7.558247653218547,14.489631808940437,4587.296800795692,4559.943199204307
ETH,2021-11-13,4635.0,4698.0,4584.08,4690.55,119023.5337,4679.0055,4674.5644,4639.48195,65.27187297780664,4.775550821934303,3.586487915992795,4.612586615735402,25.98783399270478,4698.023324770632,4659.9876752293685
ETH,2021-11-14,4661.86,4662.21,4567.02,4587.96,110918.6234,4589.924499999999,4588.3462,4604.1588,48.66420938807916,0.02938143222945655,0.18976289236145144,3.2603294417462267,12.881318728376602,4595.003907347617,4584.845092652381
ETH,2021-11-15,4702.61,4772.01,4632.85,4649.9,207965.3057,4654.908,4660.6482,4708.112099999999,40.56074497429535,-1.443747975322367,-1.4760940291691802,5.130354133642307,26.914755713081902,4662.8360378403895,4646.979962159611
ETH,2021-11-16,4391.86,4397.07,4103.0,4292.69,454080.8768,4298.4525,4308.383,4285.901,39.585504700384156,-4.24263632938073,-4.312418077087226,5.76062131156654,15.596883410892318,4309.16062938825,4287.744370611751
ETH,2021-11-17,4141.7,4262.0,4063.48,4166.2,289606.2196,4155.3955000000005,4168.0774,4215.2426000000005,55.72348587504044,-3.205092060313291,-5.578808544804264,7.367855087925931,26.2685763698727,4168.280734146159,4142.510265853842
ETH,2021-11-18,4305.2,4344.81,4050.01,4133.63,273638.4955,4109.6925,4125.326,4162.7132,56.3606682264062,5.85401341733359,0.8986393068478913,16.403548960517547,25.936312283251354,4164.247006642451,4055.1379933575495
ETH,2021-11-19,4059.11,4238.5,3978.15,4218.38,249859.3421,4214.718500000001,4219.060399999999,4190.119650000001,54.87255720422774,-1.0140793994405612,-1.633347197838482,5.69508571032293,16.085706306975954,4225.062940584972,4204.3740594150295
ETH,2021-11-20,4330.76,4334.12,4224.07,4239.69,146202.6787,4253.156,4259.9644,4295.37425,39.16401466323468,-3.182236160557295,-2.5894258014174696,7.538242424309228,37.47573971625839,4265.3279618794995,4240.9840381205
ETH,2021-11-21,4369.0,4387.34,4303.07,4366.12,156174.7778,4354.513000000001,4342.249,4330.1688,70.34178244838077,7.064870668506046,6.518736125492444,5.373715792793921,35.177966075112124,4372.200984735458,4336.825015264543
ETH,2021-11-22,4191.8,4320.0,4094.73,4236.79,273325.2461,4235.456,4237.8766,4226.0248,50.71606238888349,-1.3178057204386278,-1.5234679282528658,6.10939449982622,9.699327557286638,4240.996384102325,4229.915615897676
ETH,2021-11-23,4117.58,4329.37,4059.62,4284.8,304309.6146,4288.2215,4298.7326,4205.258400000001,46.00957025911084,-2.9399244622063634,-1.9512164107328536,9.143621627318371,21.837150981703466,4297.860249451566,4278.582750548433
ETH,2021-11-24,4278.3,4342.27,4167.65,4258.19,270756.4179,4226.211,4215.1086000000005,4243.6608,77.88859367432616,10.325943767698845,6.938716229837286,8.167349152775637,28.538592276351757,4254.974202116576,4197.447797883425
ETH,2021-11-25,4312.17,4500.0,4263.34,4464.04,257269.655,4465.402,4474.9928,4456.0921499999995,43.516271085418445,-2.6919115118535046,-3.042374666920876,5.048797757893356,17.753552818512876,4471.693443715242,4459.110556284758
ETH,2021-11-26,4485.32,4501.81,3913.0,4073.04,563061.6168,4066.2699999999995,4076.1226,4064.47005,53.598638597911524,-1.1213099959963984,-2.9588875793955984,7.605749625017637,14.957077100267561,4075.901033175385,4056.6389668246143
ETH,2021-11-27,4092.99,4183.66,4087.04,4132.8,151990.56220000001,4129.7755,4123.2948,4134.5264,56.05601899068613,2.2464945743922726,2.0978797298300087,4.60534385979036,14.631809915014902,4136.759288298535,4122.791711701465
ETH,2021-11-28,4042.71,4130.78,3976.75,4081.75,139159.8003,4068.778,4075.4962,4081.7143,66.51156108662477,0.8552176619923557,-1.2769482376496863,3.718636508809477,29.836592353101032,4079.060876251208,4058.4951237487917
ETH,2021-11-29,4327.88,4390.0,4276.89,4309.69,192195.6256,4317.428,4317.7856,4326.0942000000005,44.14183067556088,-3.08118933008609,-2.3047944354909267,6.508735391309565,14.999836661583904,4333.813710359897,4301.042289640102
ETH,2021-11-30,4483.04,4753.0,4346.36,4690.5,420236.4491,4707.242,4703.8826,4647.1245,41.12736819759879,-3.789098673872104,-0.16981155919869118,12.834367400088658,18.330516369577214,4729.604203470058,4684.879796529943
ETH,2021-12-01,4676.02,4778.75,4651.46,4717.81,290562.4578,4731.0245,4737.3366000000005,4709.052299999999,37.47239187281355,-2.620729512280377,-1.6374232310999908,7.25483786974944,11.99660163257616,4742.77131654773,4719.277683452271
ETH,2021-12-02,4578.82,4634.83,4451.0,4512.29,274023.2021,4553.1810000000005,4580.2932,4542.6835,23.246183623944848,-15.577754233215273,-11.418060829826748,11.64702878338328,47.77307557204123,4588.4650144542065,4517.896985545794
ETH,2021-12-03,4522.51,4654.88,4470.0,4514.13,240055.1661,4515.8865,4513.3214,4575.57975,48.18357250331227,1.0296081314063485,0.7965811863551903,7.009950750209359,20.545861887583616,4526.896759352048,4504.876240647951
ETH,2021-12-04,4157.37,4171.48,3503.68,4051.99,889504.9683,4041.8619999999996,4036.9256,3967.6519,58.53950163454107,4.528048815173861,3.7132359444971224,9.52579948153188,14.966375186951318,4056.3048218853683,4027.419178114631
ETH,2021-12-05,4085.05,4248.19,4031.39,4044.83,305359.3648,4066.594,4099.238600000001,4173.56905,33.74944905193075,-15.81202962046882,-15.23674405973198,12.963305800322857,43.71589617319159,4104.470341639367,4028.7176583606333
ETH,2021-12-06,4145.46,4195.78,3921.0,4074.44,426670.1514,4064.0809999999997,4040.7702000000004,4048.0238,64.85753987374491,8.536573324668552,9.115079406764599,9.13447852547697,31.64696266553535,4080.690709088576,4047.4712909114232
ETH,2021-12-07,4335.86,4425.0,4298.59,4397.86,246538.4546,4391.367,4394.2528,4366.43805,55.238247763630724,0.8105898536859968,-0.6393622014024936,7.4371611130274875,26.65852362490168,4405.9031770765505,4376.83082292345
ETH,2021-12-08,4326.74,4450.49,4222.95,4409.38,283861.32,4430.442499999999,4425.2708,4338.375349999999,35.236273447442976,-3.158204798973202,0.004548490433480823,8.278466530312182,22.844572293118656,4452.060103821703,4408.824896178296
ETH,2021-12-09,4405.19,4410.0,4137.91,4168.72,236905.5819,4172.3375,4210.2202,4270.80755,38.156792829394185,-12.926591077513876,-15.992456975796928,12.370015995470048,41.96066181356218,4198.181475603824,4146.493524396175
ETH,2021-12-10,4153.96,4231.08,3999.39,4047.88,292142.8103,4063.154,4054.699,4145.2111,40.603792419521,-5.020549391525492,-2.788821414818149,10.014602934964634,26.33441529030096,4084.9337111094483,4041.3742888905517
ETH,2021-12-11,3963.16,4086.9,3929.58,4047.12,244928.0567,4041.7684999999997,4035.9847999999997,4027.0133,62.35457482526485,3.713899276817756,3.324955365801145,5.160486465175513,27.8245607074307,4050.159312296682,4033.3776877033174
ETH,2021-12-12,4044.0,4063.47,3986.25,4029.41,118380.8956,4035.1175000000003,4038.3459999999995,4039.6532500000003,41.38140251931889,-2.471772441909252,-2.021346791193776,3.6756793047458385,14.134116298404756,4045.5586797705005,4024.6763202295
ETH,2021-12-13,3986.64,4046.99,3838.18,3859.77,197423.8705,3858.0875,3884.6268000000005,3947.5313999999994,45.74334899694531,-6.945510115664547,-9.68592430230031,10.3508021214452,40.2042598999825,3875.649482661045,3840.525517338955
ETH,2021-12-14,3770.16,3865.09,3685.0,3823.3,235183.45,3823.6475,3813.2268,3810.2435000000005,54.92304701676861,3.726156360141431,4.8173576125800395,6.502113072932922,17.910741248015313,3840.436677317622,3806.858322682378
ETH,2021-12-15,3825.39,3900.0,3704.0,3727.37,179887.9605,3724.3345,3746.5198,3802.37495,46.917011290330684,-5.884805783397951,-7.649158709157747,8.748428082196451,38.30371296868245,3738.279327679056,3710.3896723209436
ETH,2021-12-16,4032.62,4096.0,3978.46,4084.17,177520.7994,4077.4535000000005,4066.3269999999993,4058.34255,57.894288723265426,6.441873120267246,6.132038440930327,6.779265497059461,41.09009247906711,4097.632393205541,4057.2746067944595
ETH,2021-12-17,3954.97,3988.69,3700.0,3796.9,278245.6414,3772.9485,3750.0447999999997,3791.8892499999997,71.02325716248596,14.428289972821858,12.253208838398377,10.70950000242898,30.739362172633193,3810.716969534768,3735.180030465232
ETH,2021-12-18,3808.67,3994.68,3778.62,3958.97,204225.9361,3961.9735,3963.788,3955.5022500000005,46.024336490123865,-2.2965505139072775,-2.117416719192886,3.960997116351302,22.24378937262702,3975.783179612639,3948.1638203873613
ETH,2021-12-19,3909.87,4032.43,3897.6,3927.48,207602.4567,3934.075,3935.1182,3939.2012999999993,39.69896690031121,-0.9110448787978385,-0.11442742451716134,4.425757500333848,17.503531611946695,3942.9946087357316,3925.155391264268
ETH,2021-12-20,3926.46,3940.86,3753.0,3817.26,198894.9985,3825.6665000000003,3823.7595999999994,3796.58435,42.12616025306281,-1.9715577818660677,-0.6478805703492361,6.80268201105292,14.743535551523467,3839.2525241058243,3812.0804758941763
ETH,2021-12-21,3922.27,4063.0,3913.21,3967.6,229672.6248,3983.4075,3992.87,4009.4842,33.128648712063644,-8.6476968057882,-6.933916382387759,6.758283596641518,33.14084387435464,4010.2742779050513,3956.5407220949483
ETH,2021-12-22,4049.61,4074.87,3933.4,3999.78,193903.1024,3994.172,3995.844,3976.6641499999996,58.40642186755638,1.3898981888009985,0.16731597156527858,4.242157940052528,14.842323169277757,4003.7473696532757,3984.5966303467244
ETH,2021-12-23,3989.36,3997.55,3893.23,3949.13,140073.1261,3953.3224999999998,3946.2048,3947.5068500000007,46.6691886792999,0.505072717686744,1.733136346297692,2.949072226935287,25.086787962997057,3958.719168879965,3947.9258311200347
ETH,2021-12-24,4114.22,4118.05,4048.22,4082.25,111677.147,4079.8395000000005,4078.5310000000004,4087.19355,53.579663147032804,1.441670785711267,1.1835242638392836,4.396777965286216,16.63355117966145,4088.1104382175945,4071.5685617824065
ETH,2021-12-25,4052.79,4104.08,4019.02,4075.49,99758.2296,4070.3934999999997,4068.4934000000003,4073.0359999999996,66.73345274816975,2.4600222248614045,1.9214013933632021,2.250042165891602,29.4823013065385,4079.604198724836,4061.1828012751635
ETH,2021-12-26,4086.76,4087.28,4000.0,4059.29,116899.8944,4060.7410000000004,4055.0124,4045.212,52.65532326061288,1.170287867688785,1.7937256399740222,3.03620684481427,25.41637293772912,4066.4398065416935,4055.0421934583073
ETH,2021-12-27,4071.85,4115.0,4031.8,4089.74,122701.8063,4095.6055,4098.3344,4088.8646499999995,37.8948305543498,-2.01133818962262,-1.3972511583059108,3.167160934497099,26.004494264208795,4101.891231381307,4089.3197686186936
ETH,2021-12-28,3976.92,3983.94,3850.14,3912.26,177349.943,3911.0615000000007,3910.0632,3911.1315499999996,51.90982993753411,1.7711500129153137,1.636077189319843,4.05719072992431,13.377537744931008,3919.5530635192754,3902.569936480726
ETH,2021-12-29,3818.07,3827.78,3696.65,3781.03,168509.403,3784.3154999999997,3783.873,3751.70785,45.752664888648034,0.6487923495183168,0.8485113619993694,4.553031670551886,13.034094574176557,3789.92331410172,3778.7076858982796
ETH,2021-12-30,3631.73,3750.0,3625.18,3716.77,133992.0527,3721.5755000000004,3718.5494,3726.37875,43.07344600666349,-0.9058609076782886,0.1280012893563891,3.317921026815463,15.892351879026085,3728.7753068723882,3714.3756931276125
ETH,2021-12-31,3717.3,3815.0,3687.0,3788.02,145941.6899,3793.8115,3794.782,3793.2276999999995,39.55335839683516,-1.702619136744488,-1.2477180939409065,3.356462683408029,14.04815538843521,3802.609007090062,3785.0139929099378
ETH,2022-01-01,3734.42,3765.27,3673.46,3740.74,81827.36,3719.9590000000003,3710.3192,3710.2484500000005,75.28969864055777,8.847455773347065,6.314633587753955,5.073128433294001,43.65511649960263,3745.670787102433,3694.2472128975674
ETH,2022-01-02,3749.26,3770.0,3717.3,3763.92,62729.3984,3763.108,3760.2168,3752.0233500000004,56.23433691992153,0.12301314601336344,0.37476239697924046,2.2084415048866157,18.284170935615197,3767.013942139837,3759.202057860163
ETH,2022-01-03,3792.41,3853.09,3775.7,3805.61,113150.7264,3807.3965,3806.7188,3820.50395,47.09994793538457,-0.9812544964597691,-0.7494670986923803,3.744979465943687,15.49514861299413,3812.966815161597,3801.8261848384027
ETH,2022-01-04,3723.2,3900.73,3718.89,3859.97,156894.3134,3867.739,3874.9197999999997,3850.5359999999996,34.39192551596057,-2.673786181505875,-2.121756011039044,4.174605969403025,15.779907501233469,3874.1255543139446,3861.3524456860555
ETH,2022-01-05,3805.63,3848.0,3761.44,3809.99,112167.003,3815.3605,3815.8976000000002,3801.34995,40.76651604152513,-0.8993985341044208,0.06793774671754393,4.3317318521965404,14.98366270721266,3822.4917256309727,3808.229274369027
ETH,2022-01-06,3510.23,3523.96,3300.0,3394.12,358048.765,3383.0885000000003,3383.9082,3379.0745499999994,62.696637995471,3.5164901052999085,1.91622143600233,6.048211696740218,14.96669975270609,3399.4546055538294,3366.722394446171
ETH,2022-01-07,3384.48,3386.52,3113.25,3146.75,459875.7172,3172.4905,3184.345,3207.9702999999995,25.68352116444256,-6.355186278362908,-3.8907458493003246,8.882770825499527,32.22702671762166,3191.219694830279,3153.761305169721
ETH,2022-01-08,3207.02,3250.0,3147.09,3158.96,142369.8845,3159.3810000000003,3166.2166,3190.9347,47.16417692461293,-2.500718993801911,-3.07025253134595,5.479725011947976,21.73809771218348,3167.2373576803698,3151.524642319631
ETH,2022-01-09,3126.26,3147.53,3072.71,3095.99,133065.6412,3094.696,3094.2336,3102.8407500000003,51.44585412051903,2.1185457505512204,1.7558396527894706,5.0557180733698655,20.462168869751256,3106.258868848218,3083.133131151782
ETH,2022-01-10,3149.31,3185.0,2928.83,3029.76,321379.2308,3011.8335,3008.0332,3020.23565,65.7770558837446,7.647268295673712,5.948131095570371,9.109699144532298,18.45074833887841,3036.3123457857537,2987.3546542142467
ETH,2022-01-11,3096.95,3158.56,3075.48,3125.3,168017.0442,3132.4579999999996,3130.2751999999996,3119.9924,44.3634300035144,-1.1533253414108913,0.24665797627382136,6.881317153778184,16.405033588590896,3142.4850426347502,3122.430957365249
ETH,2022-01-12,3236.18,3388.02,3206.2,3355.14,252988.9026,3369.869,3374.1692000000003,3345.0403,25.4355234283069,-4.632256274498559,-2.987757186857255,4.705121834267664,25.96547246409176,3384.440588657659,3355.297411342341
ETH,2022-01-13,3342.65,3410.0,3285.9,3303.84,184043.2906,3306.8855000000003,3343.4467999999997,3361.7614499999995,38.52454045515339,-11.980469716064817,-14.313179243422741,8.803242037319245,63.74654494117493,3323.687389744939,3290.0836102550616
ETH,2022-01-14,3252.39,3312.39,3188.0,3273.38,181395.2351,3281.4055,3277.4407999999994,3236.2284499999996,42.764113528218466,-0.6637000509363133,0.9279669734762859,5.362046643255248,18.231366611825113,3292.1795697509824,3270.6314302490173
ETH,2022-01-15,3310.88,3358.65,3261.0,3347.58,123059.5325,3344.1684999999998,3340.289,3309.1806,60.876599541355425,3.030902668589988,2.8558477015480372,3.048799900680924,36.3770392096333,3352.668980633483,3335.6680193665165
ETH,2022-01-16,3323.06,3362.58,3269.62,3350.02,135151.4538,3348.8275000000003,3348.5264,3333.0756000000006,51.247017455498806,0.809210786661879,0.883544247955892,3.391091898805524,14.75178850309842,3355.7631611075803,3341.8918388924203
ETH,2022-01-17,3317.41,3330.45,3221.0,3246.38,158014.1772,3244.0435,3243.7368,3260.3939499999997,55.394604823160535,-0.014010581726324745,-0.36511158845851815,4.075079173722478,17.499239293780544,3250.0873407492486,3237.999659250752
ETH,2022-01-18,3213.72,3219.72,3100.18,3126.41,175483.6415,3133.814,3127.7066000000004,3134.0737,41.51666639494214,0.20417957918743923,1.8500185003413627,5.3222344719898205,18.50895272515096,3144.59568892149,3123.03231107851
ETH,2022-01-19,3171.3,3171.62,3000.0,3131.71,216622.3373,3138.1715,3144.6462,3131.6267500000004,35.66628037061872,-3.161723894363604,-2.717674996617818,4.205349034654667,28.19577392669985,3145.653583333169,3130.6894166668308
ETH,2022-01-20,3117.72,3267.99,3112.9,3244.45,155343.4818,3249.776,3239.6128,3182.06135,47.031953974751666,1.8767170175178762,3.639332262608893,4.862851199518668,40.35535308792435,3257.5720000000438,3241.979999999956
ETH,2022-01-21,2914.09,2954.97,2730.39,2829.63,470762.7143,2809.2110000000002,2791.219,2789.6448499999997,65.10795571547949,13.478948997941643,11.183888375530001,10.12433237683531,40.55399717302054,2851.3422819173857,2767.079718082615
ETH,2022-01-22,2593.66,2616.93,2300.0,2398.71,706299.89603,2397.567,2410.0806,2455.31085,46.57500322864737,-3.015991431831935,-4.827953630029588,8.178596187620705,21.297050023658464,2409.9337847075967,2385.2002152924033
ETH,2022-01-23,2427.82,2556.78,2385.9,2429.84,342144.9228,2431.8360000000002,2430.0714,2471.6735,47.330505198214986,-0.6908109614801106,-0.544154959827551,3.794656069328183,10.053946462740887,2436.6704199239052,2427.0015800760953
ETH,2022-01-24,2449.79,2471.38,2159.0,2266.77,696771.01399,2238.2465,2213.8923999999997,2205.34905,70.85922971366726,16.891508845386852,14.12754263605628,12.483598269207276,41.435628003302156,2284.857741251447,2191.6352587485535
ETH,2022-01-25,2387.74,2469.12,2348.96,2419.99,301741.1631,2415.389,2402.015,2424.81085,55.67000221075257,3.481673090851473,4.421315403081198,8.757352904874354,23.05917302447478,2430.5357420919127,2400.2422579080876
ETH,2022-01-26,2454.69,2668.58,2443.85,2612.82,343723.65949,2618.4555,2633.5042,2599.55865,38.91851000694821,-5.35307275594414,-6.104899083188932,6.854818463634227,27.103967163262407,2637.112529211587,2599.798470788413
ETH,2022-01-27,2385.48,2521.0,2354.02,2476.38,283042.29720000003,2487.66,2495.8064,2480.0161000000003,35.26842059667388,-5.678704313980234,-5.176218972816487,6.49380075613306,30.5904306732966,2506.3948925804693,2468.9251074195304
ETH,2022-01-28,2367.15,2474.09,2357.88,2427.77,268529.7616,2421.25,2414.6488,2402.8174500000005,61.537658414049886,1.2385147791251256,0.7324318853108598,5.664924925626881,20.436652992633636,2435.2759659203807,2407.2240340796193
ETH,2022-01-29,2540.09,2607.69,2520.01,2536.49,219385.1108,2544.5435,2544.9519999999998,2573.7426,33.629608907203774,-1.8484868446898872,-1.160869061096573,4.129318791477639,24.451595373650974,2550.5233805172825,2538.563619482718
ETH,2022-01-30,2574.78,2640.0,2566.7,2614.82,139230.5208,2611.7115000000003,2606.0974,2610.12115,60.4069936056367,2.0365900792912726,2.3675680845377567,3.5223239129184574,19.523176081914414,2621.9579008803084,2601.4650991196922
ETH,2022-01-31,2512.33,2635.0,2476.07,2625.81,187346.807,2623.875,2603.713,2563.388,60.81860767770129,5.6100584305704615,6.705769480649801,6.406968804373381,39.89707366072953,2633.9358518528243,2613.8141481471757
ETH,2022-02-01,2695.93,2811.26,2693.0,2743.87,261303.75382,2753.83,2753.79,2777.44445,40.004263966687475,-2.2885186117291596,-1.2716961960895676,6.382642527338406,16.41349375525601,2765.6651561037243,2741.9948438962756
ETH,2022-02-02,2766.01,2810.88,2652.92,2668.28,210512.339,2671.117,2681.2340000000004,2753.41775,44.7020491080935,-6.004961353365161,-6.1654512798539844,7.211098673012782,32.490433726041665,2686.215951089347,2656.0180489106533
ETH,2022-02-03,2684.77,2691.95,2576.05,2636.01,233978.2303,2637.1385,2623.8682,2612.0953,55.91207741098647,2.6426878914371628,3.67648362238272,5.458340653830327,28.921929704155936,2644.158674570519,2630.118325429481
ETH,2022-02-04,2682.91,2928.0,2675.48,2900.49,423683.3529,2895.652,2865.5632,2827.94635,58.52064916970202,9.702609375843167,11.53111073897721,11.081156650465575,43.127581396045244,2911.7755462607015,2879.5284537392986
ETH,2022-02-05,2990.48,3060.47,2980.0,3056.54,195168.3511,3048.3265,3035.6566000000003,3020.1052,67.40339507662583,6.0573425937564025,5.6993103955021365,5.3015704244373785,29.784167282121405,3061.582950920231,3035.0700490797694
ETH,2022-02-06,3023.69,3047.0,2950.21,2980.31,141462.789,2983.4305,2977.3206,3002.9093,46.32406679349893,2.4086038321656815,2.824603739474367,5.078005941206561,19.359138694640315,2996.143841771537,2970.7171582284627
ETH,2022-02-07,3023.94,3127.85,3021.05,3118.85,244385.1439,3111.2164999999995,3115.4584000000004,3091.7486,57.37370340795789,1.8017931664653588,0.4561180733083624,5.963537042444944,16.200456101476473,3123.5138627659826,3098.9191372340165
ETH,2022-02-08,3140.26,3232.87,3029.2,3060.04,334620.6253,3057.536,3059.83,3073.5308,52.88402266468047,-1.0993442111780496,-1.3966387877593012,7.250277164924294,26.05542834116905,3065.271307104433,3049.800692895567
ETH,2022-02-09,3070.0,3216.99,3055.0,3173.85,207117.60570000001,3176.98,3184.9018,3185.02815,40.79115924005912,-2.1120061460160287,-2.2126538116023036,4.308907364360141,22.981679348998277,3183.271594392912,3170.688405607088
ETH,2022-02-10,3223.63,3283.66,3085.5,3245.26,351466.5415,3227.0555,3205.9692,3188.72255,65.65622538038733,9.188805107029566,9.384393178348958,10.12092617899344,39.73445800888789,3248.183508401195,3205.927491598805
ETH,2022-02-11,3044.75,3138.62,3040.34,3109.8,191024.4597,3101.6794999999997,3102.4732,3109.3675,59.05370001528517,1.7135185884994826,0.42239806827805004,6.403951601667555,7.196707326521602,3110.0732368913177,3093.2857631086817
ETH,2022-02-12,2953.63,2957.01,2858.3,2882.61,171303.4583,2874.2985,2878.3696,2897.7169,58.064806938775305,1.5000051087649808,-0.2172880317915697,5.786474220645201,15.463469790119152,2885.941934673749,2862.6550653262507
ETH,2022-02-13,2921.0,2954.4,2899.71,2931.7,113727.8201,2934.311,2933.0229999999997,2936.3672,44.40677474541088,0.5470786455375674,0.8711389489904664,3.5463135949510054,14.941314574197424,2940.8065366214514,2927.815463378549
ETH,2022-02-14,2857.54,2964.87,2835.41,2924.07,208140.8291,2929.567,2935.8546,2928.8221999999996,39.50701791065812,-4.212795827631908,-3.6308133006802894,4.572480503136063,27.159985250503244,2940.79690133547,2918.33709866453
ETH,2022-02-15,3020.2,3149.0,3007.4,3114.01,252008.7439,3111.3925,3115.272,3113.5806999999995,51.13659388216803,-0.16722744649041488,-0.856654735555436,3.9418383972380044,13.067281153099282,3118.1175542749793,3104.6674457250206
ETH,2022-02-16,3140.82,3174.6,3051.28,3069.18,162415.8948,3065.9565000000002,3065.7378000000003,3089.1045999999997,55.713681738418146,0.19995038606111848,-0.15651765793266692,3.7814825662273077,12.400463125937804,3071.2347924320434,3060.678207567957
ETH,2022-02-17,3139.38,3140.13,2961.31,2989.08,264100.1766,2980.0099999999998,2981.385,3019.4111500000004,57.50436336022931,-0.31688789041436394,-1.0525273965072859,5.9932071984967745,25.82391788558391,2989.5463598924857,2970.473640107514
ETH,2022-02-18,2912.28,2943.97,2800.0,2815.24,229844.4006,2825.3445,2836.8496,2874.1892500000004,40.76308272462519,-7.495549941507306,-7.028844955705857,7.863937241792707,17.379954531622936,2848.6120039272246,2802.0769960727757
ETH,2022-02-19,2815.72,2827.53,2694.45,2742.96,175008.7995,2742.074,2735.1698000000006,2728.5912,57.4028604354615,2.2065675444059707,2.629616494278138,2.9274854302034417,13.478337576129444,2745.053076366527,2739.094923633473
ETH,2022-02-20,2739.34,2742.31,2600.0,2645.46,243368.9874,2635.505,2630.8520000000003,2630.3381,69.25485777256753,3.5289723177615997,2.191653016936419,3.549528381996351,21.523821704200035,2646.642971987829,2624.3670280121714
ETH,2022-02-21,2717.03,2759.51,2580.3,2737.63,389160.7478,2726.188,2721.5218,2651.9169500000003,63.300620705374776,2.4754349254590124,1.7057539492040092,6.825041891404201,18.867059991007427,2739.111551524107,2713.264448475893
ETH,2022-02-22,2583.65,2665.74,2500.0,2632.79,435719.8418,2644.347,2641.3408,2608.3649,39.858178619192024,-0.6848607258925767,1.1053151604265345,6.585616176098253,19.65368710452808,2654.7785101494974,2633.915489850503
ETH,2022-02-23,2638.73,2753.55,2597.38,2695.34,280413.8936,2693.6535,2700.2834,2725.2673,48.407436585507384,-1.6565120051250233,-2.776747711809902,4.5073167741401345,28.228856628822506,2700.89582635282,2686.4111736471796
ETH,2022-02-24,2570.53,2576.52,2300.0,2434.31,924769.4651,2444.62,2442.1068,2397.92025,43.436554109920934,-2.395977210073852,-0.5673815169720369,8.950640345066793,17.104511353031782,2465.01476599532,2424.22523400468
ETH,2022-02-25,2626.52,2734.06,2571.72,2697.6,384467.0047,2702.3465000000006,2689.9588,2697.4745500000004,49.46400745798661,2.7231288427906293,4.198336358881512,6.036321008189215,22.968674477854538,2710.2135458878092,2694.479454112192
ETH,2022-02-26,2817.88,2821.86,2727.5,2803.09,212716.1417,2792.478,2786.7513999999996,2773.12435,72.05616029101712,4.3428032228603115,3.119316428271751,4.465625229738595,44.93219068397597,2803.445866884668,2781.5101331153323
ETH,2022-02-27,2713.08,2836.33,2689.66,2791.25,260704.7343,2800.5265,2776.7733999999996,2787.9446000000003,48.24956833724061,5.771243852853331,8.767281967862356,7.1360509727849575,38.40991232304936,2825.270295404219,2775.782704595781
ETH,2022-02-28,2640.17,2818.0,2568.62,2807.76,377139.6982,2801.8650000000002,2770.8356,2678.7242000000006,64.63378583236704,11.219310831422263,12.170667983747448,8.25657553569079,49.515777867757166,2815.85344165677,2787.8765583432305
ETH,2022-03-01,2919.26,3037.94,2854.09,2961.01,426453.8169,2969.1035,2971.0894,2979.0196,40.84464248381031,-3.583589357474466,-2.747143897189495,6.728290528148334,20.414621493851715,2981.878449354085,2956.328550645915
ETH,2022-03-02,2917.91,3043.91,2915.0,2969.08,442078.6234,2968.7949999999996,2981.8919999999994,2968.9666500000003,48.65112830502761,-1.6383461216360047,-2.6950679794677015,11.153210888403358,18.074425628696286,2984.421987553587,2953.1680124464124
ETH,2022-03-03,2929.59,2935.93,2824.76,2833.31,242191.2088,2843.3975,2862.7416,2904.192,35.86825891575492,-8.187347329632757,-8.040571408113285,7.287861813271117,58.62336231105562,2857.235900016257,2829.559099983743
ETH,2022-03-04,2721.77,2759.24,2660.0,2679.36,260640.8498,2680.071,2683.9668,2711.2014499999996,46.99645473214775,-0.4442171174578107,-1.0696959814312588,6.081474781624038,13.130060733925497,2688.1633047394575,2671.9786952605423
ETH,2022-03-05,2618.72,2672.23,2606.21,2639.54,160935.1974,2642.371,2643.2414000000003,2646.3378500000003,42.442187303795514,-1.1546392481118346,-0.7058278862758883,2.235328006442805,26.521591508221626,2648.919388809525,2635.822611190475
ETH,2022-03-06,2662.18,2667.12,2590.0,2624.69,181605.6362,2620.0625,2622.0806,2626.83985,57.536162778020675,0.9765908315430352,0.024374949227382314,2.7520248480180447,16.463993086606383,2627.188791812888,2612.936208187112
ETH,2022-03-07,2548.5,2649.0,2491.0,2613.61,301458.0512,2605.6715,2610.0886,2600.43275,57.432094508927754,1.4150256860739319,-0.0988646330118303,4.825632500296488,28.048481889895633,2619.3163279945293,2592.0266720054706
ETH,2022-03-08,2531.89,2609.04,2495.58,2541.22,320425.3623,2554.682,2564.909,2575.3458,35.5531075986157,-8.440306734010846,-6.85084889195218,6.509103572615055,28.442760239101986,2579.3781645605022,2529.9858354394974
ETH,2022-03-09,2614.67,2775.85,2612.37,2741.23,383122.6096,2739.674,2738.3089999999997,2738.05005,55.31513028202998,0.7586866605997784,0.6852531833021475,2.966304234619964,9.707641353073235,2742.902029740472,2736.445970259528
ETH,2022-03-10,2659.86,2673.43,2550.27,2588.6,389860.4392,2600.642,2598.4116,2593.74465,34.597679670023375,-3.871340543190854,-1.8750302133259795,4.347852050272604,36.729747751372976,2620.928693767042,2580.3553062329574
ETH,2022-03-11,2540.44,2676.78,2522.57,2588.18,317424.3761,2585.967,2592.7056,2624.69125,50.89273608710333,-1.753258247917529,-2.549524155728247,4.231587919641517,28.456693416060137,2594.3139757396975,2577.6200242603027
ETH,2022-03-12,2595.42,2600.32,2562.0,2572.27,100585.1031,2572.4139999999998,2571.7634,2581.11205,49.43118736520246,0.1819716481559226,0.26941786598862577,1.3677540411503977,16.70683267636572,2575.225372618452,2569.6026273815473
ETH,2022-03-13,2593.99,2596.75,2533.54,2580.09,162815.3484,2579.6205,2575.8078,2560.731,56.15134519780646,1.0371142063863772,1.3241271813864093,1.93693303424581,17.95321552200666,2581.6059921303086,2577.6350078696914
ETH,2022-03-14,2527.54,2609.6,2518.17,2574.85,220367.2254,2580.5405,2582.6072,2577.2891499999996,35.389219943271485,-2.126516549538337,-1.3597698927321464,2.7264912602730127,33.95932990488794,2586.8669064839955,2574.2140935160046
ETH,2022-03-15,2553.61,2584.01,2507.0,2580.92,195907.2469,2574.833,2566.6302,2548.4845,68.2990312303618,4.623202823753672,4.284219036843887,3.031367837715717,43.86618950843374,2585.4653940859685,2564.2006059140317
ETH,2022-03-16,2721.11,2724.38,2605.76,2701.0,294542.917,2712.142,2711.3844,2690.5096499999995,30.34649164225892,-1.832791235696277,-0.29843722018235685,3.2459962262267856,23.077391168351696,2720.3741992202617,2703.909800779738
ETH,2022-03-17,2764.79,2836.0,2746.42,2818.18,245361.0931,2814.207,2807.5194,2808.6960999999997,63.81000681993742,2.2177979602479354,2.3185650943538714,2.712931387032089,21.792065024516837,2819.235606566713,2809.1783934332866
ETH,2022-03-18,2779.75,2896.44,2770.26,2896.33,278984.4317,2878.9905000000003,2863.0148,2826.37365,74.68306707104902,7.351103296843576,6.124238778353599,5.366594396701179,38.39914612327366,2892.850493470409,2865.1305065295915
ETH,2022-03-19,2951.68,2977.86,2920.44,2966.78,171256.6988,2970.7825000000003,2965.3166,2959.7360000000003,46.897152863895705,1.198165089196209,2.2816901716230493,3.964597779934896,17.799199805313066,2977.1265204130864,2964.438479586914
ETH,2022-03-20,2932.8,2936.9,2846.8,2857.63,192846.1393,2855.9990000000003,2860.6981999999994,2875.9421,48.910250409330985,-1.3705605113518686,-2.084222102935811,2.823972693989017,28.224221851224698,2862.0777627030097,2849.9202372969908
ETH,2022-03-21,2863.37,2956.67,2829.81,2954.31,288795.0557,2948.1130000000003,2932.8557999999994,2917.5623499999997,64.047017127691,5.93448755634472,6.151053115265521,4.395479770461165,32.5915680678536,2957.228332358151,2938.9976676418496
ETH,2022-03-22,2938.18,3052.85,2935.05,3011.27,392249.13420000003,3013.0099999999998,3011.3017999999997,3008.5394,48.22278115909539,-0.9370940750618502,-0.6136439561800899,2.18120759682932,19.05118089355409,3020.152946170881,3005.8670538291185
ETH,2022-03-23,2969.4,3025.21,2920.65,3018.61,230716.8965,3011.1870000000004,3005.5935999999997,2974.5795500000004,63.72199574168101,4.221347343385787,3.1621799395665935,4.066411421697301,30.878210991618527,3021.958059558048,3000.415940441953
ETH,2022-03-24,3014.1,3121.47,2999.11,3116.29,331275.0013,3097.8795,3087.1558,3041.7037,74.37613835476073,7.971876807167064,6.428164701775678,6.7840167246952765,39.03060573723152,3117.843160461041,3077.915839538959
ETH,2022-03-25,3118.68,3193.28,3096.69,3133.01,288237.50059999997,3134.9035,3151.9978,3171.2902499999996,41.15476964049919,-4.903307117393979,-6.345385803354174,5.8382225125103515,44.34790459920573,3147.676936929777,3122.1300630702226
ETH,2022-03-26,3109.99,3139.0,3096.34,3125.22,106233.7706,3120.266,3117.6142,3116.59565,67.20695766679003,2.3392587690973414,1.7944393243040149,1.7311325543053573,28.775607127896695,3127.285810253817,3113.246189746183
ETH,2022-03-27,3165.25,3169.75,3126.02,3163.59,115959.872,3162.6730000000002,3152.7690000000002,3144.2975,57.34315322095869,3.83386490215662,4.391853599445066,3.1252515247542068,41.97599441145907,3173.5694197790335,3151.776580220967
ETH,2022-03-28,3301.18,3389.87,3287.46,3371.09,254572.4051,3367.839,3371.673,3353.9686000000006,52.34209802880906,0.5766140095402079,0.27305277611889744,3.7265870745653276,16.088932929600837,3377.981488649334,3357.696511350666
ETH,2022-03-29,3368.0,3481.87,3362.06,3449.65,244917.3023,3447.772,3442.506,3454.9832,54.673461648257835,2.898461233382477,2.614071919897415,3.8677377187472883,22.225534992272504,3456.439697733394,3439.104302266606
ETH,2022-03-30,3373.94,3419.0,3331.84,3375.19,198902.9871,3370.7995,3368.6978,3389.6808,58.520917090722904,0.756400770482287,0.16094835729505394,3.849124072168238,15.41927832337605,3377.7672527940967,3363.8317472059034
ETH,2022-03-31,3406.5,3444.83,3335.6,3354.62,217821.4591,3350.0695,3362.4894,3400.7091000000005,50.19623221382017,-2.652885393347333,-4.457574918057137,7.184993682466182,22.89558009540138,3360.673154983084,3339.4658450169163
ETH,2022-04-01,3297.16,3392.34,3210.68,3386.0,309719.0502,3379.8885,3369.9112,3321.1848,58.87428362009217,4.490786560451397,4.431684071254157,4.699996189534092,30.27993173618428,3393.307677731604,3366.469322268396
ETH,2022-04-02,3479.96,3532.2,3445.0,3481.83,248212.489,3494.2329999999993,3499.4583999999995,3503.7322499999996,26.795489306555517,-4.072593680888076,-3.10630752627853,3.2226892968308434,32.47875780706024,3505.127163758573,3483.3388362414257
ETH,2022-04-03,3437.56,3512.73,3412.11,3486.23,183032.5714,3487.5395000000003,3492.3264,3492.1420999999996,42.87475598447882,-2.32952252538189,-2.3569694877969383,1.680348658205168,40.5036142066695,3493.375757276834,3481.7032427231666
ETH,2022-04-04,3493.2,3511.93,3447.64,3462.86,200522.7289,3465.013,3473.0,3473.8608499999996,42.98545342473119,-2.820103738501075,-3.1906060474338647,3.7726875936810695,18.074341371673317,3471.298933820467,3458.727066179533
ETH,2022-04-05,3509.88,3555.0,3439.95,3445.1,213247.7912,3449.483,3459.8234,3500.99825,40.64788528046404,-3.8510670068212676,-4.010093732312785,6.386003123114825,19.632510348336435,3456.1261260713945,3442.839873928606
ETH,2022-04-06,3341.94,3373.64,3229.13,3269.17,306944.8588,3257.6775000000002,3252.9256000000005,3294.5422500000004,61.59387369913215,4.371802576511982,3.0463142321452783,6.413051855411351,22.73480484964398,3275.08863077899,3240.2663692210103
ETH,2022-04-07,3168.63,3268.98,3158.22,3208.19,234477.7219,3209.653,3216.9288,3232.5322,43.94290799260891,-0.5781479173288062,-1.3776579886132003,4.766715261186294,15.317039006719709,3216.4610279082226,3202.844972091777
ETH,2022-04-08,3236.56,3314.02,3209.99,3278.53,278046.6625,3277.933,3256.1940000000004,3251.16495,58.6655103531034,6.920401936312373,8.83506360044604,5.6262057212835686,45.11874470436655,3294.6952219291084,3261.1707780708916
ETH,2022-04-09,3215.72,3234.39,3181.28,3218.89,116497.8198,3219.3105,3221.0424,3218.0208999999995,47.040123049877145,-0.05971990937814553,-0.08279275099956732,3.246133256309747,16.640714840374173,3226.806273409067,3211.814726590933
ETH,2022-04-10,3260.46,3268.0,3232.73,3251.66,76684.5779,3247.7705,3244.6346000000003,3246.58395,66.85333661092052,1.7383333028183188,1.5062962177088486,1.5030648734070804,26.84846505835582,3252.1732467562465,3243.3677532437537
ETH,2022-04-11,3212.52,3213.63,3012.97,3025.79,392012.219,3028.9309999999996,3038.1086000000005,3046.6694,41.54732719390571,-2.6458251160902364,-2.6599630848995046,5.138718350384083,20.806350329849398,3034.7778312785786,3023.0841687214206
ETH,2022-04-12,2984.62,3085.0,2950.0,3025.84,360676.2726,3026.0215,3038.4962,3047.7585000000004,45.20285838008522,-3.6478638963599224,-4.836881378274788,6.144209362859455,14.856264758231491,3039.5669690209693,3012.4760309790304
ETH,2022-04-13,3012.2,3099.51,2996.86,3071.54,235548.5883,3078.7,3078.7754,3036.8442,45.32814750043281,-2.6795193454213404,-1.523629686254611,5.99662767777199,30.769115129686448,3098.22380598132,3059.17619401868
ETH,2022-04-14,3121.43,3145.0,3030.95,3042.16,227190.88,3047.4845,3045.4474,3072.09245,44.00715981631072,-0.48738244335845593,0.32580695124087505,5.212892954806574,18.474604136895284,3056.590088338919,3038.378911661081
ETH,2022-04-15,3021.73,3046.9,2993.13,3004.91,146820.1808,3001.995,3006.2894,3019.7046,52.72838796573561,-1.5222805495081957,-2.2898128782215696,2.515862020553138,26.261479324921464,3008.392919974462,2995.5970800255377
ETH,2022-04-16,3047.53,3050.12,3027.71,3041.71,75749.6148,3040.931,3039.9647999999997,3041.1395499999994,54.552406083829524,0.5807131793944791,0.5408969892787585,1.0673331294732402,16.918203004801814,3044.1857497599467,3037.6762502400534
ETH,2022-04-17,3054.94,3083.0,3022.0,3070.88,102549.7327,3066.1955000000003,3065.1766,3053.5893,63.77728767370834,1.7723951445423154,1.2266003785338502,1.9636986235291485,18.735132557550994,3072.0241515592525,3060.366848440748
ETH,2022-04-18,2992.42,3002.39,2883.22,2926.16,271156.1118,2933.9385,2932.49,2929.7994,40.18538313686569,-2.2532972631797747,-0.7444351271295448,4.173033260166172,20.50911643430872,2943.9430954940017,2923.9339045059987
ETH,2022-04-19,3065.06,3126.29,3030.34,3112.34,201289.5294,3112.7805,3108.8053999999997,3069.83715,52.12717364235907,0.735255842753304,1.5298235126257416,3.4696108465307924,26.230934862015125,3115.967689828312,3109.593310171688
ETH,2022-04-20,3076.24,3166.5,3076.24,3105.57,236201.1647,3104.0510000000004,3102.775,3132.5338500000003,51.8283327925742,-0.03852229878111757,-0.6219243834139256,3.8700497614407827,16.085503434601936,3111.2824726025633,3096.8195273974375
ETH,2022-04-21,3082.88,3180.0,3066.66,3150.97,268141.7783,3150.5055,3152.118,3155.1806,48.266354046346756,-0.04705610120709025,-0.14661055736625075,3.04681838492244,17.863655014787046,3155.8696792474393,3145.141320752561
ETH,2022-04-22,2985.58,3034.32,2960.34,2973.3,251151.1392,2968.8905000000004,2981.959,2999.4323500000005,49.28323218534497,-2.2121905860690276,-3.9509334211049523,5.4673199746719074,26.28418075531884,2978.392500789299,2959.388499210702
ETH,2022-04-23,2956.59,2971.76,2913.89,2959.37,111156.4821,2958.0935,2961.0296,2961.2196500000005,50.721464696150186,-0.8644515626961038,-1.2360722025594715,1.3113137625779743,36.42200542132152,2961.2601024379032,2954.9268975620967
ETH,2022-04-24,2942.4,2960.0,2912.09,2922.43,86769.8969,2925.3415,2932.5654,2935.7392999999997,42.2224247901032,-4.034809813014817,-3.8313609047941917,2.883215480082267,45.10404270365298,2936.6328051061178,2914.0501948938822
ETH,2022-04-25,2854.12,2895.64,2797.01,2884.82,307785.1652,2872.5605,2865.6366,2859.9899,63.050577614238904,7.95168019955554,6.391657014578728,5.33168888142813,34.85772690020287,2902.157561661572,2842.963438338428
ETH,2022-04-26,3014.4,3020.83,2913.4,2915.07,205753.9014,2922.5425000000005,2933.9222000000004,2976.2716499999997,34.9670492574013,-3.974595718740602,-3.974648754216785,4.974951514982552,40.85647074731243,2930.2537304466505,2914.8312695533505
ETH,2022-04-27,2821.57,2919.87,2820.93,2845.43,289922.0734,2839.559,2861.2193999999995,2874.74435,50.594551266548265,-3.4574871637296383,-6.673703339822234,7.504009429895514,29.179095829230597,2856.1627042856044,2822.955295714396
ETH,2022-04-28,2887.97,2947.47,2853.83,2861.1,246982.4292,2865.3914999999997,2865.5522,2904.96265,43.35701162935888,-1.6518852534604775,-1.6238417955980178,4.226373292567827,15.707851493263167,2873.1476311878478,2857.6353688121517
ETH,2022-04-29,2938.85,2943.68,2832.07,2855.53,274824.338,2852.654,2865.1892,2859.7996499999995,48.82943186417596,-3.6453236660108814,-4.660370309258775,4.648867439960717,30.67486473139351,2860.9664879550805,2844.3415120449195
ETH,2022-04-30,2826.41,2841.63,2794.26,2801.16,145167.3403,2802.306,2811.2421999999997,2824.43075,42.116285707303334,-3.1679029013075706,-3.358079899086433,3.2883419042813014,50.19572184079516,2807.138388229494,2797.473611770506
ETH,2022-05-01,2736.15,2795.15,2725.4,2762.83,193085.1042,2762.1135000000004,2760.4048,2761.5403,53.72695116153102,0.07367031242119992,0.18240633109918383,1.9389821588564207,20.18844846889713,2764.8524580134085,2759.3745419865922
ETH,2022-05-02,2844.69,2874.59,2778.78,2837.99,270824.9115,2831.4345,2826.4260000000004,2809.66185,59.40974056188877,5.502863761800199,5.234238394473807,5.738976295722306,31.453527607747535,2854.3854777351917,2808.483522264808
ETH,2022-05-03,2834.07,2856.33,2815.31,2829.01,174008.2405,2831.764,2832.1283999999996,2836.8689,44.219987095904685,-0.06963614158985365,0.2605993448136117,3.078045981235567,13.250314135955227,2836.828762185851,2826.6992378141495
ETH,2022-05-04,2791.0,2888.75,2786.17,2842.65,240879.4057,2842.4739999999997,2842.0668,2859.1679,51.27675774147215,-0.46359766320483686,-0.4347226110593111,2.6968566519985915,16.067679170340025,2846.203779618374,2838.7442203816254
ETH,2022-05-05,2940.14,2952.44,2848.94,2853.32,191674.2591,2864.932,2879.3002,2914.6744,30.79601700230484,-6.563624485909713,-6.213646613196028,6.019014921689528,39.49089167949506,2875.4369237978667,2854.427076202133
ETH,2022-05-06,2733.1,2758.18,2632.95,2664.18,434204.2404,2672.2395,2671.2756,2678.2318,44.96740369769211,-4.837221982576921,-3.448291791241677,8.304987556080222,22.393255623156712,2697.8150668364083,2646.663933163592
ETH,2022-05-07,2689.83,2698.55,2653.33,2678.0,156254.6362,2677.4725000000003,2676.5602000000003,2683.23915,53.01081067236746,0.4962185886588486,0.560345320329856,1.3183951448799098,21.278361875035802,2680.06747880526,2674.8775211947404
ETH,2022-05-08,2612.73,2620.58,2512.85,2527.71,449906.465,2525.964,2529.8512,2553.3322,48.493476865256255,0.8450034177581074,-0.09151842301240357,4.390469910831909,21.634028089281998,2537.991263030443,2513.936736969557
ETH,2022-05-09,2528.22,2530.78,2362.41,2375.45,692644.2947,2389.6625,2400.7044,2399.6354,32.5086076218941,-4.299117561570711,-4.035135770741203,7.177691804205838,29.708791554671787,2399.9701163587356,2379.354883641264
ETH,2022-05-10,2307.55,2457.34,2297.89,2385.35,923185.1148,2400.7644999999998,2413.8454,2416.0549499999997,24.53962924733014,-8.059383472038462,-6.658626872989004,6.3636047542436,32.66253491971881,2419.3759958829287,2382.153004117071
ETH,2022-05-11,2347.93,2451.37,2129.0,2367.0,1282451.32023,2350.4985,2339.3458,2325.9139999999998,59.26213389264559,8.961406006432298,7.685044954035957,16.839657415887356,15.785199348873977,2369.447896059143,2331.549103940857
ETH,2022-05-12,2135.41,2144.89,1800.0,1974.79,1699096.16706,1960.9119999999998,1939.5320000000002,1948.6737,63.74306940269449,7.326201745126127,7.147765321626055,12.224297890948359,17.479601268693255,1974.5867454823065,1947.2372545176931
ETH,2022-05-13,2019.31,2147.54,1999.21,2140.3,718921.1045,2136.344,2130.2882,2111.2630000000004,57.37169297689775,4.061298712217194,3.884974238599241,6.546431953642567,31.38302809873857,2147.9357080709206,2124.7522919290795
ETH,2022-05-14,2056.29,2070.06,1951.21,1962.2,325562.1149,1963.9300000000003,1961.34,1975.4794,47.761890840095745,0.2997202169203774,0.729674314951388,2.9792203802085586,13.542927704403173,1968.57543216508,1959.2845678349206
ETH,2022-05-15,2040.35,2100.0,2000.68,2065.23,257193.9057,2061.7455,2064.865,2075.02515,55.49095347875248,-0.8233313308433026,-1.371075299021336,3.214182371291531,15.581066919832878,2067.192074978883,2056.298925021117
ETH,2022-05-16,2113.51,2115.62,1980.1,2015.77,517100.2052,2019.2625,2011.3724,2025.1073499999998,48.706288448452106,0.3156152136293713,1.4396472005782746,4.796732716000729,16.309849561830926,2026.9856104485486,2011.5393895514514
ETH,2022-05-17,2031.37,2122.42,2024.69,2064.99,288443.7812,2079.8685,2089.4126,2091.9767,24.591689403729845,-6.324620362450787,-5.3525492269354915,4.046779041021532,47.0936687883548,2097.8550841949123,2061.881915805088
ETH,2022-05-18,2084.76,2087.31,1981.69,1984.98,307414.1623,1992.7424999999998,1992.5402,2010.29665,35.932317300547666,-2.3980015409381394,-1.1387327984978421,3.328269947072701,27.001133302247702,2002.354277931134,1983.1307220688657
ETH,2022-05-19,1943.25,1990.72,1903.18,1976.13,429073.2418,1979.596,1972.384,1963.33845,48.23083856254131,0.5032235734222468,1.2663664588339334,4.546037802597684,15.733243732254275,1988.3576468770414,1970.8343531229586
ETH,2022-05-20,2008.4,2064.0,2001.1,2006.89,296930.8173,2014.252,2027.7022,2039.63025,31.572445785073935,-4.4092346082331915,-4.488242673205983,4.208266338385347,46.16616579647702,2021.114846639696,2007.389153360304
ETH,2022-05-21,1955.81,1988.48,1937.36,1964.33,128995.8595,1963.807,1967.092,1968.2331,47.11053677427201,-0.6921458197221,-0.9708531422464541,1.4259999968746013,25.015320043558518,1966.623679605496,1960.9903203945041
ETH,2022-05-22,1983.4,2037.8,1966.33,2020.99,198941.5946,2021.461,2021.4162,2023.3871,48.86223229674923,-0.24371960669805048,-0.002529665635973108,1.9265637321563795,19.338842925121778,2024.4499188678485,2018.4720811321515
ETH,2022-05-23,2032.12,2088.5,2019.5,2060.03,317629.5013,2057.0305,2055.475,2067.1709,53.651915571815074,2.4118326403327046,1.916464304353669,4.760925973864686,21.446230950935476,2067.704116959583,2046.3568830404165
ETH,2022-05-24,1979.17,1993.83,1913.02,1931.36,263263.7826,1930.645,1928.8962,1955.8792999999998,50.257839356935065,1.966728585316332,1.5382875974056949,4.831750445674214,26.838205761141708,1942.2345444258222,1919.0554555741778
ETH,2022-05-25,1977.89,2022.34,1934.61,1974.51,305041.7793,1977.887,1975.0294000000001,1958.8288,43.92458833422551,-0.644590385028323,0.057265728836915164,2.573393418961896,16.998840927841176,1984.780875832921,1970.9931241670788
ETH,2022-05-26,1956.79,1958.07,1735.0,1845.41,755626.35934,1846.8815000000002,1832.5469999999998,1811.11655,56.76175115163332,3.4040682605559596,4.832864705138054,5.1888025580231085,33.201763970508225,1855.8558083856822,1837.9071916143182
ETH,2022-05-27,1758.0,1822.26,1712.67,1791.07,785142.60931,1794.6529999999998,1802.6938,1795.8452499999999,42.200186368000196,-4.007709432010415,-3.7133952475070697,3.3265798753558484,29.30411097134039,1806.978880252544,1782.3271197474555
ETH,2022-05-28,1745.59,1801.67,1722.31,1782.22,319435.7473,1782.2899999999997,1784.2362,1783.0134,46.35047996356567,0.01660517024697583,-0.26300180825873887,1.627001301157308,12.551720531998134,1784.9317948444414,1779.6482051555581
ETH,2022-05-29,1788.93,1827.4,1759.96,1807.46,256658.6176,1809.4335000000003,1809.4489999999998,1808.9826,40.54187936412835,-0.6436919935433707,-0.4128738020334395,1.27821367888985,21.271470119788482,1812.2517638273869,1806.6152361726138
ETH,2022-05-30,1813.99,1924.0,1813.99,1904.59,477740.745,1914.268,1906.1990000000003,1895.0035500000001,37.209232168083055,-0.04527605013868197,1.9178127875894586,2.935394910550176,33.32287279249952,1922.4719809849096,1906.0640190150905
ETH,2022-05-31,1986.39,2003.45,1930.09,1956.69,405079.9591,1954.4479999999999,1946.5662,1964.48035,60.898100549700295,2.2901143611913994,2.514877743492586,3.3818941193128405,28.600024391358083,1958.4817208629818,1950.414279137018
ETH,2022-06-01,1951.24,1972.58,1890.06,1909.46,397145.3343,1921.3105,1940.9412000000002,1944.856,32.65805950739414,-9.916551921623068,-9.065918517124139,6.413159850616918,60.7015336697963,1941.688858594348,1900.9321414056521
ETH,2022-06-02,1822.52,1844.13,1782.42,1795.7,457785.948,1794.277,1801.303,1817.5648,46.72803178776931,-1.8133146365091761,-2.597345387511605,4.44591075619166,18.69949451191744,1802.2601825733993,1786.2938174266008
ETH,2022-06-03,1829.54,1843.91,1737.0,1754.07,478139.864,1759.5610000000001,1762.5423999999998,1761.23345,35.32702708445436,-1.4500639019991013,-0.8902880828829465,2.7989443468357256,16.490997132962455,1764.254889219213,1754.8671107807872
ETH,2022-06-04,1767.93,1789.26,1748.43,1774.65,210324.3534,1778.5485,1769.6886,1766.47805,47.166012064592714,3.369988489213256,4.248969590561719,2.7434364381981804,44.0752435817583,1789.630540019776,1767.4664599802243
ETH,2022-06-05,1789.66,1800.0,1773.05,1793.95,144958.8488,1794.5575000000001,1789.0578,1788.71685,57.645856650441566,1.0987122549756805,1.51749526679294,1.213068590888289,28.150539008567264,1797.0624141701674,1792.0525858298329
ETH,2022-06-06,1845.17,1920.0,1840.76,1906.88,472062.6251,1907.851,1907.0076,1909.0232999999998,47.72998671011394,0.11839798203300234,0.2750511689062845,2.937586701053816,9.436156085940684,1910.928309864401,1904.7736901355993
ETH,2022-06-07,1766.14,1787.45,1725.13,1784.15,596244.6788,1771.2175000000002,1766.4792000000002,1756.27095,76.4296341307508,5.135902003599767,3.525196091786034,3.7821897041530077,40.80971763353456,1785.4203798136039,1757.0146201863965
ETH,2022-06-08,1810.57,1838.77,1765.28,1808.74,596808.6658,1811.584,1817.3652,1808.0082,42.80182706294255,-2.10935171407732,-2.2337088978027984,3.657345993626337,25.019171549896196,1818.772297155802,1804.395702844198
ETH,2022-06-09,1798.05,1833.0,1779.01,1796.08,300172.4987,1797.3835,1795.9056,1799.7351,47.498375966682524,0.5888503609305644,0.7781653801872218,2.160102914310628,12.436282252475644,1799.7406870947943,1795.0263129052055
ETH,2022-06-10,1779.78,1804.32,1708.01,1744.06,446524.358,1737.8939999999998,1731.5797999999998,1746.6436999999999,65.88423731500163,3.5936917166916373,3.223038467162685,3.076085595689764,37.63450308176629,1746.5693937086137,1729.2186062913859
ETH,2022-06-11,1678.28,1680.07,1545.0,1552.01,621221.25514,1554.6085,1561.6348,1568.6976499999998,38.371650535099285,-2.7150770475495847,-2.6582635548707185,3.0055249397882537,30.91935244262971,1559.4092385885442,1549.8077614114559
ETH,2022-06-12,1517.69,1526.29,1423.0,1487.0,936006.44308,1472.932,1457.5234,1462.9381,63.916251619983605,10.528551258947118,9.547499711762022,7.468737440093096,47.10940075288879,1509.3670773842912,1436.4969226157089
ETH,2022-06-13,1368.55,1387.32,1180.0,1210.68,2548597.7251,1216.9265,1223.6317999999999,1221.9618,39.779413398557196,-1.9063213497026936,-1.6894065118197084,6.455304645074097,14.24390019083542,1224.6375291790937,1209.2154708209064
ETH,2022-06-14,1175.17,1254.0,1075.8,1202.13,2004087.38921,1198.787,1204.1946,1193.1259,50.88323105223516,-0.050681824626963135,-1.3195134176882397,5.633669641931349,14.609417049230027,1207.3066786324691,1190.267321367531
ETH,2022-06-15,1202.13,1231.67,1014.4,1109.42,1839373.22031,1118.6934999999999,1132.738,1121.6481999999999,26.821588605226545,-5.601821862297811,-5.373376012775779,4.856486231086155,33.48531489898666,1127.8164694179823,1109.5705305820175
ETH,2022-06-16,1246.59,1248.72,1082.0,1103.96,839343.1195,1106.642,1099.0908,1113.63485,48.71126235571636,2.179594154127699,2.859174466720257,5.224592356029574,20.85084883995347,1114.4217547519713,1098.8622452480288
ETH,2022-06-17,1077.77,1118.0,1064.14,1074.0,799713.6425,1070.354,1081.5603999999998,1087.77775,49.92055545088834,-2.12912548554732,-3.330537277686278,3.446791749541804,35.843109878887674,1075.5755568559034,1065.1324431440967
ETH,2022-06-18,1085.03,1086.0,975.21,1000.28,1061722.47622,999.5455,1000.3222000000001,1002.3914,52.17787238409758,-0.17464721385522353,-0.19971292316801592,1.639541174384181,14.620026268077872,1001.707688474616,997.3833115253839
ETH,2022-06-19,990.04,1078.4,936.15,1033.44,1170581.9862,1030.5515,1028.9362,1041.8065,59.75097704289758,1.5130044703082604,1.1075817594099377,2.5342333418053062,26.133618082346423,1036.17671919568,1024.92628080432
ETH,2022-06-20,1082.02,1170.0,1053.0,1130.72,1066659.1239,1129.0275000000001,1124.0656,1134.1622,55.78249192097114,1.9424203423161543,1.8517268517529197,3.124729808978995,24.13972981475455,1134.2976266588514,1123.7573733411489
ETH,2022-06-21,1134.92,1189.0,1113.77,1186.28,831545.8903,1181.3945,1179.8454000000002,1156.23615,64.99611168369982,1.5463613385036297,1.2073169678966558,3.1791971358838818,23.30355472585963,1185.8973412142211,1176.891658785779
ETH,2022-06-22,1123.12,1126.56,1066.6,1116.71,733756.4933,1117.6535,1112.5978000000002,1096.8430500000002,51.8123948903958,1.8164891479930247,2.4059032013321193,3.4489491158347123,19.51962976137131,1122.5878663219935,1112.7191336780063
ETH,2022-06-23,1076.31,1131.55,1072.15,1103.19,694608.0706,1104.9455,1105.3118,1112.4139,43.12091934876067,-0.3982537908316317,-0.38979080504259606,2.002305618818188,9.78049538160825,1106.950847600785,1102.940152399215
ETH,2022-06-24,1152.18,1226.45,1132.0,1204.68,830086.6309,1206.308,1209.1114000000002,1206.9463,44.036581427825425,-1.7612583610516594,-1.6930835083530895,2.263929981786593,21.668426709789316,1211.4524634316995,1201.1635365683005
ETH,2022-06-25,1221.76,1242.3,1188.32,1195.29,450454.9657,1195.878,1198.614,1203.9415,46.09714464226666,-1.1722801318715028,-1.4671883973870077,2.21609621520274,19.188079206193176,1201.534393196993,1190.2216068030068
ETH,2022-06-26,1244.28,1280.0,1223.01,1229.51,515854.4506,1230.7504999999999,1229.495,1246.0772499999998,47.42481375124604,-0.3320955458759727,0.041106387467357286,1.8275742114974152,18.07586875455779,1234.7253784887216,1226.7756215112781
ETH,2022-06-27,1213.05,1238.93,1175.0,1181.27,489903.2134,1182.6100000000001,1183.5982000000001,1208.394,44.22217863635401,-0.7613715555282852,-0.7515061334939966,2.5895571373159,13.68658451115508,1185.1414422768014,1180.0785577231989
ETH,2022-06-28,1188.87,1237.99,1162.16,1202.42,599224.4,1209.6305,1218.7682,1224.0778,25.64730271172421,-4.988186635776174,-4.457878725147441,3.087775922213601,62.17756311904247,1221.3383135875088,1197.9226864124912
ETH,2022-06-29,1150.25,1156.8,1090.2,1112.65,721463.3239,1112.7440000000001,1112.9812,1112.3497,49.342246955969784,-0.2199505752994355,0.10491941859191219,2.5123809196777938,15.243570059589404,1116.4853441434807,1109.0026558565196
ETH,2022-06-30,1091.01,1097.2,998.0,1019.98,798731.4139,1016.6315000000001,1013.5928000000001,1021.02535,60.34436748378377,1.8779950807078194,1.5777890535214405,2.4867651269389697,23.520837499617084,1023.4832947283626,1009.7797052716376
ETH,2022-07-01,1089.41,1108.6,1033.44,1048.31,943098.5783,1050.034,1056.2418,1051.88285,41.84873487190898,-2.452867043638662,-2.53512093131992,2.56535345787174,21.004465759739194,1056.0536989958166,1044.0143010041836
ETH,2022-07-02,1058.69,1064.79,1028.29,1061.88,428948.3035,1057.459,1054.7036,1050.7955,72.09772078280886,1.4601199252251718,1.1636646938361284,1.5686835469306537,33.75993794312207,1060.6943417130137,1054.2236582869864
ETH,2022-07-03,1060.21,1088.34,1040.78,1050.01,373195.085,1049.694,1047.0857999999998,1054.9506,56.427797645614255,0.7588144505668879,0.8080801587667559,1.085269799115397,37.29739793222402,1050.6986770624615,1048.6893229375385
ETH,2022-07-04,1072.54,1117.16,1045.37,1091.53,586701.2865,1091.9905,1091.5008,1097.1510999999998,48.87167275739799,-0.04005844803691616,-0.003866088929187524,1.314896614186831,18.193114679755567,1094.1335023329589,1089.8474976670414
ETH,2022-07-05,1149.96,1174.9,1087.37,1105.03,714547.7779,1101.9265,1099.6481999999999,1104.92755,61.92324890999319,1.4633162494726548,1.0763528079136817,2.38924340104438,19.877320922227376,1106.0560049341116,1097.7969950658885
ETH,2022-07-06,1137.31,1155.7,1111.44,1140.52,660566.5406,1137.4624999999999,1138.3338,1135.8971000000001,58.34799201783088,0.3421518075017502,0.15664552869873158,2.1488912095910457,13.530584090430926,1141.9097592683581,1133.0152407316416
ETH,2022-07-07,1184.36,1227.77,1163.18,1219.78,510519.1639,1215.3715,1206.5672,1190.9399,63.06126276571832,3.926600269749997,3.8950881998442504,3.9179047923636667,48.178886000986516,1222.9115962195422,1207.8314037804578
ETH,2022-07-08,1243.17,1276.46,1193.15,1221.35,691107.5824,1211.7775000000001,1205.5404,1214.86405,74.34751736092441,3.798842786319028,2.910367380122967,2.8957401203082633,32.08175673697591,1222.7850644445193,1200.769935555481
ETH,2022-07-09,1217.0,1228.25,1204.67,1217.02,303235.3269,1217.8674999999998,1216.9608,1215.92545,45.96343841538304,-0.10148064703139426,0.04973933969840258,1.1283064762158757,11.105196218791441,1219.3227645807603,1216.4122354192393
ETH,2022-07-10,1214.34,1219.95,1156.52,1159.17,545559.3963,1164.551,1169.2864,1178.08715,27.952683907220045,-2.983157251286002,-2.643512283590468,2.337490853948109,52.7995500194152,1172.963193293129,1156.1388067068708
ETH,2022-07-11,1162.48,1163.22,1128.56,1140.99,656823.8564,1138.8134999999997,1137.742,1144.50335,57.532670228282264,0.4143459648453245,0.136255030799683,1.6887351083393953,10.752088749523761,1141.602136046617,1136.0248639533825
ETH,2022-07-12,1089.61,1095.4,1053.76,1072.2,655528.7175,1071.711,1069.8828,1070.8255,52.92213382151417,0.7423724120194493,0.7078341197122576,1.818127449012725,16.573737831735063,1075.0733914108462,1068.3486085891539
ETH,2022-07-13,1044.56,1103.78,1006.32,1050.61,1285484.4194,1041.2985,1041.11,1050.39585,67.89324001512716,3.1185513810098655,1.863807528355781,3.121858276709692,36.01281752238135,1053.601937365238,1028.9950626347622
ETH,2022-07-14,1121.34,1122.03,1072.11,1085.16,663103.4037,1082.8195,1083.0906,1082.5816,58.79943185282712,0.3627602847320759,0.15156521485505844,1.9793377389892324,15.40551886591176,1084.9677036682144,1080.6712963317857
ETH,2022-07-15,1184.0,1237.58,1182.44,1229.69,881539.9128,1230.4609999999998,1227.6864,1222.79485,48.158249032828415,1.4343614967774556,1.556325773574525,2.764664097769205,22.129288492112487,1237.04793221471,1223.8740677852895
ETH,2022-07-16,1216.72,1242.0,1191.23,1237.57,420508.4521,1237.7440000000001,1235.4944,1216.8165,50.96564336473189,1.0558501045954927,1.161000466382688,1.725129944423094,29.878275880469978,1241.6157303625446,1233.8722696374557
ETH,2022-07-17,1338.89,1377.56,1328.17,1352.62,641644.8889,1351.8004999999998,1348.7446,1352.9416999999999,54.12688585710329,1.185756544827882,1.17967472053242,2.305653310550699,18.980050899799526,1356.175851300177,1347.4251486998226
ETH,2022-07-18,1360.28,1509.91,1354.6,1478.07,1226336.45121,1475.2225,1474.501,1477.39065,56.776688178437894,1.438402377481907,1.03139169136289,2.769047495965271,19.34502845516901,1481.6472486332636,1468.7977513667365
ETH,2022-07-19,1551.41,1577.28,1493.11,1537.87,952196.685,1538.7145,1542.0810000000001,1550.7786999999998,47.4838307986692,-1.5234708136972586,-1.4502801092801525,4.150510502214968,18.320759510699165,1545.6771905001133,1531.7518094998868
ETH,2022-07-20,1533.15,1620.4,1526.67,1605.76,741540.4899,1605.213,1599.685,1600.7883000000002,54.56865842281413,1.7796587021425694,2.0157996267336866,3.24318615187399,20.730407510159814,1609.5112512724577,1600.9147487275422
ETH,2022-07-21,1538.66,1542.34,1463.56,1491.56,702577.584,1489.4345,1495.6213999999998,1497.34635,51.906519372666345,-2.012588332565201,-2.7934210851427177,3.822960878121538,26.280355809176218,1498.804186174012,1480.064813825988
ETH,2022-07-22,1582.08,1650.05,1553.1,1600.83,745984.076,1598.6505,1600.3156,1621.7768000000003,51.60365375139872,0.42173013868341513,-0.030246063147652602,4.619928441333066,15.804912413756712,1604.5847513428398,1592.7162486571601
ETH,2022-07-23,1549.61,1596.51,1501.65,1526.92,480979.9272,1527.3345,1530.3346,1525.9292,47.73842484247034,-0.8651941266846279,-1.0537550947215006,2.6681366532924273,20.491529707290052,1532.5082470946693,1522.1607529053306
ETH,2022-07-24,1564.22,1628.86,1545.67,1609.51,583823.5927,1609.722,1593.4946,1599.1638,58.448859317653394,4.947558181491104,6.034869902508685,4.426500744504743,40.32750997116685,1618.4103153718027,1601.0336846281973
ETH,2022-07-25,1558.18,1560.73,1498.95,1517.46,717378.6509,1512.1435000000001,1515.6744,1527.0102,58.20493018382011,-0.05727785610361025,-0.9597734693816149,4.041922631615301,13.26651385926321,1519.2302602612579,1505.0567397387424
ETH,2022-07-26,1424.84,1438.3,1369.29,1382.74,617632.1405,1381.3584999999998,1385.6994,1395.2808499999999,49.8153876991851,-1.0885103880241331,-1.5423795842545986,2.7769087254636378,17.376737734243953,1383.8833863340021,1378.8336136659975
ETH,2022-07-27,1440.35,1496.99,1420.83,1485.18,515824.0459,1486.9235,1489.0144,1472.4814999999999,41.850317677763755,-0.802819571946884,-0.5913968379793214,2.015527564514867,16.792341814624386,1489.8566776285213,1483.990322371479
ETH,2022-07-28,1612.3,1677.0,1593.27,1635.29,800382.2457,1628.3445,1624.9614,1632.9535,63.24069766995523,2.3826077498970335,1.2651657594304324,4.005656596404419,21.204923811683823,1636.776461752754,1619.912538247246
ETH,2022-07-29,1721.35,1752.03,1655.02,1739.25,655970.7706,1735.166,1722.6182000000001,1688.6452,63.10533147272134,3.2804276118733924,4.060304313468443,4.810486495144909,33.79623390716245,1743.292532839991,1727.0394671600088
ETH,2022-07-30,1718.81,1737.0,1678.25,1718.99,414901.4036,1722.7630000000001,1724.7430000000002,1716.8994,40.6096986519876,-2.304292417555189,-1.7421059919656225,2.553367365319939,29.021585109644494,1730.6845884770596,1714.8414115229407
ETH,2022-07-31,1704.61,1724.19,1686.06,1715.28,246704.6052,1712.841,1709.7748000000001,1712.72065,58.61081293083001,2.196370961761204,2.0350007078096253,2.1040352555989377,32.52390335655907,1720.3367185112884,1705.3452814887114
ETH,2022-08-01,1690.75,1704.68,1636.47,1675.6,368592.5396,1673.1215,1674.3898,1662.5747000000001,53.96131457529883,-0.23124467079173883,-0.40557310760586895,3.9134298777006906,15.836644115183443,1677.9413683592068,1668.3016316407932
ETH,2022-08-02,1630.06,1634.63,1559.28,1591.78,556759.1705,1584.6744999999999,1580.2667999999999,1581.2919,57.66384695232008,1.7537695539592733,1.7846106583544266,8.052630278487104,21.08386126797155,1601.083644371347,1568.2653556286527
ETH,2022-08-03,1598.66,1685.03,1595.76,1655.0,453853.5309,1657.895,1661.7794000000001,1662.6728,42.70200144560163,-2.204000541929645,-1.8749595222573625,3.3562336249345983,23.957237120313515,1663.9608569056418,1651.8291430943582
ETH,2022-08-04,1649.37,1662.79,1596.84,1600.45,423385.6784,1607.9814999999999,1621.8038000000001,1619.3436000000002,27.93415578087976,-5.694519136757208,-5.574027828558045,4.133060623821372,45.64325896250013,1618.5540839319974,1597.4089160680023
ETH,2022-08-05,1612.17,1725.0,1609.77,1698.93,662218.7393,1700.732,1698.6508,1695.5509,47.73816659225188,-1.0524563606597894,-0.4958686037755726,3.605902258424148,22.043060870268256,1709.3548106786964,1692.1091893213036
ETH,2022-08-06,1739.44,1742.16,1702.62,1712.92,274974.4406,1712.8229999999999,1711.9840000000002,1714.358,51.92350647921628,0.04560485736283226,0.10316077009295734,1.1152377483138647,10.670888061157324,1714.3557113229797,1711.29028867702
ETH,2022-08-07,1672.59,1715.18,1670.35,1700.18,225596.4211,1700.1169999999997,1703.9198000000001,1699.8673999999999,47.16058748916222,-1.8072022730577828,-1.946785689070737,1.7086053176976228,40.32617985502904,1705.2389843810058,1694.9950156189936
ETH,2022-08-08,1704.6,1818.0,1693.87,1799.0,462974.551,1798.1465,1799.6894,1795.8204,51.62546190186144,-0.5640826165051749,-0.7179889541826937,2.369319659634421,9.239426754375486,1801.5145515138893,1794.7784484861108
ETH,2022-08-09,1773.53,1790.83,1667.93,1688.48,523897.364,1685.9904999999999,1685.9759999999997,1703.5007500000002,54.618077409677355,1.2419366169792738,0.6830285399650277,3.142619480222958,21.006841634986042,1692.9482941189062,1679.0327058810935
ETH,2022-08-10,1687.82,1848.0,1667.0,1830.31,766595.2466,1828.339,1829.6947999999998,1780.5819000000001,53.31464981534222,0.44524920112644395,0.024374472746276132,2.6933043475470515,12.925004153290457,1833.0962130496246,1823.5817869503753
ETH,2022-08-11,1870.56,1942.0,1864.02,1894.62,759024.213,1905.9675,1912.2363999999998,1912.2483499999998,21.87237474905791,-4.943058796586911,-3.723703734253288,3.624508404742945,37.26782312953118,1918.2593263492267,1893.6756736507732
ETH,2022-08-12,1886.39,1913.9,1853.06,1882.58,364166.8747,1884.9515,1882.6526000000001,1877.6289500000003,45.82274648946343,0.20855260486246152,0.6579065925038649,2.691496395251226,10.740437526546376,1887.911076152123,1881.9919238478767
ETH,2022-08-13,1967.09,2020.0,1953.58,1985.58,459615.3541,1983.0845000000002,1981.2875999999999,1981.014,62.487188461624434,0.869019836328107,0.5445990908794848,1.4999085180862801,14.707194212016688,1985.9614878345733,1980.207512165427
ETH,2022-08-14,1988.33,2030.0,1970.13,1980.51,285828.0603,1980.9454999999998,1980.5732,1984.5548000000001,49.621860063496555,-0.4710713842214318,-0.34505597311721414,1.3323265665040365,17.765725566843983,1984.6655348117163,1977.2254651882834
ETH,2022-08-15,1952.34,2012.47,1872.31,1903.48,665489.6543,1905.7845000000002,1907.4838,1898.2357000000002,43.22879233962711,-0.12290187744019931,0.218546349029031,3.5745794026695017,16.119725427904324,1911.6303582774262,1899.9386417225742
ETH,2022-08-16,1906.93,1915.0,1856.98,1872.07,369638.1104,1875.3059999999998,1877.1717999999998,1893.7247,45.18353498343198,-2.478936373268425,-2.192241347334926,3.5776682464557066,28.116981982994815,1886.0909105698538,1864.5210894301458
ETH,2022-08-17,1890.29,1959.43,1818.74,1825.09,587350.3541,1831.5985,1831.5678000000003,1858.4796,36.83777811813452,-1.4210449594700094,-0.6656648770172503,3.478691184339621,17.87702694456437,1837.0546608294298,1826.1423391705703
ETH,2022-08-18,1845.54,1882.37,1834.62,1864.49,313198.3273,1860.1290000000001,1858.701,1862.3310000000001,63.545471790518384,0.36965744569192793,-0.1710634617168159,2.9024312997942903,16.354440266476818,1866.8973820814153,1853.360617918585
ETH,2022-08-19,1818.01,1828.5,1675.3,1699.48,829261.8171,1697.4364999999998,1692.9994,1698.60065,57.7071947852129,2.1607338955720934,2.1411926308315583,2.6968118540194213,31.740599414478826,1704.5743351760418,1690.2986648239578
ETH,2022-08-20,1630.5,1657.08,1614.3,1633.52,379651.3852,1634.767,1636.2118,1631.75695,44.55182319048101,-1.1171832909603836,-0.7533254283317277,1.7062994095220714,25.489319042007544,1638.0292575005683,1631.5047424994318
ETH,2022-08-21,1582.56,1640.8,1562.34,1620.76,455324.6258,1613.8039999999999,1611.7958,1621.2522,69.99707236605025,1.243212166260946,0.6264345282295304,2.4910761080956862,23.01770198808833,1618.349967003765,1609.2580329962348
ETH,2022-08-22,1600.3,1611.76,1529.92,1570.91,569684.5892,1565.2295,1566.6122,1566.1966,56.77021743652612,1.510821227941051,0.5717969361833692,4.337325158348021,14.427620944723106,1574.4405682876447,1556.018431712355
ETH,2022-08-23,1632.6,1655.44,1563.76,1641.06,560538.5676,1644.9864999999998,1643.1178,1622.6884,44.345738371506116,-0.1066582450559963,0.5994071992002673,3.729780738425397,19.2392246825202,1650.7629946983361,1639.2100053016634
ETH,2022-08-24,1639.12,1663.45,1604.92,1651.08,421145.4335,1656.0985,1652.0144,1650.99585,40.075468937590074,0.2781303823999224,1.2588809678774295,2.652618428555299,27.438899429360223,1662.1562199506277,1650.0407800493724
ETH,2022-08-25,1674.09,1722.0,1664.67,1720.29,371768.5108,1714.3049999999998,1709.829,1706.2454500000001,70.09515485908842,2.9495908180060724,2.507610166230106,2.6436099594892704,28.93507803744359,1721.2389440436525,1707.3710559563472
ETH,2022-08-26,1681.49,1706.45,1620.5,1645.18,555812.3804,1660.4555,1671.7330000000002,1660.1702000000002,29.65137396648864,-7.112967756478156,-6.054505283212683,7.25805146864273,28.58633962751839,1677.6276908619373,1643.2833091380628
ETH,2022-08-27,1516.67,1516.81,1469.19,1497.71,392234.5591,1500.154,1499.9974,1501.8174000000001,41.92564575603448,-0.33073272266688036,0.1442872920601655,1.7064690025258777,18.912534612515,1503.4708201639114,1496.8371798360886
ETH,2022-08-28,1495.7,1511.0,1458.99,1478.56,246392.4811,1469.0349999999999,1470.9728,1476.72565,66.10957109294702,2.513842269416955,0.8266199729231503,3.3992066841693815,32.89166249839973,1480.848508369704,1457.2214916302958
ETH,2022-08-29,1434.01,1531.37,1428.25,1514.0,463743.6612,1520.913,1511.471,1479.31495,44.30655903434408,0.5958044165786305,2.2855075274773875,3.9455555913310136,34.12410349964618,1529.0883461086623,1512.7376538913377
ETH,2022-08-30,1544.35,1606.13,1522.97,1528.62,487821.4149,1542.8885,1554.1629999999998,1572.0922500000001,24.76599690985917,-7.240391739939469,-6.00311800813332,4.8297488293315425,50.072298109948846,1560.9772570330235,1524.7997429669765
ETH,2022-08-31,1563.24,1619.78,1560.0,1573.38,581808.9729,1586.585,1590.4054,1592.3985999999998,30.29652289072228,-2.9820990559626352,-1.9627447715482185,4.526013659163179,20.475049982622526,1595.8028554989562,1577.3671445010439
ETH,2022-09-01,1554.7,1586.34,1531.08,1545.63,380388.06560000003,1546.4270000000001,1551.6619999999998,1564.0330000000001,45.392119310220394,-0.8209045501942001,-1.1864489174829136,3.9605744454118037,18.79338208996405,1553.2607342646393,1539.593265735361
ETH,2022-09-02,1575.52,1650.0,1567.15,1644.05,556888.8468,1639.007,1634.453,1617.18685,61.86309778994639,2.7443400386512167,2.2739018066292735,3.3090085087392516,34.606836264579506,1646.4551248649934,1631.5588751350067
ETH,2022-09-03,1574.27,1575.25,1534.28,1551.22,199551.9247,1550.5985,1555.0539999999999,1553.8211500000002,47.833946223543265,-1.1170932278075725,-1.5893712153387243,1.6478074834866747,33.514146446020064,1554.801419342491,1546.395580657509
ETH,2022-09-04,1555.0,1583.66,1540.66,1553.75,170047.6272,1552.6345,1551.1963999999998,1559.6136000000001,56.61971145034966,0.2823412208233549,0.11742955347818529,1.2884318576776101,13.823284600671009,1554.5851560435062,1550.6838439564935
ETH,2022-09-05,1580.31,1586.99,1556.56,1582.13,214330.5451,1582.7379999999998,1579.4088000000002,1572.47935,51.721069635056075,0.5903445036028643,0.8696975364824077,1.460590740021482,21.887154559620573,1584.840147473379,1580.6358525266207
ETH,2022-09-06,1668.0,1687.4,1624.28,1657.5,488100.0456,1651.4329999999998,1647.4209999999998,1663.44135,68.02075554142066,1.742144404618557,1.309701405500654,3.2214514973603943,11.212274256813167,1656.1189965857332,1646.7470034142664
ETH,2022-09-07,1530.72,1550.0,1490.66,1544.45,407672.6277,1541.579,1539.3844,1524.80515,56.200914036950586,2.5083966278136813,2.1166564296929833,2.7748065030856317,25.01765561973155,1552.2376338711722,1530.9203661288277
ETH,2022-09-08,1623.57,1647.66,1595.06,1637.39,413791.347,1636.7365,1632.9672,1628.0032,54.578074633844906,1.8853902715036384,1.8329285454637656,3.725594762850308,23.441598668475375,1641.4111391304095,1632.0618608695904
ETH,2022-09-09,1644.21,1746.13,1632.0,1724.19,602213.9843,1720.1689999999999,1721.6214000000002,1715.3791999999999,57.73375080338222,0.1772927873576009,-0.38171492383962635,2.549605291258581,13.637844363208943,1723.754057321904,1716.5839426780958
ETH,2022-09-10,1719.23,1745.46,1708.0,1716.02,191969.8754,1719.1354999999999,1717.9474000000002,1722.7058000000002,36.579577965809726,-0.26393956815240927,0.08718005555874189,1.173817255300647,13.6865827754874,1721.2284546101384,1717.0425453898613
ETH,2022-09-11,1775.07,1780.0,1743.67,1761.68,201417.63,1760.062,1763.9166,1768.7488,50.81973447084664,-0.7546653388621962,-1.418598537078388,1.8120548655945885,29.646991013462795,1764.7614067710408,1755.362593228959
ETH,2022-09-12,1740.81,1783.0,1711.75,1739.34,343390.5225,1744.0,1748.1817999999998,1747.42395,37.72982536712547,-3.0186318953205955,-2.624209477718202,2.5046236420714916,29.061914555804652,1753.6311017023006,1734.3688982976994
ETH,2022-09-13,1694.99,1760.51,1592.1,1600.3,686890.5221,1603.865,1605.9803999999997,1663.6041,41.323960363662636,-2.264693974502052,-1.7390670906496086,3.108851522218049,28.66452327978734,1610.8982339644378,1596.8317660355622
ETH,2022-09-14,1573.13,1623.84,1572.91,1597.27,417597.9535,1592.9015,1598.6098000000002,1599.83935,55.31836088974635,-1.24658153779842,-2.2922541521974122,2.777001707012705,27.131578481902274,1599.2092199525846,1586.5937800474153
ETH,2022-09-15,1609.0,1655.0,1512.8,1516.26,812565.5049,1559.565,1575.5644,1584.96895,8.092943151799272,-15.240185655629148,-10.340590497093322,6.897268106914769,59.802499943793705,1602.0760472700704,1517.0539527299297
ETH,2022-09-16,1478.26,1482.36,1424.28,1450.35,376872.9417,1446.7255,1442.6825999999999,1459.5120499999998,55.717529504987084,1.8297660729879226,1.2877936465019921,4.010154328019128,14.906840988952878,1455.0616225399283,1438.3893774600717
ETH,2022-09-17,1440.55,1447.92,1409.12,1430.51,200547.4758,1432.577,1428.1127999999999,1423.8614499999999,46.65919175144404,0.882853723954895,1.4784625910592937,1.2951587145460617,33.10454043461913,1435.7814849820206,1429.3725150179794
ETH,2022-09-18,1455.6,1460.51,1415.63,1424.37,211668.5821,1424.4935,1429.3972,1432.8118000000002,45.98691238450588,-1.6628409113668567,-1.882449503622745,2.2528903241017413,37.54219959854361,1430.2098249557666,1418.7771750442334
ETH,2022-09-19,1349.63,1369.0,1280.0,1365.35,627559.4603,1359.0285,1349.4148,1323.3582999999999,63.27541049571305,4.990539571926092,4.657397791447761,4.170424328182045,39.5890193212416,1370.263527859362,1347.7934721406377
ETH,2022-09-20,1362.94,1378.51,1329.01,1339.24,340727.636,1340.7514999999999,1342.6254000000001,1348.0296000000003,45.54648377870145,-1.102394080595559,-0.8952294252670251,2.968524912876886,14.636875120293878,1345.1602788558298,1336.34272114417
ETH,2022-09-21,1331.65,1360.76,1316.12,1351.44,274666.64400000003,1352.7505,1350.505,1351.0325500000001,48.084375360408764,0.2981530171175564,0.7073009477880711,1.7707232774163009,24.252406538018136,1355.6625884259486,1349.8384115740516
ETH,2022-09-22,1250.31,1313.7,1246.67,1281.66,464508.7636,1278.7234999999998,1277.1602,1295.98805,56.56054597600135,0.36697296184206607,0.1967646394138553,3.041319111619538,11.850453263812147,1282.5351257685493,1274.9118742314504
ETH,2022-09-23,1324.69,1360.0,1262.15,1279.39,551533.225,1278.4705,1278.5344,1293.79205,49.54388438017205,-0.4047898628434723,-0.6053520784310695,3.480941235239197,15.928938048331958,1284.1134300013603,1272.8275699986395
ETH,2022-09-24,1321.97,1349.33,1312.85,1343.64,298578.3703,1345.6950000000002,1344.056,1335.4869,45.284376990505876,0.4669438170299145,0.6511765219347748,1.6360714977431867,19.524004994658224,1348.7107685587143,1342.679231441286
ETH,2022-09-25,1320.39,1337.0,1298.15,1303.96,236698.0717,1305.397,1305.1689999999999,1318.60935,45.58100926009481,-0.31244415100945844,-0.07195069691251478,1.6376429621066777,21.01903182885031,1308.4094481738612,1302.3845518261387
ETH,2022-09-26,1297.83,1338.51,1277.85,1333.89,464639.5827,1334.068,1329.0716,1311.6626,53.65805166093948,1.6076631611258563,2.0259257531087,2.7124193128427647,34.72821528464351,1337.5579031505395,1330.5780968494605
ETH,2022-09-27,1351.78,1400.0,1350.39,1384.38,449035.775,1386.096,1386.0973999999999,1390.1006,46.18313259040117,-0.36721546864077936,-0.27097104278916684,2.8535139494460395,10.887748390267678,1390.1456488735887,1382.0463511264113
ETH,2022-09-28,1332.59,1333.06,1253.2,1324.37,618542.4864,1319.2205000000001,1313.974,1304.7169999999999,68.0774057032568,3.583795902873817,3.2529436203537805,2.723511287380624,43.14638236183187,1329.1878797459228,1309.2531202540774
ETH,2022-09-29,1339.14,1352.02,1288.52,1299.18,473221.4491,1296.049,1296.1738,1320.0320000000002,57.541726713401424,-0.16460029010954713,-0.6049477911912083,2.681300005944185,20.813458796603335,1299.6417810955465,1292.4562189044534
ETH,2022-09-30,1331.6,1350.0,1313.35,1345.96,397949.6576,1341.3705000000002,1337.8845999999999,1331.0363,66.55243377820732,2.4736655965441514,2.064344060320016,2.590363709395874,41.17842150421413,1347.288109230083,1335.4528907699175
ETH,2022-10-01,1329.21,1333.0,1317.24,1323.59,124558.4926,1325.0785,1325.6197999999997,1324.7908500000003,33.96210365409753,-0.6637428611202267,-0.42876081121838405,0.5387458699254095,35.440841911629946,1327.0048569243195,1323.1521430756807
ETH,2022-10-02,1309.42,1317.93,1280.63,1295.07,191575.5985,1293.7779999999998,1296.002,1296.6578,53.960368996826,-0.5676809169403896,-0.8903319470907752,0.9845478294374522,36.54857512043646,1295.692090906883,1291.8639090931165
ETH,2022-10-03,1287.97,1323.19,1284.11,1317.89,250446.1047,1316.312,1308.9818,1302.01015,57.756482826776065,3.1486794203065074,3.4857784480255423,2.6199151097972333,38.524575077811484,1326.0309147542346,1306.5930852457652
ETH,2022-10-04,1322.92,1364.31,1318.66,1346.86,295407.2778,1350.6595,1353.986,1351.4142,32.27503638972476,-2.208003491777845,-1.9170677445825215,1.7598246680491914,30.683816613418596,1356.3043400331837,1345.0146599668162
ETH,2022-10-05,1354.98,1359.19,1316.29,1324.5,238355.3824,1322.539,1321.8964,1329.7385499999998,62.007939166157,0.37824188283934745,0.18501972825970425,1.329381903828129,11.201346285404137,1324.6246548132424,1320.4533451867576
ETH,2022-10-06,1374.48,1383.99,1348.69,1355.99,324950.4001,1354.3155000000002,1357.4371999999996,1365.25205,52.75368547242484,-0.34884499951476755,-0.8539083250210503,2.194524004772509,22.522841479842278,1356.7890357284625,1351.8419642715378
ETH,2022-10-07,1355.58,1360.8,1324.5,1337.98,309817.9618,1339.435,1336.8174,1341.6735499999998,47.2279034807472,0.14400361658954353,0.566523846138529,1.4344814489621578,16.190604769167372,1342.0085306486608,1336.861469351339
ETH,2022-10-08,1332.21,1335.65,1318.0,1323.47,108986.7994,1322.738,1324.241,1327.05005,51.852029803521084,-0.22461937805769594,-0.49302613423285363,0.8458804908014089,57.19259626943692,1324.2344304194112,1321.241569580589
ETH,2022-10-09,1313.54,1329.0,1307.26,1324.46,91764.5256,1323.6,1323.0623999999998,1325.01615,62.48584053415999,0.38339597238928036,0.30851613724503346,0.4030791066416307,20.76389761939695,1325.135877599314,1322.0641224006858
ETH,2022-10-10,1334.01,1334.44,1296.36,1307.09,207861.6361,1312.934,1312.0134,1314.7044,28.029519399079334,-0.7975682237286037,0.03365832389092174,1.6674926870624645,18.298291556822228,1317.5085356048685,1308.3594643951315
ETH,2022-10-11,1279.71,1294.86,1268.85,1284.4,223277.8679,1281.1535,1278.9818,1283.895,63.5616527634334,1.0829824451436707,0.8163617475434993,1.8140548140454582,20.30098323397233,1284.274597723553,1278.0324022764469
ETH,2022-10-12,1284.28,1306.87,1279.55,1295.12,221799.8226,1296.049,1297.2082,1297.15475,42.539107554545694,-0.2467040696960794,-0.17212917901546165,1.2511672389863886,8.816733927521508,1298.313048586027,1293.784951413973
ETH,2022-10-13,1297.44,1298.16,1190.0,1222.21,587790.3296,1221.8654999999999,1223.012,1226.2632,50.17614249062527,-0.28895632675175875,-0.2892458520464469,1.8244521770807687,14.812059643541287,1224.0242355096511,1219.7067644903486
ETH,2022-10-14,1295.39,1343.12,1295.09,1321.44,441919.046,1318.3200000000002,1322.7838000000002,1329.8556499999997,52.3775724487265,0.13330908894886306,-0.6591722556002957,2.588782668080993,20.6598101608729,1325.2588817542921,1311.3811182457082
ETH,2022-10-15,1294.78,1301.69,1277.01,1287.8,160509.3592,1286.989,1287.4876,1285.9257,54.33423417524975,0.2624075304067901,0.13605054223076435,0.6163744260179826,18.076455209961413,1288.9294422175958,1285.0485577824043
ETH,2022-10-16,1279.38,1290.27,1278.46,1282.2,111113.2162,1282.8135,1283.9216000000001,1283.06005,38.8885977790202,-0.3449539923112752,-0.3212611301564762,0.45943610215038116,22.44186031808402,1283.7882055965222,1281.8387944034778
ETH,2022-10-17,1303.02,1337.67,1295.64,1332.88,262304.3414,1332.209,1333.0444,1323.4149,51.47674392848415,0.07521720001705035,-0.053353221159149644,1.2465057058715971,12.669147010983275,1333.9818045578895,1330.4361954421106
ETH,2022-10-18,1336.46,1340.37,1306.47,1309.45,294016.18,1312.5629999999999,1318.7226,1326.432,31.299553876944657,-2.929088376230766,-2.9504548117140543,1.9730902646331436,55.161675566888135,1318.405972188902,1306.7200278110977
ETH,2022-10-19,1306.07,1308.48,1290.0,1300.62,208315.4857,1300.1375,1297.9572,1298.0289,56.803476277270164,0.3741722944171215,0.49950950558033713,1.153425854018924,12.24843625634642,1301.9159023729287,1298.3590976270714
ETH,2022-10-20,1280.57,1310.87,1277.29,1305.24,228033.3401,1306.0215,1303.9564,1298.9165,51.494949817045416,0.0931866987716603,0.36142687327724726,1.2510083718014737,19.522831969573243,1309.3442715840126,1302.6987284159875
ETH,2022-10-21,1286.49,1292.5,1252.65,1277.63,291695.372,1279.866,1283.3598000000002,1275.39705,37.11239648223474,-1.7645160056679288,-1.6370801466396379,1.525630382417168,30.508840073651758,1284.5322078821878,1275.1997921178122
ETH,2022-10-22,1300.75,1316.01,1294.32,1313.27,127390.8279,1313.5235,1312.6622,1308.7649,48.23918474827539,0.21106812624884697,0.2948111337570957,0.43220866576312195,16.986343248240047,1314.6817102572763,1312.3652897427237
ETH,2022-10-23,1309.61,1314.81,1299.44,1310.88,129546.4021,1310.719,1309.9022,1306.47105,56.113021219855455,0.11756724941233188,0.1573615932564323,0.36338694347181166,21.85194141824547,1311.85079326733,1309.5872067326702
ETH,2022-10-24,1354.86,1358.62,1324.17,1331.71,414117.2521,1328.8175,1337.8338,1345.68045,49.09156151619867,-1.8024723640053253,-2.8389324554828153,2.382773211040933,36.53930351911876,1332.5759990355598,1325.0590009644404
ETH,2022-10-25,1337.86,1388.41,1334.94,1380.15,294574.6709,1380.1209999999999,1381.6442000000002,1360.87535,50.2987807701001,-0.41533701888920405,-0.26926488766403744,1.6666497604320094,15.439793449477824,1382.4240666512746,1377.817933348725
ETH,2022-10-26,1469.96,1593.0,1460.82,1578.79,774661.2499,1573.3245000000002,1557.2538,1532.9949,62.29561151800891,4.334871257615077,5.183959243560274,5.279765469552525,39.50500812522698,1578.9146931093853,1567.734306890615
ETH,2022-10-27,1565.57,1578.58,1532.06,1551.73,495638.8514,1558.591,1553.6504,1556.5578,39.09145897174204,-0.8822247647758559,0.3834763475584477,3.1854113011237035,20.952239241828043,1565.4281248343043,1551.7538751656955
ETH,2022-10-28,1520.87,1549.94,1479.82,1535.32,533740.5339,1533.128,1534.2060000000001,1517.2353,53.9917607353442,0.7342875298324998,0.5323406139333142,2.5384006815878464,18.92422800377555,1540.8455529800108,1525.410447019989
ETH,2022-10-29,1555.81,1652.11,1552.51,1624.89,571645.133,1627.3425000000002,1626.621,1621.28425,46.19690767647072,-1.5153812174733048,-0.8270723068376848,2.9697146167711974,27.03524552555823,1635.0309195386064,1619.654080461394
ETH,2022-10-30,1610.7,1640.06,1578.45,1594.61,287955.5965,1593.0655000000002,1589.5076,1595.7688499999997,62.60652649834341,1.431401187173151,1.3725213646142267,1.3280372401318468,35.08385907840889,1595.1895572024596,1590.9414427975407
ETH,2022-10-31,1569.21,1635.8,1545.43,1563.96,523337.266,1565.5435,1562.115,1589.8282499999998,46.63594567583609,1.1839665389325091,1.5042975600306143,2.1743950470188613,22.400949993858198,1570.8569067225997,1560.2300932774003
ETH,2022-11-01,1580.12,1612.92,1563.69,1568.52,375435.2143,1572.9115,1572.1686,1581.8687,34.59207214368461,-0.5543687213128123,0.00593403532209065,1.4612272154690669,14.82813133499619,1576.1872672383442,1569.6357327616556
ETH,2022-11-02,1583.36,1600.2,1536.25,1558.85,363003.6318,1558.74,1558.9979999999998,1556.6525,49.43501887605493,0.21761624454143202,0.14942949708086486,0.9325585944983201,10.040761433061636,1560.4458956592364,1557.0341043407636
ETH,2022-11-03,1543.99,1559.01,1522.05,1544.0,368160.8676,1542.7914999999998,1547.1719999999998,1538.4855499999999,51.24639131569334,-1.4395118598295085,-1.906114317794264,1.9362043254359393,26.51515606165541,1547.8981712249647,1537.684828775035
ETH,2022-11-04,1542.11,1680.0,1537.96,1641.92,594237.6502,1648.1725,1653.3096000000003,1626.6568000000002,32.10486170496216,-2.3300554216341425,-2.0048180477648754,2.6263912769563373,32.64849688684739,1653.4589841813738,1642.886015818626
ETH,2022-11-05,1652.45,1658.72,1623.53,1639.43,195079.9549,1638.1095,1633.3922,1636.4673,61.58338546764646,1.9285858760765677,2.0141546291670767,1.324540210584946,40.09289563122237,1641.6394998583269,1634.5795001416732
ETH,2022-11-06,1617.45,1639.02,1608.84,1630.6,161695.0325,1630.338,1629.0626000000002,1622.8473999999999,54.00109718914831,0.4838246023753072,0.4719166625890502,0.9060944426547232,20.81819388129776,1631.5928721049515,1629.0831278950484
ETH,2022-11-07,1587.4,1595.3,1546.29,1579.93,344386.8816,1580.821,1578.1703999999997,1578.91165,48.751963120445716,0.6994564255758178,0.7667365503702712,2.2345383021479197,12.75642905104587,1583.1366847799866,1578.5053152200132
ETH,2022-11-08,1573.12,1574.81,1422.94,1439.26,1003853.5512,1435.8505,1442.8738,1462.4056999999998,50.86726519299774,-1.2183702636270937,-2.416160800002891,3.920562877880062,27.159332811259212,1443.0826489892556,1428.6183510107444
ETH,2022-11-09,1325.0,1328.83,1136.13,1186.5,1536754.6842,1213.179,1223.0694,1218.5615,30.218036396626974,-12.027770808901323,-7.726946578353537,10.825270329021901,31.27207556268045,1252.456594070916,1173.9014059290841
ETH,2022-11-10,1140.94,1350.0,1135.15,1311.3,1274354.1265,1321.175,1324.4124,1272.305,39.04648823794679,-4.588672431925488,-2.966225219775349,5.651689364448583,31.796256226804015,1338.222543517932,1304.1274564820678
ETH,2022-11-11,1250.42,1310.0,1201.26,1259.5,839471.8215,1267.915,1263.474,1269.68785,44.843075183534744,-0.5469106219013611,1.2726072489033342,6.256106851274159,15.526149948552138,1280.2453373838805,1255.5846626161194
ETH,2022-11-12,1279.47,1290.32,1238.7,1273.11,400787.8072,1274.4545,1276.1044,1267.0066,41.89607172543469,-0.9108231243058071,-0.6956909476363647,1.5813942352541328,16.445270768810925,1276.655113323632,1272.2538866763682
ETH,2022-11-13,1263.65,1274.23,1212.0,1234.13,332821.7085,1230.1195,1234.965,1238.4097499999998,55.74033447519391,-1.027525598948614,-1.6054886717159393,2.3617135848778754,30.429459708132423,1234.325588325195,1225.913411674805
ETH,2022-11-14,1181.46,1291.2,1175.43,1243.43,610761.6532000001,1242.7914999999998,1247.9936,1259.3086,48.13734661952255,-1.8358369374491303,-2.2959167988624865,2.817644358700275,29.039563011424356,1249.1271965679161,1236.4558034320835
ETH,2022-11-15,1260.16,1291.0,1247.39,1273.87,359195.2005,1268.34,1266.4096,1269.5215,75.02131166337504,2.0926568864920227,1.3638535951814237,1.8645014931120352,27.107636690459273,1274.579048004279,1262.1009519957208
ETH,2022-11-16,1262.93,1268.67,1201.58,1209.09,466330.8637,1207.7315,1207.6462,1213.71035,54.40154216490083,0.22625156853246153,0.013302261021701442,1.5046577081366286,10.945780264574392,1209.9996558589203,1205.46334414108
ETH,2022-11-17,1216.93,1218.37,1181.05,1210.22,342784.6067,1211.489,1202.106,1196.13235,57.42841468700155,1.8878424625154366,2.707327068427044,2.4581381164445277,31.691591390255308,1215.83527610724,1207.1427238927602
ETH,2022-11-18,1210.27,1234.0,1205.05,1213.24,212917.9882,1213.4195000000002,1212.8254000000002,1217.7569,49.53296636521707,0.23207361103959556,0.18779113212742068,1.1005145541534513,14.543996840005605,1215.2510291425147,1211.5879708574857
ETH,2022-11-19,1204.36,1212.41,1197.67,1210.19,108916.9359,1208.9339999999997,1208.7372,1208.4589,64.88571746797356,0.43644870965022164,0.2521447714430906,0.3997039271251474,26.60361677404648,1210.73087951739,1207.1371204826096
ETH,2022-11-20,1219.24,1223.26,1153.0,1177.45,307107.8492,1176.0845000000002,1175.1842,1173.0072499999999,59.72350812100427,0.5664489946911999,0.4061301383771778,0.8861640445690959,35.75171969254326,1177.7802178416412,1174.3887821583592
ETH,2022-11-21,1117.63,1146.99,1105.65,1133.61,442382.162,1133.2810000000002,1134.551,1132.942,48.04322032952019,0.0258964875329184,-0.13405772124761675,1.283172808903652,19.11896444794182,1136.1407475413062,1130.4212524586942
ETH,2022-11-22,1101.44,1142.5,1075.0,1124.16,463065.5007,1127.4725,1126.1414,1116.7891,39.182137431128446,-0.6439523387898589,-0.11641238628471189,1.7672383237023928,15.916053141261319,1131.3209587823633,1123.624041217637
ETH,2022-11-23,1138.24,1184.25,1138.23,1163.23,382020.6025,1163.712,1165.4778,1164.7861,43.356179902167284,-0.4612252600229567,-0.5151481909758022,1.0384929182580172,18.69474418834247,1165.2207425226122,1162.2032574773878
ETH,2022-11-24,1205.36,1217.71,1185.96,1195.91,280858.9853,1196.2694999999999,1194.7884,1195.55125,50.82575858682892,0.5013294472951202,0.6931231405881347,0.8880868621383374,25.804929477504864,1198.2224411153613,1194.3165588846384
ETH,2022-11-25,1187.03,1200.12,1171.2,1190.75,242094.8306,1191.3365,1191.7292000000002,1190.5354,44.676194001665436,0.025945577183620117,0.08249150529201238,0.870128853159702,11.20588461140196,1192.7999517415726,1189.8730482584272
ETH,2022-11-26,1223.44,1235.66,1206.27,1209.24,219893.1565,1210.072,1212.329,1218.76215,41.19393903179515,-0.8479369216167925,-1.000832396608753,1.3838270112575373,29.59354019989811,1211.5023090575485,1208.6416909424513
ETH,2022-11-27,1214.39,1223.33,1207.47,1216.93,151988.1051,1214.661,1213.0286,1213.8367,72.8804591357771,0.9586665990746042,0.7064753520687179,0.6973776038010733,27.829188259755533,1216.9484606007495,1212.3735393992506
ETH,2022-11-28,1167.39,1182.71,1155.0,1160.1,251546.1821,1159.2315,1163.6114,1169.50015,47.066684758434945,-1.1100006221552121,-1.652448433321966,1.738066803422913,35.799183458807136,1162.0893892560366,1156.3736107439636
ETH,2022-11-29,1181.66,1223.0,1181.42,1213.04,333477.2549,1212.109,1209.6642,1211.9243,55.41932559974424,1.437560963476244,1.4709966300953612,1.4735068304036503,31.89063433811564,1217.5636893587114,1206.6543106412885
ETH,2022-11-30,1273.51,1283.01,1255.1,1265.29,287080.7796,1264.4735,1265.0954000000002,1264.7485,55.97998772770484,0.04116219337106486,-0.13567832156093304,0.9056600618023316,15.20641705851197,1265.7210299594096,1263.2259700405905
ETH,2022-12-01,1287.75,1299.9,1262.77,1269.5,302955.7789,1267.3494999999998,1272.2154,1280.2019,51.83354675899335,-0.31701590289526393,-0.9930832253836953,1.8966938152939592,23.242913196770463,1271.1421638395861,1263.5568361604135
ETH,2022-12-02,1269.17,1297.18,1268.0,1281.17,246826.4907,1281.498,1281.0578,1282.65625,48.48265253204796,-0.06574750264189788,0.032922257876935306,0.8362451517751498,15.352825008216062,1282.698843037309,1280.2971569626911
ETH,2022-12-03,1285.09,1290.56,1260.54,1272.38,184548.2088,1272.8664999999999,1271.169,1270.89795,51.26511384562948,0.2568604111518198,0.46145202190502155,0.5900219582849785,37.29265533978569,1274.1328218390647,1271.600178160935
ETH,2022-12-04,1256.17,1267.35,1249.65,1258.84,155295.5917,1258.833,1258.868,1255.86235,49.8133274102104,0.20263111125404976,0.26756959796403457,0.5363520878408651,17.113085761936524,1260.8011676757758,1256.8648323242244
ETH,2022-12-05,1289.95,1305.11,1259.19,1263.89,230412.0641,1264.025,1271.3894,1284.22225,41.07223450662762,-1.9348170537045917,-2.469865065988238,1.845768397452324,62.651755065734534,1265.9207689733987,1262.1292310266015
ETH,2022-12-06,1264.29,1268.61,1242.0,1252.99,164210.9948,1253.395,1251.7305999999999,1255.65545,52.02533656192432,0.3085636877754041,0.40914224143229383,1.3451844472686454,14.458446537379636,1255.8226449493116,1250.9673550506884
ETH,2022-12-07,1266.47,1267.03,1218.01,1228.5,284445.0242,1230.901,1232.4902,1230.77995,31.434314369800525,-0.9595931380183629,-0.7228656112536275,0.9595129475385492,24.12150788894743,1233.281713338338,1228.520286661662
ETH,2022-12-08,1227.3,1253.65,1224.64,1251.51,192936.1382,1249.9569999999999,1248.5466000000001,1242.6635500000002,59.24906117651467,0.9898799919235444,0.8184389277871367,1.2079473286360747,39.85133889288292,1252.9069159309108,1247.007084069089
ETH,2022-12-09,1283.36,1296.64,1250.0,1276.52,250009.8604,1275.0275,1274.075,1277.54015,63.20634463892105,0.6546469765801248,0.5487870162225125,0.7459192831475803,21.670619321757638,1277.3599397098426,1272.6950602901572
ETH,2022-12-10,1265.51,1279.26,1259.6,1277.18,95547.7195,1276.31,1273.9088000000002,1268.94775,63.389927545731815,0.6483664999886969,0.7425454483982685,0.8096002339193177,46.855290490373186,1277.7333341140045,1274.8866658859954
ETH,2022-12-11,1270.88,1278.13,1269.1,1272.81,71220.774,1273.2355,1272.5526,1272.79015,46.8942602661791,0.12133931519724683,0.24318490472452217,0.14872433087849088,25.507423640966906,1273.76022754829,1272.71077245171
ETH,2022-12-12,1256.72,1257.53,1240.03,1250.67,193587.4304,1251.634,1251.589,1249.90015,41.71033605285186,-0.14125323121675137,0.04874399092674633,0.5116329669496931,18.083199156782474,1253.0152805651987,1250.2527194348013
ETH,2022-12-13,1267.44,1349.0,1255.1,1323.31,493341.4129,1327.283,1331.0416,1320.37875,30.3612872406987,-1.8973497219149067,-1.8059257072560664,1.9445232160793875,27.88308538238467,1331.1647578489735,1323.4012421510263
ETH,2022-12-14,1318.19,1344.51,1315.72,1337.65,206257.8954,1338.8785,1339.3468,1332.6301,45.48249662094081,-0.6695119647899901,-0.4681409949607701,1.1869206882319567,23.116875157570572,1342.848337653985,1334.908662346015
ETH,2022-12-15,1289.08,1293.83,1263.44,1271.94,195364.7228,1271.9995,1271.9494,1277.7169,49.06937941118755,-0.16569124095917687,-0.21316254030462062,0.8534582942876024,29.407276001078156,1273.5738630457713,1270.4251369542285
ETH,2022-12-16,1269.29,1280.06,1195.04,1204.39,399736.7969,1204.2240000000002,1208.9272,1210.5744499999998,45.85078453962144,-1.4979345778269817,-1.8899786260101727,1.6211307070792063,48.95104998832851,1208.2030772797518,1200.2449227202485
ETH,2022-12-17,1165.26,1188.62,1161.92,1179.87,206524.1653,1179.0300000000002,1178.077,1179.007,57.820159681316476,0.6623982174253342,0.6294642250762285,0.7281942594882891,28.71453274266287,1181.8216518407642,1176.2383481592362
ETH,2022-12-18,1185.41,1199.54,1170.32,1174.28,148541.7896,1174.85,1175.1956,1178.487,40.051035813475785,-0.2840790142724927,-0.2550800009015079,0.28264764510669066,30.278708147526498,1175.8820465107933,1173.8179534892065
ETH,2022-12-19,1188.37,1189.54,1174.0,1183.29,127286.251,1185.492,1184.8066000000001,1184.2453,36.10232812887318,-0.487563636946561,-0.1622650656377082,0.7683660497972065,21.30034907079608,1188.3250661835013,1182.6589338164986
ETH,2022-12-20,1183.98,1230.47,1183.86,1223.85,302744.2655,1221.8574999999998,1217.381,1213.5293000000001,59.267278424019516,2.460430848959504,2.378140866855098,2.1524379909784197,45.02930794170756,1228.5408820030932,1215.1741179969065
ETH,2022-12-21,1211.54,1223.39,1203.02,1215.99,156618.0199,1214.1934999999999,1213.8514,1214.17045,62.842259700952994,0.5395637641918256,0.33458450610205925,0.8004069593835793,19.09676911539977,1216.4369462329194,1211.9500537670804
ETH,2022-12-22,1213.91,1221.63,1184.21,1186.73,184012.4239,1188.3375,1189.5908,1206.0416500000001,37.21552481956523,-0.9272032700082491,-0.8636032373988456,0.9957046234222151,49.59053190365669,1190.4070204758523,1186.267979524148
ETH,2022-12-23,1215.86,1231.99,1210.0,1224.41,215030.7375,1221.665,1218.6796000000002,1221.0883999999999,72.31766591172975,1.4180699667699628,1.24600644242291,0.8683057687135772,45.59001151481019,1224.3974091933617,1218.9325908066382
ETH,2022-12-24,1217.48,1221.01,1214.69,1218.79,61189.3537,1218.5594999999998,1218.555,1218.5616,61.38811356759437,0.0736184361251162,0.05581633968536778,0.09753980208336471,22.97770275636509,1218.9487287245577,1218.170271275442
ETH,2022-12-25,1221.37,1222.34,1193.18,1212.55,116020.7491,1214.074,1213.75,1216.09435,42.038473782684896,-0.37857778081615834,-0.08402128372963413,0.8904548105853518,18.293286980649164,1215.925220138221,1212.2227798617791
ETH,2022-12-26,1220.02,1223.43,1211.67,1215.13,86100.8561,1215.4445,1216.0072,1217.2364499999999,43.30616871580495,-0.1746113358119601,-0.15217121022200072,0.45988272130819974,45.64517269935491,1216.237228831348,1214.6517711686522
ETH,2022-12-27,1224.32,1225.4,1205.25,1211.84,145710.5583,1215.0245,1212.3002,1215.7898,36.99939748230809,0.03647754548615012,0.532196603321126,1.072118776158404,25.57142407506093,1217.7610852809746,1212.2879147190254
ETH,2022-12-28,1207.26,1208.59,1186.32,1191.01,217325.5888,1198.8274999999999,1202.7576,1197.4348,17.794249821007796,-3.160133547230089,-2.297988268016503,1.8864717866274128,49.373756454853016,1207.6663978385322,1189.9886021614675
ETH,2022-12-29,1188.98,1206.57,1186.77,1203.36,135668.0402,1203.2565,1203.3522,1201.2088,50.72954366783446,-0.13570853598776011,-0.16703075311340282,0.4293286282084095,13.263330787798926,1204.3260844988122,1202.1869155011877
ETH,2022-12-30,1196.38,1200.32,1181.08,1194.93,183535.8837,1194.8065000000001,1191.3906,1191.48185,58.42713682419597,0.8213812718627196,0.9627714122179823,0.9313877496581026,40.23648836963928,1196.0649478534858,1193.5480521465145
ETH,2022-12-31,1196.57,1208.46,1191.66,1203.89,80963.9604,1204.3650000000002,1204.3496,1200.99055,43.16984117674311,-0.23494319951805664,-0.1781369101362197,0.26634909327321415,22.299519389694982,1205.6166948509224,1203.113305149078
ETH,2023-01-01,1195.04,1198.5,1190.57,1195.83,53296.3332,1195.2075,1195.1118000000001,1195.7705,69.77616239314413,0.20952855746418209,0.13676758579162157,0.11224092365054833,28.641112183584426,1196.2507808826076,1194.1642191173923
ETH,2023-01-02,1196.3,1224.29,1195.55,1219.47,176279.9728,1218.884,1217.6608,1216.62665,61.05464981273491,0.45631423932331927,0.47391634397361904,0.46807533061769446,46.2731854948663,1219.730271823768,1218.0377281762321
ETH,2023-01-03,1214.2,1219.89,1206.0,1209.2,115860.9172,1208.8125,1210.1686,1214.97345,48.68218477520882,-0.3842341369922906,-0.6038277106891649,0.6902515770184087,38.964837444718384,1210.2630567896083,1207.3619432103917
ETH,2023-01-04,1227.4,1264.0,1226.76,1252.18,276169.5781,1250.814,1249.7218,1251.76085,59.53530724585249,0.8909398482326196,0.6366292880858073,0.9685400788486104,17.369828497562317,1253.494883436377,1248.1331165636232
ETH,2023-01-05,1254.27,1256.14,1242.81,1249.9,183589.3722,1249.981,1249.5076,1250.3525499999998,50.59864585096833,-0.06189025128310277,0.025909336675748122,0.6386345873982772,17.534255635009025,1251.0468498956761,1248.9151501043239
ETH,2023-01-06,1250.35,1257.1,1236.0,1255.27,188536.218,1252.1235000000001,1250.9906,1247.3618999999999,74.91518995971683,0.8676375606437432,0.506905998368794,0.7834585011485058,24.237247766123993,1254.6641083916907,1249.5828916083096
ETH,2023-01-07,1268.41,1268.41,1261.3,1264.05,66148.7892,1264.6865000000003,1264.931,1264.0415,30.539404978982603,-0.23737770357251975,-0.15026733768874412,0.13718026369580968,31.772668697334815,1265.3600064959137,1264.0129935040868
ETH,2023-01-08,1261.17,1268.5,1259.4,1266.91,53966.4324,1266.3374999999999,1265.7076000000002,1263.76335,66.99768948509183,0.41791766802157326,0.4058114341191426,0.1950572063494163,51.64499591934954,1267.6425498074807,1265.032450192519
ETH,2023-01-09,1296.03,1333.34,1296.02,1327.87,311433.6774,1325.383,1326.088,1322.38075,62.98033883039104,0.4997755916369897,0.14527700581694936,0.8465092754566081,29.584260124829026,1328.3879565720158,1322.3780434279843
ETH,2023-01-10,1327.01,1340.9,1316.8,1332.63,242114.0699,1334.254,1333.619,1329.9742999999999,45.04009992054928,-1.1154983827098022,-0.7385973046972711,1.5168537169372385,24.057439772168753,1340.2350246613632,1328.2729753386366
ETH,2023-01-11,1335.03,1338.2,1321.04,1323.91,165579.4574,1330.049,1332.0662,1332.6034499999996,14.75410017788701,-2.311825662334968,-1.4226220587467246,1.3592944250103451,37.595442477019525,1336.8585048278126,1323.2394951721874
ETH,2023-01-12,1403.21,1408.5,1361.92,1387.82,443419.9386,1384.8365,1383.3908,1391.9963500000001,61.562183748062665,0.8368845931054238,0.44264620880108974,1.5936048357258537,14.771488812293828,1388.2104725843417,1381.462527415658
ETH,2023-01-13,1406.15,1424.48,1401.61,1418.98,203180.7443,1418.7369999999999,1415.1318,1408.8724500000003,54.37122522161848,1.39196411759076,1.714936803700454,1.9729322178446227,39.46457708899737,1423.7310849011556,1413.7429150988442
ETH,2023-01-14,1556.42,1564.69,1503.34,1524.27,502441.0915,1524.0485,1522.6044,1530.7112,51.673434961740995,0.8508090529041965,0.7811655365650442,2.2031627302739136,23.047203384277882,1526.8915988375418,1521.2054011624584
ETH,2023-01-15,1527.02,1547.81,1516.03,1545.23,163139.5717,1544.403,1542.7422,1535.48505,57.51817469641611,0.6432012898621906,0.629323155167359,1.208814525111424,27.66747609281527,1546.1746557226854,1542.6313442773146
ETH,2023-01-16,1570.09,1584.58,1521.31,1547.69,298730.2986,1543.6335,1540.3892,1542.5987999999998,62.5350018153683,2.7592319302741544,2.350144328160875,2.922678706349951,34.36922351950582,1553.246287889065,1534.020712110935
ETH,2023-01-17,1554.6,1609.0,1554.6,1573.0,270195.3263,1580.4895000000001,1580.9978,1575.8518,32.8452748755943,-1.8986481834838287,-1.0120335033449568,2.2076195976011763,26.669841171870498,1587.8507267319937,1573.1282732680065
ETH,2023-01-18,1579.47,1610.0,1570.44,1580.49,289906.9754,1589.4505,1593.7274,1588.72655,23.100619995934544,-3.5150164903484438,-2.4247330892670593,2.3741764133709555,40.36435126679094,1598.292539300969,1580.6084606990307
ETH,2023-01-19,1519.52,1547.86,1513.33,1538.48,159795.5556,1538.9924999999998,1536.8822,1525.9855000000002,51.872522032643815,-0.267981318644388,0.07700102601989331,1.8905373107528884,21.792079220404272,1543.74048430915,1534.2445156908498
ETH,2023-01-20,1557.28,1569.9,1542.02,1563.22,142899.4407,1564.534,1563.7546,1558.3770000000002,45.95155878000385,-0.017055034807299307,0.20073846362391026,1.5807129726643534,10.04733711317676,1567.2383032374737,1561.8296967625265
ETH,2023-01-21,1655.93,1679.26,1616.21,1663.36,289905.2924,1661.4515,1656.0558,1652.9535,59.64089801872782,2.1178234638468894,2.3679145057198285,2.237348471518371,62.7113489439545,1666.6968113349349,1656.206188665065
ETH,2023-01-22,1623.17,1650.51,1604.0,1631.08,206224.819,1634.0415,1640.6729999999998,1633.9036999999998,40.697950896984295,-2.3883227435351273,-2.4076999322103814,3.1868190681733095,47.12753749840535,1645.3537133554855,1622.7292866445146
ETH,2023-01-23,1639.98,1648.09,1585.29,1620.02,231990.7309,1620.632,1620.7978000000003,1626.4133,49.0017168019461,0.8495508362022974,0.9564707390609257,2.992574879418056,16.63193279907253,1625.639668519404,1615.624331480596
ETH,2023-01-24,1639.43,1641.46,1604.0,1615.07,202074.4921,1617.595,1615.9928000000002,1620.9780500000002,41.63575906708497,-0.017320570130323176,0.5084019404458596,1.368967464205592,16.89865630237403,1620.2087138327527,1614.9812861672474
ETH,2023-01-25,1539.73,1566.58,1525.0,1538.0,249628.0165,1539.1815000000001,1539.1206,1551.4330499999999,45.79570841788509,0.09629601305482538,0.34070696162182884,2.1666125342272697,15.396826795173649,1544.2531319858635,1534.1098680141367
ETH,2023-01-26,1620.41,1621.9,1590.0,1605.9,312363.02,1612.2295,1609.0678,1612.3885,34.46516785331026,-0.32207259794176935,0.4843775494592826,2.3083899968177497,17.391980778344617,1616.5849172016074,1607.8740827983925
ETH,2023-01-27,1568.18,1590.13,1561.0,1587.71,225721.3551,1583.716,1584.3878,1576.9273,63.614679391308684,0.7598306887264243,0.2834610345198535,1.5702303585674815,16.14957454047017,1587.377220561514,1580.0547794384859
ETH,2023-01-28,1595.13,1603.39,1561.76,1578.33,196878.9188,1577.392,1575.1496,1575.21845,58.37637561252002,0.5470172439333965,0.5627383950298817,0.9091815414213434,21.245818658501545,1579.6043435538627,1575.1796564461374
ETH,2023-01-29,1592.15,1626.64,1585.25,1611.58,217801.1656,1611.9025,1613.1276,1612.22105,44.626812313408095,-0.06724998569370655,-0.10987424631847455,0.8551170841472526,20.99363781678944,1613.7277876485696,1610.0772123514303
ETH,2023-01-30,1635.06,1641.37,1567.68,1582.39,345563.3652,1586.0295,1589.7128,1583.0191499999999,30.48368117479609,-1.8158936702902793,-1.5147316165766753,1.4147727646136954,39.11085714660756,1590.1617801210955,1581.8972198789047
ETH,2023-01-31,1574.2,1596.13,1561.63,1592.92,181750.2517,1589.2734999999998,1586.9062,1581.62325,65.5200762994087,1.9790264539983582,1.4578935291499737,1.4000512256454303,32.45791114139548,1594.799928412652,1583.7470715873476
ETH,2023-02-01,1584.59,1589.8,1566.24,1580.99,150719.2293,1580.279,1581.8734,1582.3408499999998,50.688298245521636,-0.07136936769234126,-0.20563350561088128,1.0997233219782934,16.347304347086958,1582.782892170187,1577.775107829813
ETH,2023-02-02,1673.52,1690.0,1650.0,1670.62,255637.3562,1666.554,1663.4847999999997,1671.8698000000002,64.29786678752103,2.201193008818109,1.7049101696611382,2.0457301617962718,20.522956876253,1673.937542239332,1659.1704577606681
ETH,2023-02-03,1645.68,1675.0,1625.93,1670.72,303899.7843,1668.664,1662.3924000000002,1648.75505,62.6273851414259,2.3980302479985767,2.507525537578543,2.5346353299551456,43.296729604906155,1672.451840545724,1664.876159454276
ETH,2023-02-04,1656.5,1695.29,1645.43,1676.47,181378.7811,1678.029,1678.8774000000003,1677.6693999999998,41.39554315736074,-0.6047807044778892,-0.44843047963978633,0.9556031811055966,18.90931841831647,1680.6070992998232,1675.4509007001768
ETH,2023-02-05,1667.48,1673.81,1635.93,1650.34,196612.9011,1651.6315000000002,1652.525,1651.5037,44.52283000553731,-0.9414765214064573,-0.7112322093032395,1.2175130291550356,23.622457978651788,1655.3783721622242,1647.8846278377762
ETH,2023-02-06,1632.4,1638.43,1608.53,1624.42,194475.0587,1622.6825,1625.9808000000003,1629.57755,51.81726715818509,-0.6671376293384128,-1.1919897361076146,1.5999718907508744,33.2005298615759,1625.1256035589888,1620.239396441011
ETH,2023-02-07,1623.17,1647.87,1621.42,1633.08,180048.5945,1632.5539999999999,1634.7286000000001,1638.78815,50.740141171922645,-0.7120598652679746,-1.0148434810417415,1.3638608021957184,31.7083022863367,1636.1843134850824,1628.9236865149173
ETH,2023-02-08,1679.14,1683.53,1652.86,1658.5,189511.2098,1660.0255000000002,1663.7913999999998,1671.0195,44.87280657385059,-2.0206496259486357,-2.195606407298928,2.5683369751795073,46.471196174387664,1666.7553899693878,1653.2956100306126
ETH,2023-02-09,1647.43,1650.42,1608.8,1630.63,284577.7461,1634.3545,1636.9743999999998,1637.8557999999998,35.504194459441734,-1.818714825463303,-1.5704168309870132,1.9396226805021684,31.973949907989226,1640.0792689036457,1628.6297310963541
ETH,2023-02-10,1548.24,1554.46,1529.36,1535.89,216707.9528,1541.27,1542.7957999999999,1539.9923,30.368631756977333,-1.4647830510530184,-0.9738299810855785,1.8639954593620893,16.229423110863745,1545.7523386753167,1536.7876613246833
ETH,2023-02-11,1513.8,1526.8,1513.77,1523.0,151495.8457,1524.2015,1524.431,1521.9195499999998,41.52544799192332,-0.02158499426900562,0.024958547681133127,0.6952874717680204,14.11544236805688,1525.324518699742,1523.0784813002579
ETH,2023-02-12,1531.89,1541.0,1521.12,1534.31,113184.8941,1534.359,1533.8048000000001,1529.20755,50.04160130784073,0.20648485336118938,0.2221949696781657,1.1765293936418846,17.691212787105812,1536.600141673341,1532.1178583266587
ETH,2023-02-13,1507.8,1526.1,1466.0,1486.59,399599.7386,1485.882,1485.6038,1484.7918000000002,56.77735624851503,0.35121058727190757,0.24573226035532814,1.0545553499419718,11.06149611739718,1487.091869414274,1484.672130585726
ETH,2023-02-14,1502.03,1569.0,1482.66,1539.24,446784.3455,1551.0545,1553.573,1521.77745,23.72188481522524,-3.240695735151803,-1.5008029592887036,3.023622000349784,37.21669123621679,1563.5684705529952,1538.5405294470047
ETH,2023-02-15,1548.96,1593.67,1542.55,1578.41,278377.2031,1578.538,1576.0006,1579.82495,51.82771026333826,0.8920166416726261,1.0290554729118337,1.5016653774549955,20.92318126391001,1581.0791068456485,1575.9968931543515
ETH,2023-02-16,1696.31,1700.0,1665.24,1693.28,336298.6234,1688.0415,1684.0806000000002,1681.7232000000001,66.80538627574343,1.5258889977110357,1.3237421626748815,2.5252434779400676,21.483283784842026,1692.6706566186533,1683.4123433813468
ETH,2023-02-17,1659.87,1683.55,1646.09,1671.92,274462.3424,1670.81,1665.499,1665.2550999999999,55.696348119462066,1.1695784611692943,1.2316653067601306,3.188281506729932,12.177046949114443,1674.7091794008386,1666.9108205991613
ETH,2023-02-18,1698.27,1703.99,1685.69,1697.44,134978.1709,1696.187,1695.9556000000002,1695.4651999999999,61.83670475023194,0.32488797457813234,0.26168691379375364,0.6939483903972226,21.94348631805774,1697.1779207838608,1695.196079216139
ETH,2023-02-19,1695.05,1723.85,1690.8,1712.36,185709.5802,1709.806,1708.6945999999998,1700.0020000000002,57.001081374823116,0.12022007918699273,-0.1501879047117161,3.1623609291229786,32.40986376209301,1719.1501712313052,1700.4618287686949
ETH,2023-02-20,1675.0,1719.89,1673.83,1712.32,256849.377,1708.4305,1709.4458000000002,1707.8107,66.38900086952114,0.4565937850707087,-0.11526447547739474,1.7473544536914116,18.191504264266513,1711.5806014268885,1705.2803985731114
ETH,2023-02-21,1705.76,1716.66,1658.74,1673.37,321802.7179,1668.8005,1671.0801999999999,1674.6061500000003,59.476517911982555,1.0491931351311905,0.018156062194036204,2.253973490266532,23.594416183791783,1675.786318420207,1661.8146815797932
ETH,2023-02-22,1640.71,1651.6,1604.5,1609.96,271018.8319,1613.0205,1620.4292,1636.5446000000002,39.30987153990956,-2.796755338267758,-3.0422808705176787,3.5302291940055275,38.20296660413296,1620.329033300067,1605.711966699933
ETH,2023-02-23,1647.17,1679.0,1628.75,1659.91,326698.4534,1656.6380000000001,1656.5966,1655.72815,56.887707584724616,1.418436234641831,0.8591146882577448,2.59507964230918,18.260242791712052,1663.9193723980948,1649.3566276019055
ETH,2023-02-24,1653.28,1657.65,1611.66,1611.67,225781.2858,1620.2055,1627.3947999999998,1636.7028,25.729037317350496,-3.354835782697819,-3.0351654072436647,2.967957594063565,41.454101996484596,1627.5507038092362,1612.8602961907638
ETH,2023-02-25,1602.41,1607.56,1592.46,1596.07,142269.0857,1597.8115,1598.1257999999998,1599.0911,32.984971941113244,-0.485655949248212,-0.25339916273660684,0.5391296377245334,18.960174568664147,1599.5885118176466,1596.0344881823535
ETH,2023-02-26,1589.91,1614.96,1589.62,1604.12,125800.1622,1603.148,1604.004,1602.09005,55.37784612454396,-0.141104614706137,-0.34324530522436447,0.6724031724841252,18.87252134909071,1604.4221993564217,1601.873800643578
ETH,2023-02-27,1643.8,1665.22,1631.15,1648.5,217723.5067,1656.9,1658.5557999999999,1653.49705,21.47040914823694,-2.6690280026875826,-1.5442227763621772,1.8319972600332137,29.941806492740508,1664.971128793445,1648.8288712065553
ETH,2023-02-28,1632.96,1647.52,1616.34,1640.28,179799.8413,1639.6380000000001,1637.8039999999999,1636.05345,55.28798001504434,0.8139715839931796,0.7691595768309707,1.8042346808945386,12.671169109078363,1642.2539021388982,1637.022097861102
ETH,2023-03-01,1615.39,1669.72,1613.53,1658.09,276896.4568,1655.6545,1655.6262,1653.5754499999998,59.08601550455233,0.718165088486785,0.21776034076038603,2.0497023919475184,14.572038952519605,1659.3932295970035,1651.9157704029967
ETH,2023-03-02,1647.29,1652.4,1619.18,1627.69,227917.049,1627.81,1628.0996,1630.7866999999999,47.301877358347575,0.31916859951229526,0.3131999971746621,1.4948192605600192,17.245812515997056,1631.1619307867777,1624.4580692132222
ETH,2023-03-03,1567.07,1580.87,1560.48,1567.01,303738.0508,1570.473,1570.3034,1569.4099,36.04325069526395,-0.8809094715243191,-0.3878031146668969,1.55798054107538,18.83293361522667,1574.1009310909021,1566.8450689090978
ETH,2023-03-04,1572.03,1572.91,1562.71,1566.6,88696.9307,1567.8384999999998,1567.5683999999999,1568.5314,36.38359708920878,-0.22391598650301603,-0.032011424933611296,0.34328881137013534,19.57039819575695,1569.1315007733779,1566.5454992266218
ETH,2023-03-05,1581.03,1581.04,1553.05,1570.87,127356.7777,1570.8004999999998,1570.029,1570.4331,52.39843611058857,0.3171947221608207,0.38529258281261647,0.49894788460747436,14.894101343849911,1572.6143078729574,1568.9866921270423
ETH,2023-03-06,1559.38,1575.0,1554.44,1570.77,140641.2094,1570.8705,1571.1904000000002,1568.2777500000002,49.13751992128075,-0.2836556129905148,-0.3132308257510941,0.6822399186786609,14.866799148844514,1572.784798566104,1568.956201433896
ETH,2023-03-07,1573.76,1584.49,1536.14,1565.63,234047.9803,1561.1979999999999,1554.8734,1562.6616999999999,60.943209444158725,3.7984230342217415,3.1836576851713785,4.2794096418897976,45.36385473536694,1570.9621847585872,1551.4338152414125
ETH,2023-03-08,1563.41,1566.02,1541.2,1561.99,238738.776,1559.9875,1555.8728,1553.4595000000002,57.1989130901531,2.0264539895667895,2.044294901599114,2.4661971496901143,17.560069637175886,1565.9992580623377,1553.9757419376622
ETH,2023-03-09,1540.68,1546.45,1522.52,1537.11,204965.826,1537.3205,1538.8136,1536.26565,44.556076080500844,-0.2569866583305611,-0.2966520544717617,1.04127389001788,20.27536036141092,1539.8563428579173,1534.7846571420828
ETH,2023-03-10,1428.0,1434.68,1368.39,1407.62,573319.2224,1404.341,1403.0224000000003,1402.7626,58.001705305658234,1.6925782071914455,1.2882996727199563,2.690800629857578,25.567122270974878,1410.7189272494932,1397.9630727505066
ETH,2023-03-11,1460.83,1469.32,1408.4,1430.83,863747.5266,1431.8915000000002,1432.1516000000001,1431.32185,45.03461317080906,-0.2451435759269316,-0.21271776345757568,1.210397521837482,13.829180042994485,1433.9048482061273,1429.878151793873
ETH,2023-03-12,1456.89,1475.05,1448.3,1454.11,347148.239,1455.203,1455.8791999999999,1458.20295,40.94377188396999,-0.33711407342229904,-0.37688348908047337,1.002802864756838,27.035611489754967,1456.8006370051562,1453.6053629948437
ETH,2023-03-13,1598.65,1693.49,1565.0,1668.87,783749.733,1681.923,1669.6516000000001,1617.6587,40.884892342212225,-0.02578598554623568,3.0641024319113273,6.452653058750804,25.89152241511839,1695.2757451859377,1668.5702548140623
ETH,2023-03-14,1676.34,1780.02,1655.24,1761.78,756381.3651,1764.854,1765.9360000000001,1740.51575,45.140739694278416,-1.232236147094909,-0.6716881463525298,3.5495027551041485,19.338704112090166,1772.7966630295496,1756.9113369704505
ETH,2023-03-15,1706.63,1711.37,1628.0,1629.02,510928.8809,1641.221,1646.838,1665.4826500000001,26.644262705027266,-4.432343371625393,-3.2014083518967236,4.445002276990888,17.832210768062,1652.9023644751128,1629.5396355248872
ETH,2023-03-16,1648.99,1669.99,1635.96,1659.66,365859.4421,1658.1825000000001,1657.9604000000002,1653.2491999999997,55.87199169474948,0.7666679368769564,0.5603372899795226,1.8343145133030667,11.47210359842934,1662.3287507159976,1654.0362492840027
ETH,2023-03-17,1708.69,1763.97,1696.37,1714.72,521006.9805,1715.3670000000002,1713.8873999999998,1729.9668,47.80763739843704,0.10337806442362307,0.13106499741088778,2.39299148209748,16.784351093727082,1720.3796404219847,1710.3543595780156
ETH,2023-03-18,1820.1,1841.0,1781.1,1788.47,311266.1747,1797.7745,1805.3383999999999,1815.5433000000003,37.20077590861168,-5.6638700678859095,-4.641644128163147,4.624421863744446,56.26112905013204,1814.0652329178363,1781.4837670821637
ETH,2023-03-19,1777.28,1812.86,1761.6,1793.62,216618.128,1792.7645,1792.9519999999998,1784.21095,50.82872241744603,0.24120267878583945,0.09547459442228248,2.8024357659591743,14.072899039555113,1796.869601582196,1788.659398417804
ETH,2023-03-20,1777.4,1803.05,1736.57,1768.76,393445.3398,1768.6605,1769.095,1770.40155,51.268567872616856,-0.4082236220137929,-0.12309531766876339,2.009913004349054,12.848691244523991,1772.3485860890064,1764.9724139109935
ETH,2023-03-21,1749.38,1835.0,1717.01,1813.37,445359.4225,1811.1035,1809.477,1805.3284999999998,56.80387360004202,1.3839114498837262,0.98984911161716,2.0755887573977345,20.3665836718881,1816.3417641206731,1805.8652358793267
ETH,2023-03-22,1797.77,1819.98,1781.1,1811.1,287257.5818,1814.0595,1810.9651999999999,1802.4401,46.38502012548692,-0.7267000252038542,0.20377283727936626,2.8368303315405807,21.28224717861519,1820.4028854525222,1807.716114547478
ETH,2023-03-23,1735.34,1857.16,1730.17,1841.81,397860.9987,1838.8825000000002,1822.2364000000002,1767.9442500000002,59.74377444091827,5.53628926388069,6.650817296831919,5.451870529540522,42.854562569568586,1846.2236358113964,1831.541364188604
ETH,2023-03-24,1817.54,1818.28,1753.0,1762.76,311439.5565,1765.0115,1765.0474000000002,1767.65975,41.63257087142015,-0.006117273632980869,0.10035969009881614,1.4623290121816355,13.26719615453729,1767.408975964822,1762.614024035178
ETH,2023-03-25,1757.66,1762.43,1736.05,1752.16,173612.0077,1749.145,1748.9694,1748.4442000000001,62.83930286124973,0.9436769623155215,0.5045493137210995,1.3007766329683328,23.37729098412555,1752.8340622114308,1745.4559377885691
ETH,2023-03-26,1751.5,1801.0,1746.0,1763.83,237159.6675,1766.2505,1765.2226,1775.7776000000001,39.60201650091841,-0.6614690479482306,-0.23305797591452201,1.5065185519150643,19.035112371017153,1769.425555747564,1763.0754442524362
ETH,2023-03-27,1767.41,1770.49,1731.72,1738.32,208257.5159,1737.4374999999995,1747.8234,1757.8234,44.269223019296234,-3.107290150398285,-3.944783397018036,3.166934936375847,52.58353089976047,1743.1831657577836,1731.6918342422155
ETH,2023-03-28,1709.22,1754.48,1706.18,1739.43,259494.4134,1742.3020000000001,1742.9388000000001,1738.7993999999997,39.019113148120844,-1.2450518929276768,-0.8405916276893293,1.8199507851250347,22.08470827334998,1747.739428068453,1736.8645719315473
ETH,2023-03-29,1786.76,1827.99,1775.01,1797.94,358785.5155,1805.2774999999997,1808.4718,1808.374,28.814190914790064,-2.8717347074100417,-2.0770178809963085,2.6530615402672972,35.04180838016869,1814.2753839178733,1796.279616082126
ETH,2023-03-30,1787.12,1829.69,1766.5,1793.97,346041.7492,1794.1315,1794.6126000000002,1800.9551500000002,49.92190218867406,-0.3945250256924737,-0.32606226637952035,2.159625817884734,20.858225331449347,1797.8121753456433,1790.4508246543567
ETH,2023-03-31,1811.46,1847.28,1777.91,1840.23,307745.793,1838.2585,1832.7619999999997,1811.3119,58.03760767651489,2.557655434092567,2.4989793129481725,3.1494209849115107,32.45470354952046,1844.4516487143549,1832.065351285645
ETH,2023-04-01,1823.98,1842.83,1812.12,1819.79,162161.7027,1820.7809999999997,1823.0007999999998,1824.9169,35.908638240397224,-0.7280256729393386,-0.6785127252597052,0.6932932989852538,40.59543504832984,1822.4959448970385,1819.066055102961
ETH,2023-04-02,1815.19,1824.81,1805.01,1815.58,138544.61,1815.7555,1814.5611999999999,1814.89555,51.300118298934315,0.4422900398544698,0.5288977527621257,0.632784208763536,15.186010994169155,1817.3034079429847,1814.2075920570153
ETH,2023-04-03,1787.3,1822.35,1762.77,1798.24,285448.6871,1806.1035,1807.7965999999997,1805.8241999999998,23.241819995933877,-1.7290388678611635,-0.79513591634916,1.7996008092383438,19.441128533278263,1811.7909889890109,1800.416011010989
ETH,2023-04-04,1810.8,1891.91,1803.17,1877.78,437088.4731,1867.675,1866.4946000000002,1867.7882,74.09470381389653,2.036914121399377,1.034926433001608,2.090253082870372,23.940180444744076,1876.1797104595178,1859.1702895404821
ETH,2023-04-05,1906.88,1942.98,1889.45,1900.36,291091.8567,1899.861,1902.8116,1911.71935,49.08472201683629,-0.120434528089163,-0.5271317788475219,2.3635012425373327,12.734652236102727,1903.5462782798797,1896.1757217201205
ETH,2023-04-06,1898.61,1900.48,1853.7,1865.19,252725.0789,1867.5379999999998,1867.1553999999999,1865.8208,40.58855459672392,-0.7260540377544658,-0.2522458444845976,1.639078824833944,22.07437005555731,1870.689752528265,1864.3862474717346
ETH,2023-04-07,1879.47,1879.6,1841.46,1859.84,202703.3727,1858.61,1856.3356000000003,1853.1055000000001,58.28233433583261,1.1447411058013586,1.174352417579521,1.2072818972970745,21.34407713362143,1862.3820657470212,1854.8379342529786
ETH,2023-04-08,1856.06,1879.38,1855.74,1870.83,104269.3103,1870.0965,1868.9286000000002,1867.3817,69.1155709904886,0.5296612715146694,0.5121293091675577,0.2547070358393898,34.86437551566887,1871.2463917340306,1868.9466082659696
ETH,2023-04-09,1856.71,1859.6,1824.01,1833.47,160840.1123,1830.6675,1834.2497999999998,1836.8829999999998,54.89347277623571,-0.22023296611132537,-0.8417064130180791,1.346137203102796,37.94522820982215,1834.2589725391408,1827.0760274608592
ETH,2023-04-10,1854.27,1866.01,1846.4,1856.7,148177.4776,1854.173,1852.3053999999997,1854.6601999999998,66.52941685518273,1.2255423879475984,0.9050725636038722,0.8188895084158809,24.02229748384597,1857.6766443883457,1850.6693556116543
ETH,2023-04-11,1912.55,1937.37,1904.0,1909.32,208778.5672,1916.729,1917.3962,1916.04285,28.86583815177481,-2.0189934500615436,-0.9328714734744429,1.8407218881114842,34.91535979942049,1924.4236654248236,1909.0343345751764
ETH,2023-04-12,1892.83,1931.05,1852.65,1918.46,364705.7441,1915.646,1903.471,1886.3522,59.247531048006046,4.280735299199705,5.113479797462796,3.756335781905613,44.81782301829117,1928.2921020081012,1902.9998979918987
ETH,2023-04-13,1904.4,2008.39,1899.55,2000.01,465504.9447,1997.252,1995.6375999999998,1994.8373000000001,61.22780125048843,1.106583957982366,0.7532036199998725,1.6311207054612236,23.986829650047095,2000.8401114807107,1993.6638885192892
ETH,2023-04-14,2107.16,2128.76,2080.15,2099.31,439587.3539,2096.4565,2100.6112,2106.5517,53.435472282249506,-0.367710838167568,-1.0994313610589341,2.3926172120209923,26.184386970683473,2100.51801338801,2092.3949866119897
ETH,2023-04-15,2081.16,2111.85,2071.13,2099.31,163690.5756,2099.1435,2097.9700000000003,2101.44455,51.72447294106665,0.26843793432090024,0.32614938783446396,0.7591684943420063,19.086651575676225,2100.5288126000805,2097.7581873999197
ETH,2023-04-16,2080.35,2102.6,2076.02,2088.47,123733.16100000001,2085.334,2085.1938,2087.75365,63.77186866642218,0.10040563730080976,-0.16184241814573747,1.1449118630883992,15.81262313849855,2087.3076504249298,2083.36034957507
ETH,2023-04-17,2090.93,2107.52,2056.25,2068.61,239915.9485,2073.619,2072.3788,2074.4834499999997,31.098615797444403,-0.6276413612285978,0.11616158332497126,1.5501629592251878,16.138749759153434,2077.4662270535227,2069.7717729464775
ETH,2023-04-18,2064.64,2125.0,2060.93,2098.61,238853.8042,2098.2095,2104.0398,2110.4915,45.5050832651553,-1.6784168917097304,-2.2542725698177266,2.0368121616263406,47.819835582162206,2103.0899404515053,2093.3290595484946
ETH,2023-04-19,2096.6,2100.08,1962.06,2003.69,501746.6404,1995.8319999999999,1991.8192000000001,1981.8672499999998,75.60824794139478,2.7671169354021004,1.9683270740796837,2.0763453212973255,32.90118906840227,2002.6188655504693,1989.0451344495305
ETH,2023-04-20,1944.35,1982.99,1923.69,1968.56,319238.1001,1971.739,1972.6830000000002,1962.1396000000002,39.27536467663655,-0.8211769749227642,-0.5098799287465736,1.8782367281538472,19.431137065433273,1975.5030345375196,1967.9749654624804
ETH,2023-04-21,1945.54,1950.06,1890.6,1915.89,336715.3357,1914.744,1910.9547999999998,1912.87925,60.16898217846241,1.4077002800775062,1.4132374554930445,1.8978892465822106,33.059659306533995,1918.0541867018133,1911.4338132981866
ETH,2023-04-22,1848.92,1865.15,1841.64,1853.1,164029.0639,1854.4445,1852.0413999999998,1853.11795,48.160576750811906,0.5852463255007478,0.7965668151998635,0.8702667103145808,24.72460854002625,1856.4087146013248,1852.4802853986753
ETH,2023-04-23,1858.83,1882.01,1850.44,1873.08,157286.7346,1873.5115,1873.5398,1873.4265999999998,47.08020160460501,-0.06103277904412607,-0.014993957507413929,0.7737694470579032,13.568063662441922,1875.0803757120766,1871.9426242879235
ETH,2023-04-24,1888.35,1890.0,1827.23,1855.74,235852.5529,1865.5550000000003,1866.7166,1855.82375,21.2475034534925,-2.716490943083272,-1.2562638042918368,2.439996325842969,33.06380151195706,1875.193341143587,1855.9166588564135
ETH,2023-04-25,1841.17,1843.6,1801.66,1810.96,227225.0148,1813.252,1817.0554000000002,1823.27655,41.92455346437333,-1.9917580923561218,-1.837207606030424,2.497292175144606,31.32667277487188,1818.7204279276684,1807.7835720723315
ETH,2023-04-26,1865.37,1964.72,1858.25,1939.0,427658.35719999997,1938.4620000000002,1945.8208,1939.2993,43.66749752123147,-1.9192093580093115,-2.277907414115374,2.017755537033568,34.923783311388874,1941.8551377806045,1935.068862219396
ETH,2023-04-27,1915.74,1918.68,1861.85,1886.21,373409.6145,1886.7179999999996,1887.3822,1882.3123999999998,47.849091084355294,-0.2947707273231117,-0.3518576622070147,1.8079176396473773,15.449170263258509,1889.6318194865867,1883.8041805134126
ETH,2023-04-28,1907.76,1923.88,1880.32,1893.8,211958.5662,1894.8955,1892.309,1900.6173999999999,49.07439003198774,-0.1795590703329708,0.3111619666075956,1.955566631318046,20.135542700034176,1898.859454969474,1890.9315450305262
ETH,2023-04-29,1889.22,1916.23,1889.22,1914.82,99852.4307,1912.7309999999998,1912.3222,1902.12625,63.60818033379636,0.8366192737307756,0.6893451097730585,0.9335175448200658,29.731279204921613,1915.2006955278282,1910.2613044721713
ETH,2023-04-30,1900.9,1913.37,1893.0,1907.49,92258.6487,1902.8075000000001,1903.4328,1902.2894000000001,79.0740525390624,0.46133969466768576,-0.035745324919311844,0.6389055067368669,24.35539141970988,1905.3434091071947,1900.2715908928055
ETH,2023-05-01,1883.15,1884.51,1823.0,1838.65,225499.9772,1841.1174999999998,1842.6858000000002,1845.86195,39.18552275179931,-1.070150990319462,-0.8394407062299067,1.8491478179172542,23.027635709913156,1844.2823751949952,1837.9526248050045
ETH,2023-05-02,1832.0,1860.0,1822.94,1857.0,175341.3571,1850.19,1838.6626,1833.7198,65.58592345385568,5.160492440284543,5.1551562645058056,4.283938873006807,50.23244569976024,1860.7397999981047,1839.6402000018954
ETH,2023-05-03,1862.97,1872.39,1842.64,1847.88,156053.0892,1852.399,1854.3798000000002,1856.2065,28.972514497591067,-1.1867146817867251,-0.824391309811258,1.3175098873725575,31.41236933139353,1855.8562758061512,1848.9417241938486
ETH,2023-05-04,1902.48,1918.26,1876.99,1890.18,209784.7751,1888.4235,1887.5858,1896.9923499999998,58.72003746574814,0.6620407024167889,0.4094111979923435,1.4113216633004428,13.45135112175991,1890.9910768732236,1885.8559231267766
ETH,2023-05-05,1877.61,1953.01,1877.61,1948.54,288211.59990000003,1941.449,1936.8644,1916.11405,68.83848737058247,3.8092701697144093,2.878745247009437,2.719400115464353,47.20061308657302,1951.8425189421132,1931.055481057887
ETH,2023-05-06,1990.38,1990.52,1860.0,1882.73,382376.99569999997,1877.0595,1884.1136,1909.79535,61.14502509332069,-0.5160225461920618,-1.9065122268411534,2.2722592152151186,43.74948361453941,1881.495937646975,1872.623062353025
ETH,2023-05-07,1902.37,1926.66,1887.45,1917.77,195795.866,1914.766,1913.5142,1909.2242,58.13375293293751,1.675322807524708,1.3019493063005054,2.1690310790268583,34.87681242164918,1922.1134986219554,1907.4185013780448
ETH,2023-05-08,1878.53,1882.2,1835.0,1852.85,327251.0757,1853.837,1855.2082,1859.0397,46.13211622795475,-0.8103410234016337,-0.6729178915832617,1.7932284492434722,28.998945142257114,1856.804053083403,1850.869946916597
ETH,2023-05-09,1845.55,1855.35,1830.99,1840.76,165818.9496,1839.2199999999998,1839.7351999999998,1844.8020500000002,55.30952917664889,0.25159251319132636,-0.07230245537166642,1.3522634486367564,23.220105843557146,1841.5315276334045,1836.908472366595
ETH,2023-05-10,1850.94,1887.47,1834.23,1875.66,252697.8292,1877.1085000000003,1876.7932,1866.3023,43.07889601379537,0.0015219506553876272,0.21610847294175925,1.3293392584293584,12.149776603822263,1879.4503733953857,1874.7666266046149
ETH,2023-05-11,1835.63,1839.0,1792.24,1804.86,273162.2959,1806.0640000000003,1806.3536000000001,1817.84605,46.38460600050934,-1.0007288844765299,-0.7971138851880224,1.9755622865596691,31.906560833686388,1810.1640507313864,1801.9639492686142
ETH,2023-05-12,1798.19,1798.48,1740.0,1774.94,323924.3884,1774.5735,1774.5574,1770.3278500000001,51.96743892619707,-0.37423959588727485,-0.36278410369704467,1.6617984846522087,12.493245195672078,1777.5425623100036,1771.6044376899963
ETH,2023-05-13,1813.17,1817.03,1785.23,1796.01,115220.784,1796.2725000000003,1798.7061999999999,1802.139,47.24124697107504,-1.0102575723065002,-1.2455537927161868,1.7005656322082543,39.43541416549567,1801.0396579583878,1791.5053420416127
ETH,2023-05-14,1794.63,1813.21,1792.4,1805.5,86481.9384,1806.48,1807.4888,1804.05195,42.080852654738806,-0.2460901050544635,-0.19683011083135685,0.8230300237237198,18.445549566107754,1808.0617458708762,1804.8982541291239
ETH,2023-05-15,1795.54,1836.06,1794.4,1820.04,229115.9529,1819.1440000000002,1820.4547999999998,1824.7966000000001,50.42368815256721,0.27201166158488377,-0.005809481686682494,1.2393081641401589,27.743845328525747,1822.9779973917036,1815.3100026082968
ETH,2023-05-16,1808.8,1827.18,1796.2,1813.19,181527.5941,1814.0704999999998,1814.5592,1816.94,46.28335852919972,-0.5764122312561994,-0.4086725364454989,1.341384333745075,17.92382894964695,1816.819576026598,1811.3214239734016
ETH,2023-05-17,1823.94,1837.5,1783.68,1791.19,192031.5398,1791.9085,1791.875,1794.19715,48.622535536848034,-1.1048629590184191,-0.7797601113851771,1.768807738328053,24.138667909180082,1796.5349339399247,1787.2820660600753
ETH,2023-05-18,1823.44,1831.92,1812.62,1820.67,113624.9232,1821.2625,1819.2223999999999,1820.5382499999998,49.317789122063296,0.7858604983027817,1.0017874864608345,1.1263012453548304,23.609683110898423,1824.5592370231798,1817.9657629768203
ETH,2023-05-19,1802.53,1818.8,1796.81,1809.35,119376.2731,1810.2539999999997,1811.1003999999998,1812.4005000000002,44.208132475205126,-0.3693856364320709,-0.31919971761352617,0.8421743332314428,20.656799909923052,1812.0725202775643,1808.435479722435
ETH,2023-05-20,1809.39,1818.2,1807.95,1815.42,58989.5057,1816.2115,1816.1380000000001,1814.5722499999997,41.24441146936103,-0.3643557928739938,-0.24387493972466037,0.2954766278136817,22.607658653275216,1818.1239881698618,1814.299011830138
ETH,2023-05-21,1823.88,1823.89,1806.54,1815.43,78183.1183,1815.6155000000003,1814.1382,1812.1797,52.39447412317745,0.5244618948813695,0.6477198623365747,0.479655170713304,35.75488314946962,1817.1897614141265,1814.0412385858742
ETH,2023-05-22,1799.28,1828.27,1792.03,1819.66,137586.7461,1818.9959999999999,1819.1772,1815.7314,53.17490304123891,0.4939427963674916,0.4096264702528673,1.241920291304452,15.785054433180534,1821.7609477391056,1816.231052260894
ETH,2023-05-23,1820.45,1872.5,1819.15,1852.69,303256.4227,1851.4815000000003,1849.7053999999998,1852.0104999999999,60.61010266614925,0.40198656751908857,0.45367828607637906,0.8079803225570679,22.825961205582274,1852.954867231876,1850.0081327681246
ETH,2023-05-24,1849.38,1849.68,1777.6,1790.39,272187.9475,1788.7720000000002,1792.1081999999997,1809.8274500000002,49.2698345786068,-0.27408240105933146,-0.9910340750444598,1.8660159463712047,30.430256197967008,1793.103122718258,1784.4408772817424
ETH,2023-05-25,1787.17,1812.76,1761.41,1800.93,197519.4765,1798.0899999999997,1797.9386000000002,1797.3673999999999,63.916939086484355,0.7279319408617084,0.4030439175728663,1.0939803000426802,24.228707592820808,1801.3399846152731,1794.8400153847263
ETH,2023-05-26,1808.6,1838.2,1796.99,1830.78,174732.2078,1832.0080000000003,1827.2669999999998,1818.7114,50.04183693172125,1.9951187838157693,2.489052239240937,2.0217398953737598,35.835605844646594,1839.3514830973231,1824.6645169026774
ETH,2023-05-27,1827.49,1836.12,1812.18,1823.77,90571.38739999999,1823.959,1823.0996,1826.87325,50.20133145420557,0.25169912843011844,0.2259104237591562,0.6979152245148118,21.11410310252452,1825.8673699851117,1822.0506300148884
ETH,2023-05-28,1849.38,1859.0,1837.17,1841.32,131978.5451,1841.016,1842.1598,1842.6347,49.95464268218735,-0.4025995082931786,-0.4950791998230127,0.4658726763263803,20.532107743710352,1842.2487270581787,1839.7832729418215
ETH,2023-05-29,1914.02,1919.19,1885.0,1895.27,169710.6424,1897.3110000000001,1899.1872,1900.3580499999998,42.896245231513475,-1.7108327828723304,-1.3266829498505464,1.8170347367938473,37.21623032427801,1902.984111668209,1891.6378883317914
ETH,2023-05-30,1896.54,1917.0,1892.72,1904.05,151985.6988,1905.545,1906.2628,1910.17995,42.61483194950371,-0.7609124638138383,-0.6136095386515775,1.3034134748308295,18.08518994399211,1908.6198691029258,1902.4701308970743
ETH,2023-05-31,1903.59,1907.13,1846.95,1857.7,227424.7336,1856.1080000000002,1861.9384,1866.41975,47.86427663419065,-1.1592529824613393,-1.7704680245250604,1.8803700799495964,36.009490884268615,1859.145996708125,1853.0700032918753
ETH,2023-06-01,1879.0,1879.54,1840.0,1858.95,131632.4193,1858.3704999999998,1860.6128000000003,1861.53125,48.256407476534115,-0.6341693691874752,-0.819233382613779,0.918384285570376,21.731510130638153,1859.3367603167385,1857.404239683261
ETH,2023-06-02,1860.92,1900.64,1860.33,1885.46,196041.6065,1883.359,1882.5818,1889.6114000000002,58.917494942971494,0.40961672452567655,0.20162636054947203,1.1844055592604004,13.557731545586956,1885.2977408284924,1881.4202591715075
ETH,2023-06-03,1905.39,1906.7,1897.42,1901.92,70601.4296,1901.7355,1901.8578,1903.41,52.751723988478275,-0.30544038533776074,-0.2393572119746187,0.4063848690852982,28.67486500103821,1903.1685593148911,1900.3024406851089
ETH,2023-06-04,1891.91,1914.63,1889.51,1904.91,79405.8111,1903.1925000000003,1904.4842,1904.105,59.42338565571514,-0.23198364916515857,-0.5837017337703628,0.8686342953369828,17.328747189906313,1906.4396641473866,1899.945335852614
ETH,2023-06-05,1879.3,1887.0,1859.04,1866.89,145564.9352,1867.3134999999997,1867.425,1867.5560500000001,47.58545716123734,0.040806216676401164,0.01275047259571422,0.8032346493581944,18.023380222549093,1868.4665875943326,1866.1604124056669
ETH,2023-06-06,1807.75,1841.29,1797.18,1834.53,199176.3749,1833.141,1828.0504,1814.10875,56.3855613228211,2.339535544890623,2.4560467504072983,2.7503469811536623,45.017678719545586,1838.6547061945425,1827.6272938054576
ETH,2023-06-07,1883.41,1883.79,1838.83,1844.23,211594.4087,1851.229,1857.6478,1863.4103999999998,34.730350945122176,-3.6968053446312297,-2.843138222244863,3.6424126320132597,43.195780727328916,1860.2944550905981,1842.163544909402
ETH,2023-06-08,1838.04,1861.28,1828.31,1856.57,119672.6171,1854.025,1849.3862,1846.1073,61.53152903475804,2.502117872141298,2.433094244996725,1.8749336534823033,46.298092590183785,1860.9389438817727,1847.1110561182275
ETH,2023-06-09,1845.93,1855.0,1827.0,1845.48,124530.0781,1849.3579999999997,1848.9902,1847.5752499999999,27.480767216714366,-1.0389121201340004,-0.4175539902853178,0.7762196087796204,28.005069047070275,1853.710344655455,1845.0056553445445
ETH,2023-06-10,1841.78,1843.44,1715.03,1742.4,478836.0242,1742.9789999999998,1743.0910000000001,1743.06595,46.923629151664116,-0.24713532608939204,-0.23488392792345966,0.952204384926717,13.007565634207902,1744.9734813861464,1740.9845186138532
ETH,2023-06-11,1746.28,1759.76,1738.72,1743.08,95963.9542,1744.3140000000003,1743.7828,1748.3149000000003,44.13550259875592,-0.5416308007277166,-0.3418671552483674,0.8700328525632447,22.977952857533882,1747.23837617276,1741.3896238272407
ETH,2023-06-12,1748.57,1759.33,1720.11,1738.25,170267.6496,1739.9540000000002,1740.092,1743.0963499999998,37.03250996920565,-0.55494573851729,-0.30951118454582144,0.8429643299082776,14.922694772098282,1741.737966367389,1738.1700336326114
ETH,2023-06-13,1736.6,1770.13,1728.88,1738.92,186576.8208,1737.815,1737.6386000000002,1745.2089500000002,55.41938960781285,0.30802414515255805,0.0964898478753899,1.377185291642862,11.736542562580581,1739.3987613457623,1736.2312386542378
ETH,2023-06-14,1744.13,1750.03,1737.0,1742.98,81726.2009,1741.6775000000002,1741.5144,1744.29015,62.63299452288475,0.02833355723078057,-0.12013866072345038,0.5192127743451901,21.20169502042835,1743.4549011927702,1739.9000988072303
ETH,2023-06-15,1651.97,1654.0,1626.01,1644.81,211329.0514,1646.646,1647.5524000000003,1642.97545,34.89559993812555,-0.32128450355685345,-0.2555170849104915,0.841143120913791,14.095522464879135,1648.0537414534754,1645.2382585465245
ETH,2023-06-16,1662.79,1677.13,1661.82,1664.27,110649.0571,1664.6950000000002,1664.6224000000002,1666.6638,45.2025259208191,-0.018561454720611437,0.04521056685111796,0.6236166371259267,17.386019501125467,1666.0468209940268,1663.3431790059735
ETH,2023-06-17,1717.83,1770.0,1714.26,1734.04,148362.2739,1734.7994999999999,1737.3483999999999,1739.3889,37.44964162242918,-0.9430030436749348,-1.078620945284126,0.6838555639400813,44.16495145321671,1737.0480415272743,1732.5509584727254
ETH,2023-06-18,1724.55,1740.0,1722.43,1739.23,62327.8978,1736.6585000000002,1734.8012000000003,1734.3326499999998,68.82332052794953,1.1283282654783306,0.9970852674256042,0.702127056590627,45.11653819892926,1739.901728484101,1733.4152715158993
ETH,2023-06-19,1724.11,1734.04,1716.01,1719.12,73761.5554,1719.6444999999999,1723.5664000000002,1726.9129,38.39441314871955,-1.1863165669722093,-1.378104989039481,1.1195507326612149,41.90846621369104,1721.0015921117842,1718.2874078882155
ETH,2023-06-20,1743.36,1744.4,1714.72,1719.05,93783.7524,1718.4279999999999,1722.1157999999998,1729.0578500000001,46.19850819979809,-0.7917568600205414,-1.2321194967197304,1.3738819245620617,50.389608263373,1720.6104628290502,1716.2455371709495
ETH,2023-06-21,1814.09,1848.0,1806.22,1845.47,253676.0414,1839.6309999999999,1832.7086,1826.44715,66.95149592228516,4.494767329176284,4.2148629853394874,3.3786172199553635,51.27936152245757,1852.6172248555863,1826.6447751444134
ETH,2023-06-22,1919.71,1933.17,1874.5,1877.22,242254.4708,1888.5375,1894.7352,1895.57485,17.972819386363092,-4.498481692053247,-3.377224474291814,2.8568413089210702,49.02991018041656,1899.5490627864178,1877.525937213582
ETH,2023-06-23,1879.68,1888.69,1861.01,1877.39,128889.3907,1874.7215,1872.8092000000001,1875.33285,61.44349770928162,0.8838723510025375,0.6623247309005779,1.475104199275622,11.044293713444002,1877.1106444075556,1872.3323555924446
ETH,2023-06-24,1883.22,1906.0,1879.34,1893.71,106368.5788,1891.6884999999997,1891.5168000000003,1893.7745000000002,64.17218986926017,0.44377861744646907,0.18165206289184196,0.7549771605396607,14.111982504910827,1893.7665016842775,1889.610498315722
ETH,2023-06-25,1876.13,1930.0,1875.27,1904.37,218384.5983,1904.2255,1904.5744,1910.1652,51.4919985916561,-0.1374306687923763,-0.21492934399153257,1.1199494238340715,18.34812662791601,1906.2825607672023,1902.1684392327977
ETH,2023-06-26,1874.57,1909.1,1866.0,1889.92,210929.9825,1894.5940000000003,1897.3668,1886.43875,35.44702027641279,-2.2206688816843325,-1.714646207288111,2.0921919960587814,28.460958269411297,1902.2445408959038,1886.9434591040967
ETH,2023-06-27,1857.13,1896.55,1856.66,1883.4,172197.5102,1884.7955000000002,1883.9877999999999,1881.0801000000001,47.85537141153257,-0.05685818323604508,0.19247889100028917,2.402774009980327,13.115986129035726,1887.674148814952,1881.9168511850482
ETH,2023-06-28,1873.14,1873.8,1845.06,1866.39,166754.6456,1860.959,1857.3624,1858.1821000000002,73.79403145003187,2.582824885232185,1.9186644611324026,1.5695212831802974,27.63991941808769,1867.5808906665584,1854.3371093334417
ETH,2023-06-29,1840.1,1880.0,1831.25,1857.8,158817.4089,1859.191,1859.3496,1866.4738,44.75357006785054,-0.6020946169564922,-0.568405646023872,1.2630252590495208,27.6227201271029,1862.8323673255695,1855.5496326744305
ETH,2023-06-30,1846.8,1913.4,1825.01,1852.73,384645.606,1854.9344999999998,1852.4796000000001,1883.6013500000001,45.7141525014931,-1.0444215475574765,-0.5873510442632748,2.8727637543722193,14.29970472610974,1859.93176915434,1849.9372308456598
ETH,2023-07-01,1929.64,1930.87,1909.44,1922.32,109273.8136,1923.655,1923.6272,1924.6832000000002,41.23135181553623,-0.31391197011475924,-0.1135682607391503,0.7507860538335697,13.351463921200558,1925.235082276309,1922.074917723691
ETH,2023-07-02,1921.51,1923.5,1910.06,1918.68,75943.4467,1917.5330000000001,1916.9404000000002,1917.8216999999997,59.5976149419696,0.30633602345756117,0.18694828418533443,0.6098057534833461,22.69852965712571,1919.1117602731144,1915.9542397268858
ETH,2023-07-03,1938.13,1976.0,1938.06,1961.11,178326.8713,1961.5485,1963.4814000000001,1963.5704999999998,45.946244107198204,-0.9435806278972905,-0.9567274983823906,1.1835246253597234,33.109227962108925,1964.3167577553963,1958.7802422446039
ETH,2023-07-04,1950.83,1967.08,1946.39,1958.93,111623.5169,1959.104,1957.8185999999998,1958.24755,51.42986937957633,0.26440674405671416,0.4009439069047331,0.3845191248176078,18.265035486328706,1960.0346642789298,1958.1733357210703
ETH,2023-07-05,1941.67,1942.5,1894.51,1908.56,182258.327,1907.7694999999999,1906.2178,1907.3276500000002,56.454124753559036,0.7139544876988566,0.7482562069266676,1.0154984179459183,18.633012189320347,1909.6700943807891,1905.8689056192106
ETH,2023-07-06,1902.45,1958.0,1865.08,1868.0,299865.9313,1875.0824999999998,1884.1486000000002,1904.98215,36.362147286104246,-4.616469368126673,-4.207227853766252,3.724638926307141,48.40500500140225,1885.0246524329914,1865.1403475670081
ETH,2023-07-07,1846.58,1878.0,1842.8,1870.69,131140.9686,1870.3535000000004,1871.3754000000001,1865.21575,51.207783290003775,-0.04271086725589157,-0.066082657272773,1.3242926122682046,15.38399114154204,1872.6083106348585,1868.0986893651423
ETH,2023-07-08,1869.85,1876.0,1855.0,1860.01,66490.1961,1860.291,1860.0074,1858.84145,48.10720532148535,-0.005520996663108235,0.05570206285093587,0.22430108711681013,13.825915921391704,1861.0396227354595,1859.5423772645404
ETH,2023-07-09,1870.54,1879.36,1856.66,1870.83,73089.844,1864.1794999999997,1863.5119999999997,1869.8002999999999,67.96400952015071,2.161599291531047,1.0755708887623519,1.9884314696705192,38.58169016320295,1872.3466720319805,1856.012327968019
ETH,2023-07-10,1852.64,1870.0,1849.4,1864.12,87548.6228,1867.4740000000002,1866.1861999999999,1864.73435,34.51957728924805,-0.651003924465158,-0.06654017597338086,1.0615615230023192,29.910371635631265,1871.335038202339,1863.6129617976612
ETH,2023-07-11,1880.0,1891.99,1862.38,1872.5,107410.2687,1870.857,1868.629,1869.04725,63.60861822502713,1.223177238719245,1.1544182048659963,1.0584172742666533,22.862443355694513,1873.9596124476257,1867.7543875523743
ETH,2023-07-12,1882.67,1902.0,1878.2,1895.2,143724.7819,1893.5134999999998,1891.5323999999998,1889.5432,63.40219188360761,0.9886883678525464,0.90772787336201,0.8352606371069663,29.819773658143045,1895.8020128358864,1891.2249871641131
ETH,2023-07-13,1869.95,1887.68,1862.59,1883.94,93220.5322,1882.5695,1882.94,1882.73775,58.45536180237482,0.5064283986994269,0.2845429696357921,0.7738732369451189,24.855226275839527,1884.9289531145348,1880.2100468854653
ETH,2023-07-14,2014.24,2017.77,1983.81,1997.49,167194.1002,1995.8080000000002,1997.0778,1992.79375,56.04825257215748,-0.15391416026795923,-0.25093788915641396,1.4302106447671468,12.976774053498394,1997.8378039314823,1993.7781960685181
ETH,2023-07-15,1930.55,1946.37,1926.23,1935.25,82727.3299,1935.6004999999998,1935.9290000000003,1937.8691000000001,45.12493873245446,0.0009816666145070485,0.02240468329754982,0.4693893948058293,16.88063687926186,1936.5864102392932,1934.6145897607064
ETH,2023-07-16,1935.01,1942.92,1914.0,1940.0,91820.3003,1937.4505000000001,1933.7916,1932.2205,65.2994436192055,1.6676644714948452,1.7735168473348983,1.3443667517534836,50.13086098438552,1942.9485341031846,1931.9524658968157
ETH,2023-07-17,1919.01,1936.18,1889.36,1913.76,130096.5015,1912.9824999999996,1914.0824000000002,1911.3235,54.30322007717223,-0.007203677537972908,-0.25646112087227785,0.7135066404786041,25.707551969713972,1915.5741625937067,1910.3908374062926
ETH,2023-07-18,1914.31,1916.6,1885.08,1897.19,126748.4044,1897.7455000000002,1895.2084,1894.9229,52.602944907622856,0.23706212442675678,0.4961793010802762,1.488435799394735,20.01987316511736,1902.5754543476007,1892.9155456523997
ETH,2023-07-19,1907.5,1922.04,1897.82,1901.52,93745.1657,1903.223,1906.1358000000002,1907.4744500000002,41.556826679002,-1.1702316128414623,-1.1916734563811184,1.6477159000726094,40.00845204842758,1905.70189572189,1900.74410427811
ETH,2023-07-20,1893.45,1929.05,1892.28,1898.56,158390.3205,1908.541,1913.914,1917.8908999999999,15.89003618483275,-3.85578802043824,-2.6943156567509847,2.276903070365677,55.98724359546234,1917.9794424562492,1899.1025575437507
ETH,2023-07-21,1892.4,1901.76,1884.64,1889.6,93878.8787,1889.0245,1888.8914000000002,1890.7203499999998,53.67146260172418,0.0332160018444938,-0.057900786681399405,0.7275358130099776,13.245349868078831,1890.3470804323208,1887.7019195676792
ETH,2023-07-22,1895.82,1895.87,1883.79,1888.81,52258.8181,1887.6925000000003,1887.7758,1887.2045500000002,60.31489533862696,0.1358474515029684,-0.08099089620710778,0.40954928024763454,25.498731897395132,1889.7229174447566,1885.662082555244
ETH,2023-07-23,1869.8,1879.14,1867.12,1874.56,52493.2044,1874.1545,1874.2302000000002,1874.2957500000002,58.625079473450384,-0.015745078406325774,-0.05404314100270644,0.17884625007134677,14.183123806048064,1874.769299967592,1873.5397000324083
ETH,2023-07-24,1882.55,1883.04,1833.19,1843.96,171450.7299,1846.234,1847.7526,1850.76285,38.502996231868906,-1.3138367395690693,-1.0170466998128622,1.4524697861409068,39.84603640020488,1849.8170233043709,1842.650976695629
ETH,2023-07-25,1845.62,1868.71,1845.62,1858.11,89634.2946,1861.4145,1863.3024000000003,1856.9698500000002,34.665367919839326,-1.799005016075398,-1.3362291983736339,1.060997188969717,29.257342440956908,1867.478206704654,1855.3507932953462
ETH,2023-07-26,1854.53,1866.94,1848.35,1859.1,109780.5789,1859.0724999999998,1857.8244,1855.1586499999999,55.21162785654276,0.37497216971519265,0.4553926680814985,0.5403851188761007,17.984649227908992,1860.3731133168656,1857.771886683134
ETH,2023-07-27,1872.44,1886.11,1864.7,1871.0,94110.7777,1871.895,1873.2604000000001,1875.51475,39.30778126987961,-0.5574106606120495,-0.5674808213827686,0.7324800163783118,27.296713169338485,1873.3086689853546,1870.4813310146453
ETH,2023-07-28,1862.46,1883.39,1856.52,1877.77,92390.455,1878.5065000000002,1875.0811999999999,1871.0418,52.303252198332416,0.6199664228336133,1.0924961898752754,1.2876678333233422,30.797608248790823,1881.1394092273276,1875.8735907726727
ETH,2023-07-29,1874.38,1877.09,1869.54,1873.31,39779.0088,1873.8944999999999,1873.6672,1873.0025,30.44694590717259,-0.06948436965376459,0.020007233887845137,0.11091158188207767,26.967284625074168,1874.40832779214,1873.3806722078598
ETH,2023-07-30,1880.39,1880.39,1871.37,1875.38,48744.7527,1875.4355,1874.6378,1875.4883,54.22498179829878,-0.05707389251983841,0.043898637211283426,0.2953678793610049,30.964274194926414,1876.6251970202693,1874.2458029797308
ETH,2023-07-31,1868.0,1875.29,1860.2,1862.42,83010.8065,1862.1535,1863.3754,1867.865,48.6261868943194,-0.464407020727549,-0.6143347746781107,0.8113990575321651,21.117018258555834,1863.4899321905825,1860.8170678094173
ETH,2023-08-01,1860.77,1861.0,1815.98,1834.59,184279.9113,1833.81,1833.8476,1832.59535,56.02398494479006,0.01906722678108963,-0.07843873316085928,0.8272097387555626,13.971321303720535,1835.5866147584966,1832.0333852415033
ETH,2023-08-02,1874.78,1879.74,1841.13,1845.62,116260.6623,1845.3625,1847.7076000000002,1854.2402499999998,48.63839356755173,-0.5322320274435697,-0.8442679386609494,1.290672775274536,22.679087695154372,1847.8380676116576,1842.8869323883423
ETH,2023-08-03,1840.17,1846.07,1826.0,1841.98,76822.4453,1838.8709999999999,1838.7518000000002,1837.12525,70.65873228228712,0.796708727951227,0.4236392868581097,0.8487174242481644,26.894581086843832,1841.8075755566804,1835.9344244433194
ETH,2023-08-04,1836.34,1851.31,1828.35,1844.77,90789.8787,1844.8715,1843.234,1839.2195,53.59868649811646,0.5467394898728344,0.6897393024713502,0.8421638689576725,21.148952310387216,1846.3237158929896,1843.4192841070103
ETH,2023-08-05,1830.65,1836.0,1827.5,1833.51,46453.15,1834.7130000000002,1834.2638,1832.8612,33.220060003419825,-0.1729891430106818,0.024493325148738337,0.33551156294660994,16.726018329351852,1835.8099794892476,1833.6160205107528
ETH,2023-08-06,1836.57,1838.58,1825.86,1829.95,52155.913,1830.2765,1829.3606000000002,1830.5261,50.09588315817405,0.349862782379887,0.4323971742376624,0.3173940769312118,21.379615575234162,1831.3317776886292,1829.2212223113706
ETH,2023-08-07,1836.0,1847.0,1826.49,1831.2,89317.1431,1829.4150000000002,1829.606,1832.3706,59.44014261801201,0.3551105933670442,0.11362458042421894,0.900924760058496,15.528229800216529,1831.424502425995,1827.4054975740055
ETH,2023-08-08,1831.3,1848.96,1826.33,1839.71,88769.7897,1839.074,1837.8798000000002,1838.8691999999999,58.04381725878582,0.39218460365532337,0.4408639953350549,0.5854392646462944,9.699144818234343,1840.362214267979,1837.7857857320212
ETH,2023-08-09,1857.97,1871.99,1852.18,1862.29,120486.7508,1861.2575000000002,1860.9242,1863.106,54.93670700632437,0.7083570451311516,0.5132112116987184,0.7698397349872366,22.051231915935805,1864.7038190508006,1857.8111809491998
ETH,2023-08-10,1856.0,1865.95,1849.75,1854.32,80772.7327,1858.3485,1860.7948,1856.2004000000002,29.31449059674204,-1.256921233244384,-0.9143331045935439,0.9684481623711679,21.27656147571478,1861.4600222962533,1855.2369777037468
ETH,2023-08-11,1854.7,1857.22,1842.81,1853.76,62865.3605,1854.066,1853.315,1851.1082499999998,50.82437404366271,-0.0029291517489582475,0.18836024258898632,0.8398815495794628,26.29325219216096,1855.6592909339033,1852.4727090660967
ETH,2023-08-12,1851.12,1853.07,1847.06,1852.4,36954.0824,1852.4209999999998,1851.9694,1851.4022,57.99942003765587,0.09855669938542633,0.12379688509669992,0.061843889012652885,45.973724669384616,1852.5751298155672,1852.2668701844325
ETH,2023-08-13,1851.31,1851.85,1846.68,1850.91,32116.6401,1850.3335,1849.8504,1850.04005,93.82420943059218,0.3072210673610698,0.25786073557221456,0.06297216964577222,76.6631358313901,1851.0992747710875,1849.5677252289124
ETH,2023-08-14,1842.37,1852.25,1835.0,1851.22,85960.4187,1849.3585000000003,1847.9924,1846.9686500000003,75.42508271863818,0.6649906535508308,0.5601162651762075,0.41318517805853533,30.05843400590462,1850.7238611243922,1847.9931388756083
ETH,2023-08-15,1846.76,1846.93,1838.0,1844.54,83372.1384,1844.096,1842.9440000000002,1842.3925,55.10628612752269,0.5156557181010157,0.45400278981099196,0.56534882323529,12.73397290598282,1845.4997008228122,1842.6922991771878
ETH,2023-08-16,1828.2,1831.52,1818.8,1825.27,92562.4618,1824.784,1823.4865999999997,1823.7848,60.017613458636326,0.47908956096534894,0.5053864989465231,0.3325985235772081,24.071456414238437,1825.6832530233778,1823.8847469766224
ETH,2023-08-17,1797.5,1803.52,1781.66,1782.41,107191.1235,1784.167,1785.2292000000002,1787.9703,40.548147859735174,-0.8795870666463088,-0.7243684519897168,1.1149436102715016,21.006110901307288,1787.1388082037527,1781.1951917962472
ETH,2023-08-18,1685.47,1697.28,1662.06,1672.27,266628.7145,1669.895,1671.8168000000003,1679.0055500000003,54.61034459000626,0.05355133698753889,-0.4461897553203157,1.8580193456640757,20.077070516690405,1673.4230731285354,1666.3669268714646
ETH,2023-08-19,1666.23,1666.54,1654.31,1664.2,93191.3837,1663.7345,1662.7954,1660.978,56.257766838789124,0.3618388575391691,0.42220145235314377,0.48734623817384715,29.84329302308917,1665.2987950488593,1662.1702049511407
ETH,2023-08-20,1665.21,1679.76,1662.03,1672.23,98637.0002,1674.1510000000003,1674.6157999999998,1674.95885,31.887833691259846,-0.4583501804672778,-0.3125495134482515,0.5672293236364081,21.69722214351007,1675.7677485889312,1672.5342514110694
ETH,2023-08-21,1683.97,1688.59,1660.21,1673.68,134505.8693,1673.4455000000003,1674.5212,1672.4403,49.255946467858315,-0.32674732326540834,-0.4253249152385911,1.1012706013119038,14.205969819223625,1675.1205459694927,1671.7704540305078
ETH,2023-08-22,1666.19,1668.03,1652.58,1655.6,94633.4893,1657.066,1657.1526000000001,1661.4624000000001,41.78686773955304,-0.3972662115043022,-0.318652839779529,0.9473682082667714,15.272482201967852,1659.1216303169474,1655.0103696830527
ETH,2023-08-23,1631.46,1658.09,1629.05,1650.2,149280.0244,1648.5275000000001,1647.9368,1642.74265,58.43116409077569,0.8178940307097946,0.7357575726924017,1.44561637810012,18.64061408003735,1651.4078671640978,1645.6471328359025
ETH,2023-08-24,1676.9,1679.0,1646.74,1649.29,97020.4182,1654.0805,1659.3229999999999,1665.88325,26.95243922099295,-3.0340820839385287,-2.7914133903580316,1.9769232439422897,63.789500184619264,1662.0407273209012,1646.120272679099
ETH,2023-08-25,1654.02,1677.22,1645.66,1655.36,123639.9114,1659.0044999999998,1657.8374000000001,1656.67595,40.663866408453124,-0.7711319065017506,-0.20342479176787162,2.4253089534214607,18.83284893292347,1663.0357949532313,1654.9732050467683
ETH,2023-08-26,1654.88,1655.59,1646.66,1651.61,46952.4295,1650.0900000000001,1650.2524000000003,1649.7839,76.95800183981234,0.4087311335949835,0.1526152049719641,0.19727664087828573,47.65768553287149,1651.9263333030735,1648.2536666969268
ETH,2023-08-27,1647.72,1659.39,1646.32,1657.15,53219.8247,1656.4030000000002,1654.1674000000003,1651.1834,57.315099595101934,1.0599434134983312,1.068554240771045,0.9387667565355067,41.0255406970324,1659.0964223582487,1653.7095776417518
ETH,2023-08-28,1650.49,1664.34,1621.75,1649.17,132635.3081,1650.5515,1649.7579999999998,1648.8956,40.84703480952942,0.3150425939982142,0.44571423238310975,0.9476548130444212,27.842297973575942,1653.0261819996936,1648.0768180003065
ETH,2023-08-29,1659.59,1727.81,1640.0,1716.46,198306.6159,1699.788,1669.98,1650.1544000000001,80.14960762510223,14.936481036228997,13.903034462484454,7.24547668739397,65.01319984819138,1727.622659401542,1671.953340598458
ETH,2023-08-30,1721.06,1722.23,1702.59,1711.48,110070.4369,1713.2899999999997,1715.9468,1717.6196499999999,37.56907732610277,-1.0594660677693355,-0.9847101781136394,1.505435491317342,24.83419795818139,1715.87705237672,1710.7029476232794
ETH,2023-08-31,1701.06,1729.0,1697.14,1701.47,103804.7446,1701.109,1701.6492,1707.7919,50.48011788660746,0.031551705224956095,-0.08319061782156764,1.1323564491951756,22.00489700928952,1703.1145114061003,1699.1034885938996
ETH,2023-09-01,1650.81,1653.21,1634.66,1635.98,104159.6351,1638.6864999999998,1640.3917999999999,1644.36095,39.511809478267196,-1.194700099222473,-1.1476089025811476,1.7283572249433496,35.992209106519304,1642.9305559610063,1634.4424440389932
ETH,2023-09-02,1631.06,1639.58,1628.51,1636.01,57369.1863,1636.0974999999999,1637.0084,1635.4389,44.77289804735759,-0.2577499440046722,-0.34144509938213397,0.42895493668674173,17.228244860646,1637.213132107793,1634.9818678922068
ETH,2023-09-03,1635.02,1641.08,1628.17,1637.51,51494.0583,1636.3735000000001,1635.5163999999997,1634.73785,62.556004249275276,0.49362219509657734,0.37642881485696705,0.4678896648846701,21.073043582702464,1637.7045939110326,1635.0424060889677
ETH,2023-09-04,1635.56,1644.82,1628.15,1632.28,76632.8056,1632.946,1633.0466000000001,1632.55285,39.79080263313496,-0.13161340294686852,-0.10923827611438433,0.30740234400574884,17.699501090613865,1634.0849890253423,1631.8070109746575
ETH,2023-09-05,1625.58,1639.56,1609.69,1627.9,123171.5459,1629.5430000000001,1630.3664,1633.10125,39.97549080397471,-0.833805251421154,-0.6491094016298993,0.9719440712868603,24.639045078517256,1632.2020381720292,1626.883961827971
ETH,2023-09-06,1634.04,1640.31,1621.13,1622.95,78808.0177,1623.6335000000001,1626.9814000000001,1631.4166500000001,41.82274309186912,-1.0733014635545715,-1.2511944486274338,1.232322593462114,40.90821348567418,1625.7595223422843,1621.507477657716
ETH,2023-09-07,1633.47,1642.47,1623.4,1627.53,106350.2276,1627.0099999999998,1627.1825999999999,1627.5996499999999,53.558280643172836,-0.3647800154783454,-0.4373125866192669,0.9306662961185733,19.05318632946462,1629.7451124291065,1624.274887570893
ETH,2023-09-08,1652.0,1654.04,1616.21,1632.89,153861.7282,1632.87,1632.2910000000002,1629.39725,52.64251553726757,0.18875382630062632,0.23164057643913788,0.4587589344335427,20.130310364984553,1633.7121401306752,1632.0278598693246
ETH,2023-09-09,1635.52,1636.53,1629.74,1631.19,36744.8978,1631.6595,1631.3524,1633.5369,41.090592725249806,-0.06988890815910054,0.03609599912379617,0.16523735180493607,22.125351846926907,1632.2754374966642,1631.0435625033358
ETH,2023-09-10,1631.55,1631.77,1618.23,1622.19,68321.9899,1624.8049999999998,1626.059,1625.5660500000001,16.574866130334698,-0.9527295909390432,-0.6917311632072657,0.43501275151329716,44.27426215497712,1627.3163143968911,1622.2936856031085
ETH,2023-09-11,1612.24,1617.96,1566.68,1574.19,206749.2816,1577.3645,1581.4386000000002,1588.0729,39.07229897029226,-1.6510451395304244,-1.509178163976668,2.6444242897433283,38.36864985665287,1581.1997078170048,1573.529292182995
ETH,2023-09-12,1555.34,1626.0,1552.09,1605.06,223363.7713,1604.671,1606.05,1606.30265,49.60508937371923,-0.10585751403300492,-0.31497096593517254,1.2593169994331592,15.07726213958803,1607.8487092380399,1601.4932907619602
ETH,2023-09-13,1600.73,1611.52,1581.88,1605.48,136493.2245,1601.7825,1598.1208,1599.6516000000001,65.38795765214658,2.2850209825428465,1.9852274742194251,1.6857246353186672,47.000414382571876,1607.7517038832584,1595.8132961167416
ETH,2023-09-14,1622.56,1635.0,1612.39,1626.35,131407.8324,1627.5549999999998,1625.8197999999998,1625.0039500000003,46.580619367328865,0.09509573965829077,0.3990668544530421,1.364921625655136,12.000735472998809,1630.5098164071485,1624.6001835928512
ETH,2023-09-15,1624.5,1635.88,1614.82,1616.78,82366.3712,1619.517,1620.694,1622.0735499999998,32.052560476382524,-1.1627684798688733,-0.8526596406824289,0.9828123760068193,36.422555201427876,1623.2331167904345,1615.8008832095657
ETH,2023-09-16,1644.25,1653.17,1631.31,1636.55,64617.4214,1635.4689999999998,1635.4696000000001,1635.7181,65.30085452578093,0.21255565770297835,0.04333877044690582,0.28803653904079085,27.24196630231215,1636.5534703777357,1634.384529622264
ETH,2023-09-17,1625.37,1635.0,1622.97,1630.81,48885.6475,1630.5555,1629.4704000000002,1630.333,54.6494567564723,0.5649217049574418,0.5829067643412189,0.309604596970261,35.130219525756075,1632.6463895236056,1628.4646104763942
ETH,2023-09-18,1615.36,1669.5,1613.45,1655.95,179914.82,1656.6955000000003,1655.7244,1657.5941999999998,47.71516742729261,0.21988183487064816,0.31093749728094305,0.9126615642817799,14.453857825444244,1657.6654582465344,1655.7255417534661
ETH,2023-09-19,1632.37,1661.04,1632.13,1640.45,99757.6249,1642.2579999999998,1640.9382,1644.2370500000002,44.15660038737187,-0.3264156354573515,-0.07082387726111479,1.115855542294606,16.236076930439545,1645.2233842921373,1639.2926157078623
ETH,2023-09-20,1644.84,1649.34,1618.48,1629.98,130506.1389,1630.2064999999998,1630.6822,1628.70965,49.374886841576114,0.015872361110950806,0.05893433900748553,1.0261419622752201,14.805770171932572,1632.1562925530825,1628.256707446917
ETH,2023-09-21,1617.37,1624.57,1567.77,1584.71,171702.5436,1582.7685,1580.3606,1586.9414499999998,63.191733560939845,1.1341223159358833,0.928141467045244,1.0185501015725742,23.488277927916624,1585.6568301404302,1579.8801698595696
ETH,2023-09-22,1590.33,1602.68,1587.66,1597.69,69583.613,1597.2355,1596.7742,1596.6648,51.8366753463635,0.5483843928348051,0.47847131895855854,0.8686700176387148,19.580912073998164,1600.0312430139647,1594.4397569860353
ETH,2023-09-23,1595.51,1597.09,1589.91,1592.31,32308.1752,1591.4675,1591.4428,1592.35535,64.96853082925831,0.2827549377930154,0.16419776793589846,0.20756429568998783,24.25784297278872,1592.7301777102196,1590.2048222897804
ETH,2023-09-24,1591.2,1596.47,1590.95,1594.19,36350.4324,1594.507,1594.5134,1594.31825,41.31555336275925,-0.03637126884882491,0.009306174228201302,0.12005295198164544,17.76009435062377,1594.9601269137722,1594.053873086228
ETH,2023-09-25,1583.66,1584.96,1564.35,1575.61,76412.7106,1574.9730000000002,1575.3916,1571.61095,54.34983699853427,0.11200639602270712,0.014469996376527272,0.5499914497899379,14.669462988681035,1575.950529539179,1573.9954704608215
ETH,2023-09-26,1589.36,1599.78,1580.43,1584.3,74064.4104,1584.76,1585.0296000000003,1588.0888,45.61030252429191,-0.01662832328929653,-0.05583705980627765,0.7862511227903539,18.539012640531585,1586.2303332954552,1583.2896667045447
ETH,2023-09-27,1590.74,1634.1,1589.65,1601.1,186477.9546,1604.0365,1612.3555999999999,1622.6805000000002,37.71516307931075,-3.9312702093918688,-4.009253733866494,2.4171472449496383,56.840863728424864,1612.134132431789,1595.9388675682108
ETH,2023-09-28,1600.03,1642.37,1599.98,1639.75,163090.8532,1632.2244999999998,1630.0546,1626.2158499999998,71.6753330101784,2.07523239791135,1.2304871852507009,2.2190775153734834,36.55607223763528,1638.491564623948,1625.9574353760515
ETH,2023-09-29,1654.15,1688.0,1648.37,1676.44,182794.7603,1667.775,1667.13,1670.36715,66.46364358546204,3.2717542797390706,1.579248790254663,2.597377376027027,36.78070823884096,1679.9812238222946,1655.5687761777056
ETH,2023-09-30,1668.79,1687.11,1666.19,1680.21,72877.1347,1681.241,1681.465,1677.3071000000002,41.37386562723234,-0.4795303938108191,-0.2899278782961052,0.6267764465954396,23.60965107877438,1683.5615680338617,1678.9204319661383
ETH,2023-10-01,1673.01,1692.08,1672.02,1683.86,72517.8263,1688.622,1687.9128,1686.9809000000002,23.994044532590905,-0.68335029193031,-0.05597186893975099,0.851299320021024,40.315864458977856,1692.2213421621307,1685.0226578378695
ETH,2023-10-02,1722.52,1744.0,1704.17,1715.02,170502.287,1712.682,1715.3685999999998,1725.2449,53.754054787904394,0.45126751832322043,-0.15627599596864844,2.0453043236181516,22.96861921641045,1718.0071276040865,1707.3568723959136
ETH,2023-10-03,1662.64,1670.65,1646.08,1650.72,107183.3283,1652.232,1654.9322,1655.97185,43.17405693549117,-0.8859807634987646,-1.0220250990861224,1.7785123101222908,29.421045011435663,1655.3766055397225,1649.0873944602774
ETH,2023-10-04,1636.03,1652.57,1630.29,1633.22,96554.0664,1634.174,1635.5826000000002,1643.2405,44.07814849617622,-0.1219166729126755,-0.39006782633878134,1.524611415915425,22.559667079786006,1637.3509444439098,1630.9970555560901
ETH,2023-10-05,1647.44,1649.53,1631.44,1641.09,92274.2208,1644.6895,1643.215,1639.075,36.24014136127268,-0.3710466672432631,0.26538770604544354,1.186505770237669,21.158448160601857,1648.3559777375367,1641.0230222624632
ETH,2023-10-06,1618.0,1639.5,1611.68,1634.39,117091.1924,1632.3120000000001,1629.853,1629.1433,61.633687265558805,1.2916600208129694,1.3250079419871315,1.227538247292144,20.440142636325366,1637.3281443359876,1627.2958556640126
ETH,2023-10-07,1645.81,1645.85,1636.12,1641.35,54383.7779,1640.2434999999998,1640.7779999999998,1640.06055,62.94489411660087,-0.008298895031202846,-0.154839015655943,0.3307493828398254,17.24038184062852,1641.2809637343028,1639.2060362656969
ETH,2023-10-08,1635.96,1641.4,1616.17,1631.9,97050.0566,1628.4289999999999,1628.7562,1623.8283999999999,67.19546232450894,1.0357341090800674,0.4800769859692231,0.8812166005832602,27.559412718379328,1632.979929135919,1623.8780708640807
ETH,2023-10-09,1624.84,1636.0,1583.32,1592.49,161572.707,1593.8915000000002,1593.4548000000002,1591.22475,44.1204199641399,-0.2945853578301012,-0.06527137701169036,0.7490868951840137,14.788711958703757,1596.6208828971007,1591.1621171028996
ETH,2023-10-10,1577.75,1594.9,1571.83,1583.16,109091.9538,1583.209,1580.2618,1579.3958499999999,53.00321036989584,0.5302606430068408,0.6477328145613033,1.4495601138937375,29.268055797005886,1586.56406721247,1579.85393278753
ETH,2023-10-11,1573.06,1578.43,1544.26,1569.99,142955.8732,1569.705,1571.3466,1571.7827,49.891930590771004,-0.623792563326333,-0.7110893707100852,0.8688958865976271,23.303586332944228,1572.0640718513507,1567.3459281486491
ETH,2023-10-12,1558.94,1568.56,1534.55,1539.44,128035.2979,1544.4265,1545.7447999999997,1548.3865000000003,29.6380567927672,-1.2936509337025655,-0.8393923765862366,1.345758580278121,20.133375920708225,1548.1406312577844,1540.7123687422156
ETH,2023-10-13,1543.48,1554.79,1538.12,1545.44,84353.0826,1545.8135,1547.3411999999998,1548.61275,42.523991240308376,-0.44314254269511366,-0.54148564450039,0.6698972534496364,22.96919187642029,1546.781079970867,1544.845920029133
ETH,2023-10-14,1551.28,1556.48,1544.55,1549.28,64811.3927,1550.425,1551.0770000000002,1549.046,24.72116992956682,-0.3677357608657985,-0.2718131297811892,0.22902375011340906,33.77374485920587,1551.195960439946,1549.654039560054
ETH,2023-10-15,1552.83,1560.45,1547.44,1554.67,57749.8738,1554.806,1553.7347999999997,1554.6902,50.702177987004085,0.10849876481915999,0.2775553579434216,0.4214538149793905,26.313502565978713,1556.451009422464,1553.160990577536
ETH,2023-10-16,1558.89,1639.43,1558.88,1583.86,302972.2859,1585.0430000000001,1582.0168000000003,1586.0703,47.741216146792915,0.7214969576391468,0.8978034330062201,2.26022075302247,12.593043521669285,1588.818177346918,1581.2678226530822
ETH,2023-10-17,1593.68,1597.74,1565.0,1575.01,126982.5408,1573.3865,1572.9618,1578.0669,59.12003339130207,0.26382675058152927,0.031430859964381,1.2751161734760321,12.812807709927545,1575.2973665574248,1571.4756334425754
ETH,2023-10-18,1566.71,1585.42,1563.66,1572.19,110022.8803,1574.141,1573.6024,1577.44125,45.01052853509853,-0.8335567018446,-0.46145804893026954,1.4546948711173073,26.43543178336162,1578.7269258607141,1569.555074139286
ETH,2023-10-19,1565.49,1566.0,1541.61,1556.04,121317.3731,1554.8674999999998,1555.0868000000003,1554.65135,57.36903367442816,-0.03476177069728692,-0.2432380757044014,0.7224491032890868,15.969096772015893,1556.9865174609686,1552.748482539031
ETH,2023-10-20,1563.0,1630.4,1562.21,1608.2,244368.9472,1605.8965,1605.9466,1609.3376,61.32123586514426,0.7093053864664398,0.31520271639507497,1.2118322796710843,15.031606573563728,1608.5498998945184,1603.2431001054817
ETH,2023-10-21,1604.48,1615.7,1592.36,1613.16,67971.9129,1613.24,1613.1961999999999,1608.5039000000002,51.17768441966838,-0.20590886307627443,-0.09147428546107453,0.7135494618791305,20.669458917616115,1615.2257290851887,1611.2542709148113
ETH,2023-10-22,1633.42,1648.0,1623.26,1629.35,109339.6851,1630.3235,1633.3172,1631.83265,35.7957952295988,-1.048671881243763,-1.149635121029933,0.7196896927660458,33.64730558624631,1632.0547917142912,1628.5922082857087
ETH,2023-10-23,1677.84,1705.79,1662.34,1678.04,233769.0927,1677.238,1674.8272,1675.36205,57.6799480815422,0.25472120279482624,0.5154368342112137,1.0554864030303153,18.91827873727853,1679.4354403290617,1675.0405596709384
ETH,2023-10-24,1776.57,1854.38,1766.6,1818.25,408379.6067,1814.9399999999998,1821.134,1832.8416,51.7786823181526,-1.0064377026428701,-1.8299651193962405,2.4118938691089453,32.99160582488687,1819.202736210331,1810.6772637896686
ETH,2023-10-25,1793.38,1807.01,1760.0,1798.93,191241.9453,1797.11,1793.078,1788.5728,59.942506748621206,1.5282981379364173,1.718284752358243,2.395337500510543,21.54397457733393,1800.2843345759018,1793.935665424098
ETH,2023-10-26,1792.62,1865.54,1767.11,1775.0,302477.3263,1797.6884999999997,1805.753,1815.4192500000001,19.59647040265473,-8.553371078711734,-5.763659777008604,5.146387066285942,57.0951842699579,1822.0528668294662,1773.3241331705333
ETH,2023-10-27,1790.46,1796.84,1770.25,1777.52,139581.3091,1776.9209999999998,1782.6552,1785.6686499999998,47.01774341561426,-1.5061919590170874,-2.218741646999272,2.2541942966145903,34.87132115787725,1782.3312232856006,1771.510776714399
ETH,2023-10-28,1781.46,1803.23,1775.58,1787.04,81300.5518,1787.011,1787.2126,1786.6923499999998,49.70161430689297,-0.17087090847712716,-0.12083640732679102,0.6519270690536597,19.61336198639635,1787.8499493430065,1786.1720506569934
ETH,2023-10-29,1772.87,1800.92,1762.66,1798.16,68510.0084,1795.5829999999999,1793.0948,1792.24665,63.8855782467572,1.6214325575278963,1.40726103321726,1.0627220771309949,42.57611575237688,1799.8556670826706,1791.310332917329
ETH,2023-10-30,1789.78,1829.84,1777.77,1818.68,184211.7722,1817.6565000000003,1818.5934,1817.0070999999998,51.79026432691679,0.18673992001845363,-0.15491693606233847,1.3291878580261833,16.0665633143656,1821.1479310819434,1814.1650689180572
ETH,2023-10-31,1806.36,1813.99,1780.99,1787.78,161959.7792,1791.6255,1794.0375999999999,1797.24585,35.03894159622949,-0.6557353439229701,-0.3442858896697199,1.7678748734906986,31.134205800329827,1795.613614717475,1787.6373852825252
ETH,2023-11-01,1812.32,1827.58,1783.19,1792.66,188658.5045,1792.024,1791.031,1801.1544999999999,52.43568984199483,0.040413748001356,-0.1746514998753365,1.2515766016686725,16.630478725511846,1793.7887594737786,1790.2592405262212
ETH,2023-11-02,1852.46,1875.0,1800.6,1808.71,229931.5859,1806.425,1809.6924,1823.5465,53.707176318670264,-0.3536696789817597,-1.035087329144315,2.0215848800623513,30.230533741795025,1810.3959066974376,1802.4540933025623
ETH,2023-11-03,1794.36,1813.62,1780.61,1807.16,145821.5683,1808.8535,1807.2182,1801.8420999999998,45.63450581890815,0.34477768048304824,0.4423987967157803,1.3866713591987148,13.488311525813725,1810.9269924643877,1806.7800075356122
ETH,2023-11-04,1838.07,1847.58,1825.59,1832.54,97210.1205,1831.334,1831.6098000000002,1835.1186500000001,58.276512030028385,0.38813213608091246,0.15929883436778014,0.6894008714626385,18.735755359303422,1833.410751309124,1829.2572486908762
ETH,2023-11-05,1849.41,1900.0,1846.52,1875.26,220722.0793,1876.1344999999997,1876.9258,1883.19035,44.871957863925466,-0.4959490534542965,-0.33338764169016805,0.9693701492068738,18.178695284345885,1878.7076263085926,1873.5613736914067
ETH,2023-11-06,1886.15,1914.23,1868.48,1904.41,196579.287,1907.6305,1908.8112000000003,1903.0249,40.245288173671966,-1.4019013975878352,-0.9424945522805542,1.7577676433738036,21.320963553472108,1913.1630382059477,1902.0979617940523
ETH,2023-11-07,1891.16,1896.52,1858.0,1864.28,162825.6964,1867.1165,1872.2592000000002,1874.1905,39.56882917124747,-2.8508273684633423,-2.5898750338825702,2.3396842706216945,40.565713822158884,1874.9699941905194,1859.2630058094808
ETH,2023-11-08,1891.66,1892.49,1872.51,1883.65,111811.6004,1883.5579999999998,1884.2426,1885.1307000000002,48.86339515419911,-0.025101852962052362,-0.13513790154712307,1.1643153414517653,25.989249839895724,1885.457153495663,1881.6588465043365
ETH,2023-11-09,1906.64,2050.86,1904.39,2038.12,515570.5812,2027.449,2013.4746,1944.2309500000001,61.90299171888412,5.617432809929369,5.005505232362439,8.374509295704621,25.41893588420743,2048.4876728668246,2006.4103271331755
ETH,2023-11-10,2111.79,2136.99,2064.61,2091.61,368801.8312,2088.945,2085.16,2083.33375,58.93061061628725,2.1599656352368584,1.767602598457029,2.1279384206275087,20.189152087329997,2094.8368842487334,2083.053115751267
ETH,2023-11-11,2039.5,2088.73,2030.3,2069.31,182685.0051,2072.4925,2076.3048,2066.3497,35.02568679780523,-1.6827858485971774,-1.4682606144375985,1.8671750012614192,30.981509337625546,2076.5519870366734,2068.4330129633263
ETH,2023-11-12,2039.55,2066.5,2035.75,2054.37,139951.6479,2051.5225,2054.6175999999996,2049.06395,57.08195678655526,0.03965804928293437,-0.5675455676260854,1.248276268280536,21.505747878422092,2054.8779723959537,2048.1670276040463
ETH,2023-11-13,2060.29,2107.0,2028.49,2092.32,291196.9498,2089.544,2084.4098,2061.3007000000002,57.61909736302425,2.6589781292859698,2.7095760508197904,4.088956415780283,17.73305024382843,2095.375028725835,2083.712971274165
ETH,2023-11-14,2049.01,2064.96,2020.0,2037.04,186158.1064,2032.6915000000001,2040.4056,2040.4806999999998,53.94481435684872,-1.7101459554335179,-2.8112209349105006,3.895114396848601,35.06336815200587,2038.6571458995961,2026.7258541004041
ETH,2023-11-15,1970.74,2023.21,1967.01,2015.08,204162.0462,2012.4544999999998,2011.8480000000002,2013.4321499999999,58.74257281359982,0.4278980250969653,0.16607779813842677,1.399953721650035,12.438913875741402,2014.7230808337224,2010.1859191662772
ETH,2023-11-16,2057.09,2090.4,2007.91,2028.07,266079.3501,2031.309,2030.2758000000001,2035.66815,40.707141764667,-0.28564794946464644,0.2993287723948992,1.777313061336402,10.917865520377635,2034.872278827085,2027.745721172915
ETH,2023-11-17,1984.56,1991.5,1918.0,1920.32,213576.5048,1928.9044999999999,1931.9856,1950.3102,31.52110949960628,-3.3906820517368033,-2.3949380018403392,3.414736274270168,27.498516680093918,1937.9600076611443,1919.8489923388554
ETH,2023-11-18,1954.35,1955.57,1916.0,1952.8,171534.0864,1949.264,1945.4584,1940.6807,65.74889390499385,1.0039190469685764,1.0778258316052003,1.676031992099266,29.52266937077366,1952.6433632536443,1945.8846367463555
ETH,2023-11-19,1943.81,1969.0,1942.89,1967.6,117182.4359,1963.1585,1957.0774,1953.4767000000002,70.62875447922559,2.7178660366087115,2.323707132095537,1.635786808095143,48.68599378263723,1967.6109208022262,1958.7060791977738
ETH,2023-11-20,2001.9,2050.0,1990.0,2036.95,233911.7795,2037.9795000000001,2037.2030000000002,2024.24685,49.455966565003806,-0.7254575615986596,-0.2529997366411698,2.566105160537073,16.769492459925605,2043.934015849316,2032.0249841506843
ETH,2023-11-21,2027.48,2031.43,1952.01,1964.62,203908.2379,1960.5885000000003,1970.0994,1995.9701,51.795704437752306,-1.3873997716191298,-3.033356625251185,4.024970888937506,40.31708728231546,1966.702406361619,1954.4745936383815
ETH,2023-11-22,1966.37,2042.0,1965.0,2028.61,226643.5348,2029.9724999999999,2024.3592,2024.4539000000002,50.21717390060411,2.086290555236701,2.5420013804412513,2.6381541815985314,39.09110065353311,2038.0154394502406,2021.9295605497591
ETH,2023-11-23,2064.44,2088.94,2040.96,2046.99,164425.4907,2047.7390000000003,2053.9364,2057.57035,41.81139063061404,-1.0979363488559102,-1.740901786937061,2.3237471815952486,35.39193523629133,2052.9577006045615,2042.520299395439
ETH,2023-11-24,2071.29,2128.0,2062.04,2127.65,262491.0334,2119.9145,2117.4539999999997,2106.6902,65.65131809871788,1.8787279108332768,1.4831319313929057,3.1841843150145603,30.80583512471219,2127.474122940577,2112.3548770594225
ETH,2023-11-25,2079.51,2090.54,2065.3,2073.94,83438.1104,2072.1335000000004,2073.0754,2075.1625,56.55798710354702,0.3872606228442237,0.10574618481879082,0.7524575484580907,16.47177251545951,2075.8290393381817,2068.437960661819
ETH,2023-11-26,2074.31,2094.99,2060.41,2067.99,117384.3796,2069.2264999999998,2067.7658,2076.1177,46.10146269206299,0.24418022422287322,0.4319420896549514,1.3116041922125266,12.786881287748427,2070.93865974712,2067.5143402528797
ETH,2023-11-27,2058.09,2059.77,2011.47,2019.66,184953.1628,2020.843,2021.0752,2021.11785,47.20489885747133,-1.4495260061992212,-1.1882118935144959,1.6003681438229866,27.799591091966114,2027.7325576056587,2013.9534423943414
ETH,2023-11-28,2024.52,2042.4,1995.15,2026.52,130403.2836,2030.1420000000003,2031.8824,2029.8386,32.339088097224476,-1.6816468516103669,-1.3445363675342719,1.4602701333071517,24.53255812474826,2035.7125927871143,2024.5714072128862
ETH,2023-11-29,2050.71,2075.7,2019.97,2032.12,161567.7526,2026.235,2029.9877999999999,2048.5098000000003,60.55436498541605,0.6138338581968128,-0.5433842309604571,2.053373450169656,28.420516435349896,2033.2221668077962,2019.2478331922036
ETH,2023-11-30,2026.77,2052.32,2020.85,2031.3,161732.3175,2035.9129999999998,2033.5554000000002,2038.1803,39.87684365529549,0.17594829968015802,0.8189441364667978,1.888834062372533,17.361395949352463,2040.6634235600818,2031.1625764399178
ETH,2023-12-01,2083.29,2110.87,2071.0,2076.14,215557.4368,2076.868,2078.1348000000003,2083.19935,45.73171953443453,-0.3255776791561402,-0.5378289654896613,1.5303991174664164,17.875592656388598,2081.451931064201,2072.284068935799
ETH,2023-12-02,2093.29,2109.12,2088.05,2100.25,87940.1145,2101.041,2099.7352,2103.3553,46.3228209577727,0.2559052187211819,0.48434899929448183,1.0511810635424974,16.593434342880222,2104.0031336903653,2098.078866309635
ETH,2023-12-03,2176.06,2177.41,2149.0,2159.5,111991.5254,2156.1059999999998,2154.6338,2157.41085,70.44821100688996,1.4138841107878761,0.966900848514556,0.8678006952630752,27.134197601836306,2160.712792376498,2151.4992076235017
ETH,2023-12-04,2209.73,2274.28,2201.77,2209.42,399446.8899,2215.1549999999997,2220.2244,2234.5972500000003,38.76677906259765,-3.3045961150492076,-2.9621872008964414,3.512893468563044,45.775303913194655,2225.5491204534524,2204.760879546547
ETH,2023-12-05,2227.83,2237.99,2188.33,2230.2,196001.95,2219.462,2216.2344,2210.9248000000002,78.33196261492652,3.80576538681089,2.275310650823538,2.4346098127961344,33.44019178092359,2230.2852076576783,2208.6387923423217
ETH,2023-12-06,2287.72,2292.77,2233.72,2251.58,235151.6495,2253.783,2255.2104,2259.9362,44.636773686253235,-1.1430062441922928,-0.7735013615695685,2.7701794735214893,14.046405392261985,2259.1786059899996,2248.38739401
ETH,2023-12-07,2242.41,2323.8,2222.0,2317.96,239994.4451,2310.218,2288.1558,2259.6043000000004,68.69946754897846,8.331405725757577,9.342383896041543,4.92341226443241,64.4406155279813,2325.7314181918546,2294.704581808145
ETH,2023-12-08,2366.03,2392.0,2336.34,2357.63,245946.8174,2359.974,2363.5964,2357.9649,36.351312322781126,-1.4467372868084567,-1.360997233130209,1.6229381393026157,34.54561378368206,2362.4672661309255,2357.480733869075
ETH,2023-12-09,2351.56,2403.0,2337.0,2356.29,197006.423,2354.025,2351.2416,2355.5913499999997,59.54127504643621,1.3197677636158005,1.046672281542341,1.5820418983891633,15.223266863582998,2357.746464765326,2350.303535234674
ETH,2023-12-10,2346.6,2358.86,2320.0,2353.16,113573.0786,2351.9460000000004,2349.7111999999997,2346.61255,59.27091115214387,0.7892047213231308,0.89593665435827,1.0783980192398603,41.0659855602515,2353.3278885628692,2350.5641114371315
ETH,2023-12-11,2235.6,2257.35,2217.27,2221.41,307173.7805,2222.6755000000003,2222.7242,2233.6578,46.02528287388871,-0.7072752440417389,-0.48160407166364316,1.9900096587974665,11.933234152770789,2226.726931722066,2218.6240682779344
ETH,2023-12-12,2243.05,2244.12,2185.83,2198.67,192151.2526,2195.286,2202.4956,2216.6509,50.387472136406956,-1.338209912025377,-2.3553344000423335,3.1516614269613967,33.38557353080483,2202.2128648030375,2188.3591351969626
ETH,2023-12-13,2176.31,2225.92,2144.32,2223.06,227184.01870000002,2217.258,2207.9884,2191.6943,65.71781019037248,4.0944250596944585,3.8140150859971635,2.8442778884158173,35.49498855510082,2225.0188700542412,2209.4971299457584
ETH,2023-12-14,2249.8,2320.21,2228.2,2269.4,280674.0228,2275.311,2280.6812,2284.2005000000004,30.76897294197384,-2.153311362095792,-1.9053315132589421,2.560436093495437,21.119571842855887,2279.392170910394,2271.2298290896065
ETH,2023-12-15,2288.2,2293.4,2227.25,2229.47,223262.054,2235.0440000000003,2239.2568,2249.7341,36.34605901116323,-2.5488800932985214,-2.066645173256861,2.8562096674821102,35.118400257607476,2240.9725660999184,2229.1154339000823
ETH,2023-12-16,2244.9,2259.3,2237.74,2252.66,105647.4845,2250.432,2249.2878,2249.05245,59.14977256164942,1.537286047330781,1.1654689954486566,1.1479063191888932,24.58989898504219,2256.1441960751017,2244.719803924898
ETH,2023-12-17,2227.8,2227.81,2200.28,2217.6,121160.2253,2215.276,2212.8894,2212.44185,64.36982043913066,0.910458628699871,0.7154580440481346,1.0529611609576133,12.069767740397955,2217.9321581277445,2212.619841872255
ETH,2023-12-18,2178.98,2184.56,2116.6,2163.06,221784.9025,2159.9055,2163.4172,2151.65865,55.719109444182756,-0.5569952227970134,-1.2610456761271525,2.0645892633546437,18.00619302468016,2164.720212763847,2155.0907872361527
ETH,2023-12-19,2240.41,2255.0,2179.0,2195.52,193752.25089999998,2197.036,2192.5846,2217.03375,48.556604974237715,0.6360900601821413,1.0883207830926005,2.2536934088118787,21.488071423792313,2202.3115375080342,2191.760462491966
ETH,2023-12-20,2178.97,2266.0,2177.22,2251.5,217710.0985,2252.421,2249.4752,2235.8448,48.23705054135474,0.6972952586279462,0.9371733566098494,2.0662071583533335,20.903885935487978,2255.5410442304164,2249.300955769583
ETH,2023-12-21,2193.42,2279.31,2187.33,2225.98,282739.2306,2227.291,2224.405,2244.4067,49.212227723017925,0.37367282689501735,0.7408150816997354,2.549902524605983,14.03276748307222,2230.480431923956,2224.1015680760443
ETH,2023-12-22,2246.94,2343.15,2232.56,2322.61,445162.5811,2323.0955000000004,2328.0196,2311.1095499999997,46.41995685812148,-0.7716367256948615,-0.9847922552652577,2.825275867474643,15.406745981150115,2326.581067241967,2319.6099327580337
ETH,2023-12-23,2295.17,2299.17,2265.0,2286.92,135321.6387,2288.4025,2289.0334,2292.28935,42.090250871221734,-0.6660740231945965,-0.5808471089642899,0.759276911212042,14.132731987760046,2291.5598715334804,2285.24512846652
ETH,2023-12-24,2318.6,2326.19,2273.57,2294.19,170644.1783,2295.1805,2293.8758,2294.38195,47.22586852723225,-0.4851498537941552,-0.22453794938612892,1.4800653230744327,15.50829411956321,2298.05103636104,2292.3099636389597
ETH,2023-12-25,2268.0,2304.8,2259.31,2286.65,152267.0161,2289.523,2289.4234,2287.2591,38.1183169260155,-0.3719687790239732,-0.0019223958792774082,1.1711329015435545,18.3015962629167,2291.91937309268,2287.1266269073203
ETH,2023-12-26,2270.64,2274.99,2218.32,2244.2,230467.5419,2241.865,2240.621,2244.21945,61.193565060437,1.2250924929176108,0.9986618781063874,1.3445104739607607,25.396895374314788,2246.3457655596553,2237.3842344403442
ETH,2023-12-27,2226.19,2353.06,2211.88,2349.4,298676.7728,2340.5635,2336.3822,2305.0095,63.707777249238426,3.3395591677985976,2.403165142539875,4.305054552058718,33.79910952110249,2349.7484665759885,2331.378533424012
ETH,2023-12-28,2414.93,2425.58,2345.0,2364.42,335908.9622,2361.7259999999997,2366.1664,2382.6417,51.1813118579939,-0.735036699981265,-1.765076770945424,4.436319485008379,21.32032843507801,2369.3104931274665,2354.141506872533
ETH,2023-12-29,2335.11,2385.41,2324.09,2348.63,197507.639,2353.402,2364.0202000000004,2363.84705,32.33284850059175,-3.6828427965724586,-3.81540259773285,3.257865513322613,46.02823748617889,2358.71744767629,2348.0865523237103
ETH,2023-12-30,2304.13,2308.62,2268.0,2301.34,124299.5923,2299.6215,2300.2312,2294.1793,55.77832401885297,0.06949332939120723,-0.036407385896104164,1.3047166992498382,10.594155029598644,2301.5209659776924,2297.722034022308
ETH,2023-12-31,2293.07,2321.34,2277.63,2301.53,123150.5822,2299.4115,2301.7902000000004,2304.68345,53.83317938291983,-0.9802304674190054,-1.502800896965737,1.9392987676846587,26.1756912304783,2306.1056355678506,2292.7173644321497
ETH,2024-01-01,2296.31,2312.1,2265.24,2310.39,96821.8261,2307.491,2303.6632,2303.2028,64.21776153843838,1.7886945758177717,1.5638490804925793,1.4357901242956281,30.144654218008675,2311.396021895252,2303.585978104748
ETH,2024-01-02,2376.67,2431.3,2352.04,2366.63,262457.3067,2362.3305,2363.4792,2385.8287,55.90497918202211,0.7319955712250703,-0.3652704385926824,3.268810605151115,24.640451011448008,2368.856995154369,2355.804004845631
ETH,2024-01-03,2377.68,2385.45,2100.0,2216.14,520729.4331,2213.9184999999998,2206.3978,2212.35915,57.0561544332576,2.750519666154105,3.088501501383975,3.4249912529735838,19.163551606872357,2222.2044743536717,2205.632525646328
ETH,2024-01-04,2223.46,2285.99,2205.0,2280.98,256909.2796,2276.591,2271.3418,2245.42035,61.88231547800184,3.3753415250725993,3.4782410944675313,3.5927396816418673,31.616275064031324,2285.901254346657,2267.280745653343
ETH,2024-01-05,2241.11,2269.0,2221.0,2233.98,221683.9104,2232.4175,2234.4694,2241.02225,51.2991070534377,-0.40822320626466535,-0.7807554100207645,2.3726910414235878,21.01096218451409,2236.794850226162,2228.040149773838
ETH,2024-01-06,2252.4,2258.01,2216.4,2243.67,124734.9498,2244.5825,2242.9864000000002,2238.8577999999998,47.35291480589817,0.40204052659873923,0.5078272712145582,1.2194239318610947,13.764058878850877,2246.5215087673123,2242.6434912326877
ETH,2024-01-07,2247.52,2258.01,2227.68,2229.02,103638.7677,2236.2135000000003,2243.1130000000003,2244.7859,26.888611681917222,-3.707473826135356,-3.282764394536958,2.0996113646506718,54.04410571484691,2244.5969701049135,2227.830029895087
ETH,2024-01-08,2197.42,2275.0,2166.38,2267.44,264399.4531,2263.0135,2261.6823999999997,2262.93705,65.89874700428989,1.4875787920368566,0.9879149716551645,1.720388011187364,23.701436764534225,2269.072804497877,2256.954195502123
ETH,2024-01-09,2309.68,2319.01,2226.78,2264.73,200343.9554,2262.8489999999997,2256.7418000000002,2271.5365,58.33715195873888,1.8922606566652576,1.9295765754854952,2.513747148232622,26.94782952777016,2266.9541036530163,2258.743896346983
ETH,2024-01-10,2372.0,2456.0,2342.0,2448.61,437558.8875,2431.159,2417.0892000000003,2388.2490999999995,70.25615252743292,5.03727091467681,4.059438234063508,6.555617627085419,36.141297674752465,2444.5963165475982,2417.721683452402
ETH,2024-01-11,2578.52,2689.39,2571.55,2625.04,503658.622,2643.9844999999996,2661.4812,2647.808,25.255342700434646,-9.509837218642133,-7.820834782336894,6.969932547437111,36.295453740075416,2664.4918552414765,2623.4771447585226
ETH,2024-01-12,2594.3,2717.32,2584.11,2639.88,440174.4466,2666.5115,2686.7789999999995,2674.4280000000003,27.225966912559556,-11.060205027003121,-8.923075101491817,8.665932183761901,37.81507271276764,2689.488995316019,2643.534004683981
ETH,2024-01-13,2538.25,2566.19,2521.18,2564.25,227976.6356,2558.2945,2550.7329999999997,2545.39295,73.87082490154745,3.4725500182653377,3.2721171031146046,2.2863357342066593,47.996053838991806,2564.5362544809013,2552.0527455190986
ETH,2024-01-14,2563.05,2564.52,2524.39,2540.31,150466.4765,2537.848,2539.1168000000002,2537.4869999999996,57.94054129936574,0.11128960549103795,-0.11204546789844896,1.3590201469579133,12.46198227495178,2539.926389761167,2535.769610238833
ETH,2024-01-15,2500.05,2549.02,2491.96,2521.58,161283.2389,2520.1059999999998,2516.9840000000004,2531.393,54.00705740666991,1.5385991654125064,1.3746662463680444,2.011499432921005,25.16555798711307,2525.6828607656676,2514.529139234332
ETH,2024-01-16,2519.15,2570.79,2500.05,2566.09,205544.9127,2560.5185,2543.5358,2536.40855,66.17739348052915,7.159439020863829,7.908132561251094,4.822684606117083,45.9622212695101,2573.606426153416,2547.430573846584
ETH,2024-01-17,2577.73,2581.78,2532.67,2549.19,217613.8066,2551.7105,2555.9228,2549.3436,44.5613485909504,-2.527049264860125,-2.2126809887810257,3.5305367914587156,26.48011358901474,2559.753851229493,2543.667148770507
ETH,2024-01-18,2527.67,2550.0,2503.77,2527.44,201081.7565,2528.4195,2529.7208,2519.03005,46.21261879167171,-0.519265310548235,-0.5044988658369901,1.7277828546069638,12.150515798637613,2531.990440912324,2524.8485590876758
ETH,2024-01-19,2463.46,2499.87,2443.13,2472.6,186051.7159,2469.646,2471.6342,2482.64695,55.09670368418912,-0.5765194102591522,-1.382610832777309,3.4524478551179962,18.24096481161156,2479.412795585073,2459.8792044149272
ETH,2024-01-20,2484.07,2486.79,2458.33,2470.18,78017.1068,2469.719,2466.8482,2468.7219,56.391627211076525,1.2489229650423113,1.4757847611346653,1.093834969198839,30.507428698789234,2473.813527567354,2465.624472432646
ETH,2024-01-21,2471.88,2482.18,2465.7,2468.1,69468.9878,2471.9175,2476.084,2476.2849,26.155421168055074,-2.2832211897075467,-1.9072342426106705,1.001471910214358,55.5126179543091,2476.488818737547,2467.3461812624532
ETH,2024-01-22,2446.07,2446.08,2353.61,2368.08,293158.9175,2361.1310000000003,2364.7086,2377.64715,57.44090770815111,0.17648323330104176,-0.9539555072074622,4.295505486250528,22.367507751332738,2367.691569792023,2354.5704302079776
ETH,2024-01-23,2331.08,2352.23,2168.07,2225.63,461879.74940000003,2214.7785,2208.157,2204.74065,68.46926699823514,2.775218537078672,2.287921026177222,4.207255271953198,20.077926659482053,2222.0567340577295,2207.5002659422703
ETH,2024-01-24,2231.15,2264.6,2211.64,2232.34,180372.3722,2230.974,2230.138,2232.5505,54.24063317992065,-0.037634261996572604,-0.10006894792148019,2.3035597245614894,10.018674471901406,2233.9244331885607,2228.0235668114397
ETH,2024-01-25,2216.68,2242.89,2186.55,2195.77,160601.5053,2197.3965,2204.202,2207.53785,43.577602361043915,-2.9849749926238474,-3.230692857078156,3.125928327508121,37.84202589041713,2206.5858291920454,2188.2071708079543
ETH,2024-01-26,2232.38,2265.19,2195.84,2252.3,221602.368,2255.162,2254.2056,2249.9578,44.69773608341964,-0.2135285488725458,-0.02616177348963654,2.081015009452359,15.99605504190822,2259.940885225788,2250.3831147742117
ETH,2024-01-27,2272.77,2276.84,2251.4,2271.83,76121.3751,2271.6434999999997,2270.5394,2268.1091499999998,52.47888817840547,0.2925591926787092,0.3916630208092302,0.8075690460144418,14.965206689256721,2273.9417713069492,2269.34522869305
ETH,2024-01-28,2279.7,2308.24,2263.65,2266.91,124282.3365,2270.992,2271.3916,2276.32715,31.782922749431904,-1.3976239563353374,-0.7918431977004203,1.2354021921348568,24.588029092871466,2275.376999885988,2266.6070001140124
ETH,2024-01-29,2267.73,2278.19,2233.8,2250.81,127016.2747,2250.5299999999997,2246.521,2250.05525,56.38252305954835,0.8524242252028671,1.0848051814065258,1.5407081175660526,20.59119565050215,2252.468473626523,2248.5915263734764
ETH,2024-01-30,2318.46,2332.85,2297.0,2323.59,166996.8021,2316.7,2312.288,2308.8385,66.13738650572442,3.0705103110117307,2.4316132582871215,2.2915020086862152,22.006396740788972,2325.234398631414,2308.1656013685856
ETH,2024-01-31,2329.42,2344.55,2280.77,2328.51,196863.7946,2314.1195000000002,2308.6364,2306.6674,69.44327117069616,6.683673892810475,5.273675154214903,4.081854944206031,38.639055536961365,2339.258643561379,2288.9803564386216
ETH,2024-02-01,2255.7,2308.45,2250.35,2297.8,167051.2816,2300.9465,2299.578,2281.17915,41.464635887432415,0.018230677370866033,0.6210063353957125,2.070127074048217,20.50180411388727,2305.833811223768,2296.059188776232
ETH,2024-02-02,2306.41,2324.74,2281.94,2307.2,144090.1964,2304.2985,2300.8606,2303.02695,61.2004196211694,0.9806167054084654,1.1040292636821891,1.992225698482742,14.330474316172094,2307.5294891673684,2301.0675108326313
ETH,2024-02-03,2325.37,2326.78,2292.75,2303.16,64600.2402,2303.0855,2300.926,2304.25015,53.31315950667107,0.7367752201125768,0.9228428053950866,1.1284118802628404,15.547150271023511,2305.988460385799,2300.1825396142012
ETH,2024-02-04,2306.52,2309.99,2286.71,2302.88,68124.1343,2301.059,2300.7682,2304.09535,57.84989738855256,0.36660567752824136,0.1991701947769292,0.84393040737698,21.906514133126812,2303.7140472688643,2298.403952731136
ETH,2024-02-05,2279.7,2338.41,2277.42,2310.81,130668.3156,2310.4485,2313.3008,2324.0185500000002,47.397103278229054,-0.7148615931660061,-0.9923302019737897,1.6827024077489858,21.074608984653327,2313.046793863139,2307.850206136861
ETH,2024-02-06,2320.34,2349.0,2308.19,2340.28,213695.4161,2342.1515,2339.5864,2334.9459,47.81256462017187,0.48228134287410285,0.9740785091163674,2.0723340708879396,23.571270773447267,2345.8001012387795,2338.5028987612204
ETH,2024-02-07,2378.72,2385.45,2354.0,2370.13,144613.6411,2371.5035,2369.1986,2371.15575,48.61056604951588,0.7437079243627522,1.0897068324942527,2.002651890272253,22.029352523759933,2376.065943533896,2366.9410564661034
ETH,2024-02-08,2434.3,2463.15,2411.01,2457.53,175440.154,2455.887,2444.7387999999996,2429.12195,61.102205294845675,4.165762380869637,4.446060337551338,3.6254666071709045,41.44399645671024,2461.3899777395513,2450.384022260449
ETH,2024-02-09,2439.08,2525.0,2433.04,2496.07,320932.225,2491.529,2489.8976,2505.48335,63.278078342045475,1.789615198586489,1.089614299156998,2.310190121979753,17.19192986340299,2496.615707776266,2486.442292223734
ETH,2024-02-10,2499.0,2516.0,2471.57,2495.09,98722.11260000001,2494.6805,2493.7966,2490.0353999999998,55.48367870309855,0.41116161686341,0.38346328536615537,0.5437250259247707,11.081947937230689,2495.8454459213035,2493.5155540786964
ETH,2024-02-11,2509.62,2539.63,2504.06,2509.79,137381.7381,2507.6565,2509.9483999999998,2515.79385,56.89845183045869,-0.1708261813791978,-0.48839405645070744,0.9976453198166609,16.846108615261493,2509.8846317285847,2505.4283682714154
ETH,2024-02-12,2511.75,2550.0,2472.0,2548.37,164224.4352,2535.4605,2529.9264,2499.5116,79.3967204952189,5.721166868574073,4.391782055552527,3.0584050005387873,36.6977552033077,2551.501990547832,2519.419009452168
ETH,2024-02-13,2667.23,2686.12,2590.0,2641.87,315972.7749,2632.717,2630.3459999999995,2648.475,65.79909253458852,3.5210854712736364,2.4930767439944073,3.4889308569549353,20.287685818355172,2645.005485830238,2620.4285141697624
ETH,2024-02-14,2626.08,2772.28,2620.76,2754.01,320698.1803,2754.1515,2753.0107999999996,2752.5908,51.3281319562778,1.2234242746312702,1.089838655750122,3.2021056659438383,13.25336962149141,2758.331807524196,2749.971192475804
ETH,2024-02-15,2795.0,2867.65,2759.25,2833.01,264478.8933,2837.8985000000002,2846.7048,2817.06695,43.36265156680783,-4.750275884582152,-4.8234707490230795,6.026961170132311,21.934312047780626,2855.5401294883195,2820.256870511681
ETH,2024-02-16,2844.53,2856.55,2740.0,2773.6,246559.5068,2773.3735,2781.3456,2819.1982000000003,47.85021269987714,-3.5553711579595983,-4.003916170893586,4.735726924275088,43.3015742831953,2781.674587338875,2765.0724126611253
ETH,2024-02-17,2792.31,2798.51,2719.01,2753.22,155605.2246,2746.7110000000002,2740.178,2754.4824,67.51222634877574,3.744118416215315,3.666745100331533,2.868406414043366,28.163979569732483,2758.531301011312,2734.8906989886887
ETH,2024-02-18,2779.51,2822.93,2765.93,2803.78,171752.5952,2805.0585,2806.0088,2798.9040499999996,46.50847671113009,-0.3404286231580045,-0.03708434823265226,1.758187534307459,15.25153383814058,2808.7706868216405,2801.3463131783597
ETH,2024-02-19,2876.82,2931.0,2875.38,2907.59,222419.5993,2911.4914999999996,2906.9372,2904.47675,46.93500327808135,-0.40100550572151406,0.6538046492361299,2.2658657099775774,21.275190362070724,2919.549488024336,2903.4335119756634
ETH,2024-02-20,2925.12,3004.6,2874.56,2918.99,372542.9668,2919.667,2926.1576,2951.8059500000004,48.519238298773736,-3.208549529330412,-3.912480177305719,6.427398722529584,21.081408069070807,2935.394512327141,2903.939487672859
ETH,2024-02-21,2999.31,3013.19,2868.0,2919.35,382303.5583,2912.2345,2900.2012,2905.52995,64.66935310741775,5.32091267216947,4.984542546347632,3.973610893794624,17.204551572581995,2921.8685925362806,2902.6004074637194
ETH,2024-02-22,2924.16,3032.86,2914.39,2990.22,363211.0924,2978.309,2971.2383999999997,2964.0351,63.845953299750875,6.418752155456787,5.299424982159099,5.679219654960382,33.49657481312273,2999.340169154391,2957.2778308456095
ETH,2024-02-23,2984.44,2985.73,2913.3,2929.13,268234.9478,2925.7799999999997,2933.9806,2936.6902999999998,51.648899367496256,-1.1690852649358021,-2.543200549300217,4.502354513715584,23.889364923630943,2934.1264771011247,2917.433522898875
ETH,2024-02-24,2920.18,2968.9,2916.85,2957.57,133796.0278,2958.818,2958.8842000000004,2959.6166,43.87695912156232,-0.26368037641259434,-0.023273422777177023,1.0524579119209747,18.91777416558408,2961.233430396234,2956.4025696037666
ETH,2024-02-25,3023.0,3074.03,3010.4,3052.49,222007.0096,3059.6985,3063.6384000000003,3047.41145,30.052779962622967,-2.185004379714428,-1.6255470026950303,2.3893310473173495,23.152253502180233,3065.223549411383,3054.173450588617
ETH,2024-02-26,3103.01,3127.98,3036.59,3117.03,285099.1766,3120.7195,3114.3284000000003,3079.8076499999997,48.107066754827635,0.9938567428312126,2.3915555268521853,4.4403399918897,21.797458535622944,3127.2888423566105,3114.15015764339
ETH,2024-02-27,3230.0,3288.14,3202.37,3253.58,369384.07170000003,3257.102,3254.8628000000003,3262.1325,45.0749096205848,-0.20631826430508227,0.1540632922986694,3.235045579446025,8.89430784207217,3261.448794681336,3252.7552053186637
ETH,2024-02-28,3237.39,3376.38,3232.15,3354.1,426338.47119999997,3359.7434999999996,3355.4806,3338.1213000000002,46.71876325911143,-0.733072329128845,0.6615935666279681,5.573212266321213,18.32788506435078,3370.182521553341,3349.3044784466583
ETH,2024-02-29,3403.75,3522.81,3389.96,3474.86,412248.7804,3479.8659999999995,3470.5262000000007,3473.0541500000004,47.65788677906406,1.288621429468094,2.6588341431331317,4.743587620969163,22.289152073294648,3486.1687467029333,3473.563253297066
ETH,2024-03-01,3355.7,3449.81,3352.05,3400.68,247351.9295,3406.6205,3411.2574,3427.8261,42.03098081921051,-3.748883967684833,-2.777824988290021,5.341161954992454,16.948954990629673,3417.012713382937,3396.228286617063
ETH,2024-03-02,3433.88,3452.76,3390.01,3419.54,177422.0913,3416.577,3415.7978000000003,3414.5822000000003,56.45457436000932,0.4774527923118512,0.681920391058404,2.8732522045237356,15.583690780582927,3423.4547324751925,3409.699267524808
ETH,2024-03-03,3422.01,3447.53,3360.0,3426.21,201819.757,3424.1565,3423.3996,3425.8667,56.38826743813585,0.21656902806307698,-0.27590866771686456,2.0171548750642327,17.14865991597847,3430.031747313903,3418.281252686097
ETH,2024-03-04,3473.15,3568.0,3456.36,3547.9,332777.8338,3550.9480000000003,3544.6934,3514.3287999999993,49.60511042588872,-0.40183669224961704,1.215863549948957,5.1069571756332,19.69762506307636,3560.8130607703597,3541.082939229641
ETH,2024-03-05,3614.21,3822.04,3607.28,3801.4,569377.7601,3786.8195,3793.6810000000005,3773.6181500000002,55.99902608945464,-1.0700325617258386,-3.443651299888116,14.06349758475488,18.12502908379959,3815.1530084132487,3758.4859915867514
ETH,2024-03-06,3533.0,3900.0,3499.4,3803.79,696402.6763,3787.9165000000003,3782.2154000000005,3818.5703999999996,60.3266933320121,7.104935549091806,5.463798189550648,9.712573661678858,23.661195138236366,3817.85662042395,3757.9763795760505
ETH,2024-03-07,3803.98,3853.8,3735.0,3835.16,277520.8318,3819.5174999999995,3813.1978000000004,3801.7636,62.671216989633,7.423876418889449,5.165947570078092,7.193577516081041,26.238578536232193,3846.222447013638,3792.812552986361
ETH,2024-03-08,3912.16,3993.75,3880.0,3924.55,313047.6715,3950.097,3963.478,3960.8548499999997,41.57585859238377,-12.324658892157458,-8.257963329663827,17.59800420536554,38.060638474717166,3998.7681228964498,3901.4258771035506
ETH,2024-03-09,3910.99,3942.0,3887.99,3919.81,139726.9084,3916.9705000000004,3912.5447999999997,3915.275,64.38315441409412,2.085228501267011,1.9733082721350976,1.2466514247255371,36.91992301797537,3922.60436004445,3911.3366399555507
ETH,2024-03-10,3935.86,3964.67,3860.65,3892.95,195065.2847,3891.018,3891.5604000000003,3910.2701499999994,52.86520687012728,0.7045505021465033,0.5827894614509276,3.7838920931325695,14.616384687393936,3900.390744742004,3881.6452552579963
ETH,2024-03-11,3830.79,4065.8,3825.53,4038.41,460129.4691,4038.093,4037.8460000000005,4042.5819,49.19064275607769,0.7119672508429176,0.6676231690519178,4.291040680538744,12.02397778218585,4045.602538201796,4030.5834617982036
ETH,2024-03-12,4055.81,4065.0,3950.0,3999.72,318747.6588,3998.7504999999996,3992.0702,4008.3508500000003,53.656802673610024,1.2454398676372875,1.7734838143821103,4.455066194371649,11.541490004667383,4005.0255027091293,3992.47549729087
ETH,2024-03-13,4016.72,4083.0,3932.23,3979.18,303816.9753,3976.465,3971.9232,3990.7194999999997,52.853182785636804,2.398651187714222,1.642996284656193,6.0466806840212355,15.26356317484411,3988.2794073061614,3964.650592693839
ETH,2024-03-14,3987.16,4005.69,3820.2,3823.19,312781.301,3851.6695,3874.2212,3902.4994500000003,26.72008032578305,-11.623137643776772,-11.127470644954311,9.606496603836822,46.42852733776263,3881.6768060937625,3821.6621939062375
ETH,2024-03-15,3864.98,3867.0,3570.0,3693.2,679373.7628,3698.4394999999995,3705.2226,3702.6966500000003,41.78895956590929,-2.481239199796164,-2.430975356636217,5.549807042788514,15.631946753162353,3705.8116244566663,3691.0673755433327
ETH,2024-03-16,3738.6,3749.31,3637.73,3663.8,216480.0348,3663.1144999999997,3658.01,3666.5717999999997,53.01766707648556,1.9488139692321056,2.5836585064989888,4.484542006956713,18.697101542955807,3672.0228813906197,3654.2061186093797
ETH,2024-03-17,3562.82,3622.98,3412.0,3621.5,321596.2087,3599.929,3591.9159999999997,3574.22745,78.1427136825416,9.23929421526509,6.477407868149061,5.1579904665063,39.324000125830224,3629.239983538618,3570.618016461382
ETH,2024-03-18,3598.99,3642.52,3486.0,3527.79,324329.754,3507.943,3503.9685999999997,3547.97435,72.62014820961248,5.811206606271753,3.316762065523264,5.796887808013004,27.302839982526386,3528.2932747894765,3487.592725210524
ETH,2024-03-19,3424.05,3442.65,3202.84,3295.24,622223.5539,3266.2794999999996,3255.7036,3268.8916500000005,75.02350155436802,11.274443858180803,7.482505751517422,7.555635233956517,30.879569886080674,3296.827425281332,3235.731574718667
ETH,2024-03-20,3210.87,3397.0,3056.56,3334.4,652364.6745,3338.1034999999997,3360.9057999999995,3350.671,45.24121238297426,-9.73177950380932,-10.274766862056968,10.727757667019405,38.38830816104124,3365.4430064147027,3310.7639935852967
ETH,2024-03-21,3542.15,3587.32,3446.47,3498.04,318305.9933,3493.085,3507.2158,3532.7389000000003,51.715403552184966,-4.606293092213946,-5.956382024773112,7.720595449308826,37.250170740744174,3504.8660262711587,3481.3039737288414
ETH,2024-03-22,3463.64,3542.52,3281.0,3340.61,303509.4582,3349.3504999999996,3323.5004,3360.0296,49.11759053461115,6.841073146100825,10.036984191076948,10.981501148998152,32.72016515822827,3374.728255200162,3323.972744799837
ETH,2024-03-23,3342.0,3423.03,3270.08,3393.84,178449.0903,3389.738,3403.6852000000003,3379.0422999999996,48.16273012215348,-2.3665214914549324,-3.54570756748688,4.434020775090009,22.65771111090857,3396.8418738726878,3382.634126127312
ETH,2024-03-24,3341.93,3414.46,3298.76,3396.85,140942.8807,3397.1050000000005,3396.2929999999997,3395.8508,49.648234046232844,0.4992940150641516,0.7151106602369223,2.7916292852369176,14.04887368940834,3403.499311534654,3390.7106884653467
ETH,2024-03-25,3426.13,3584.0,3424.5,3578.6,267685.4499,3572.3375,3566.3745999999996,3498.7701,61.82723777615967,3.6634672973777924,3.0841340824942076,5.534843419994294,18.686300005489624,3580.0513236306842,3564.623676369316
ETH,2024-03-26,3609.97,3678.86,3545.13,3596.79,293457.8083,3582.1449999999995,3580.933,3608.2955500000007,64.53280012260335,4.674540617209459,2.74887182651416,6.060314824222192,15.751534198253694,3599.160861423916,3565.1291385760833
ETH,2024-03-27,3599.23,3665.84,3496.15,3537.79,293961.7765,3527.7830000000004,3536.1638000000003,3569.30995,56.03653339200816,1.0513904427016314,-0.8463827487180685,8.07739509185862,15.018734398869281,3542.0812657690167,3513.484734230984
ETH,2024-03-28,3507.17,3611.78,3465.0,3572.93,234417.6335,3579.0405,3590.0440000000003,3582.2502000000004,36.940662245174636,-4.600691384466245,-4.6741957243531,4.153906255680544,36.69498221879349,3591.234387772222,3566.846612227778
ETH,2024-03-29,3558.61,3580.8,3486.69,3498.95,175886.4847,3521.535,3534.739,3543.01565,23.680186838504774,-7.894109338598355,-6.487599605483064,5.652766516756811,48.699741903204654,3539.912102600828,3503.157897399172
ETH,2024-03-30,3503.77,3565.81,3486.58,3537.41,144825.5021,3537.453,3538.9456,3543.0702499999998,47.61238162455328,-1.1159349576528257,-1.1577598975807826,1.690821085158798,20.53485458969432,3540.843080234919,3534.062919765081
ETH,2024-03-31,3537.59,3638.0,3523.08,3618.33,156592.6521,3616.4799999999996,3619.7166,3621.12615,51.53286834790654,-0.512767942145274,-1.084332666801081,1.3149992462229714,20.275595572938595,3619.736476623226,3613.2235233767733
ETH,2024-04-01,3617.0,3620.0,3500.0,3519.49,207729.1787,3531.6655000000005,3542.6194,3548.89425,31.995416304216185,-6.915318438874692,-5.907843118885657,5.479478540041762,54.614600875579555,3548.728169750286,3514.602830249715
ETH,2024-04-02,3495.2,3498.0,3235.0,3306.81,407113.3868,3306.7155,3291.2248,3294.4303000000004,54.61506135099809,5.7497002748605155,6.774050249553683,5.319594178688573,28.58775697726279,3319.597564236897,3293.8334357631024
ETH,2024-04-03,3283.39,3363.58,3264.44,3351.98,213528.1339,3353.1265,3343.3597999999997,3318.8005,51.58944830569136,2.656157117965904,3.742870466851787,4.95583745450288,26.887947072509867,3360.475247580488,3345.7777524195117
ETH,2024-04-04,3328.19,3386.36,3250.92,3377.52,172720.77360000001,3372.0809999999997,3371.7657999999997,3356.9697499999997,59.76445400477422,1.1487736250724083,0.3749081762739235,3.1385877252744723,17.248733062525332,3379.213233591049,3364.94876640895
ETH,2024-04-05,3319.83,3319.83,3210.0,3302.21,240047.1971,3295.5915,3292.114,3260.93295,57.879404596948916,2.9035436773810943,1.6137768701754807,5.360862818269257,24.512555006654328,3310.6424285760095,3280.5405714239905
ETH,2024-04-06,3329.41,3352.81,3306.68,3335.2,90197.77,3328.8550000000005,3325.0461999999998,3328.22675,74.0995251224168,1.9558735072878335,1.3622863537658207,1.8524316028771752,29.82594510425442,3333.7470282092695,3323.9629717907314
ETH,2024-04-07,3374.43,3420.0,3374.43,3403.15,96782.6646,3399.4339999999997,3402.1762,3397.5679,56.11783319366778,0.51114179608021,-0.5477514159081744,2.1057408102400452,18.55658461471527,3405.4643678163534,3393.403632183646
ETH,2024-04-08,3438.84,3672.11,3406.36,3638.67,338959.0848,3637.4085,3632.3964,3639.7003000000004,52.359532011343006,1.7554880502520973,1.633088505982544,4.145204907837941,10.415832784134462,3644.6520192412568,3630.1649807587432
ETH,2024-04-09,3675.25,3727.34,3540.37,3541.6,263414.5767,3576.9385,3592.063,3619.9525,22.062057685858758,-14.323539596053251,-11.214017885425156,8.852494959021591,49.0803817860213,3619.3752950132525,3534.501704986748
ETH,2024-04-10,3484.44,3554.19,3411.82,3482.49,243245.434,3475.5619999999994,3463.8352,3471.9570000000003,64.63761174334958,4.554742662950048,4.640080118955425,4.920135939323165,28.63536005230796,3484.174622364988,3466.949377635011
ETH,2024-04-11,3534.95,3618.3,3486.31,3508.41,232214.7835,3501.685,3509.5717999999997,3537.14075,53.483797233648986,-0.4682368013241103,-1.80925528948271,6.255601585445655,18.26154091614423,3511.5952300679332,3491.7747699320666
ETH,2024-04-12,3512.6,3552.4,3450.17,3453.19,184296.5749,3466.721,3464.9282000000003,3496.35375,30.633991090138043,-1.8949284430082116,-0.2109064178493859,4.036455002331764,16.18806029747967,3476.8023270950944,3456.6396729049056
ETH,2024-04-13,3219.13,3301.9,3141.6,3253.65,253041.4364,3268.2580000000003,3270.0078,3274.3246999999997,26.67497964645931,-3.8591282660004254,-2.253411069796803,3.714969284701709,32.14151559162962,3281.7377041510854,3254.778295848915
ETH,2024-04-14,2966.66,3102.15,2912.41,3031.68,384011.035,3023.2770000000005,3023.6820000000002,3035.15665,56.56677225393047,0.9478188296502594,0.4513355787342602,7.585986551435459,24.15418750502867,3035.179053772406,3011.374946227595
ETH,2024-04-15,3120.85,3277.85,3113.31,3170.27,286286.7235,3186.816,3192.113,3223.13685,33.11695616729834,-3.1927638903716797,-2.2265644618359604,7.1456310957609,28.411167503266967,3197.437155115983,3176.1948448840167
ETH,2024-04-16,3103.2,3128.01,2986.0,3050.32,333313.8646,3061.0985,3065.7413999999994,3071.6063999999997,40.09715941814277,-7.70372893926924,-5.782828182479538,7.3032930343247315,28.498271482320188,3086.7294525964116,3035.4675474035885
ETH,2024-04-17,3073.41,3123.75,2942.6,2980.04,232186.2852,2972.0879999999997,3002.1177999999995,3032.54715,48.746432282274725,-7.51752823654806,-10.655576226167158,10.205362056854499,60.07398280615432,2984.0346021947034,2960.141397805296
ETH,2024-04-18,2996.19,3093.33,2954.01,3083.1,243926.6682,3081.7065,3063.687,3040.7732499999997,58.16376158057168,4.7256224888874385,5.556906555021409,6.780991205864648,38.9461258881986,3090.9612291156836,3072.451770884316
ETH,2024-04-19,3014.81,3128.89,2865.18,3073.21,452087.9177,3074.2905,3085.4396,3097.1961499999998,45.36538833368408,-3.2139396802081137,-3.957562974203738,6.060258762179853,26.208713559809556,3089.715512771599,3058.865487228401
ETH,2024-04-20,3039.0,3071.03,3029.99,3056.63,96170.4851,3059.106,3061.1951999999997,3057.19985,41.01191078359765,-1.590920883821127,-1.3988671938407193,1.858235520183526,18.406720971509518,3064.1078092726398,3054.1041907273607
ETH,2024-04-21,3146.91,3197.18,3137.32,3152.98,135535.1868,3152.023,3149.6182,3160.4601000000002,53.562475687391434,0.6173884254521909,0.6983487075282394,2.267813294353702,11.175610661546528,3156.184216648945,3147.8617833510552
ETH,2024-04-22,3163.72,3235.0,3129.15,3197.06,188771.8025,3196.6760000000004,3195.4682000000003,3197.8342,50.56377843839923,0.5900387967053575,0.9351762950681246,3.757095072276662,17.26888610684482,3205.363276673288,3187.9887233267127
ETH,2024-04-23,3214.2,3263.61,3152.0,3246.25,157743.6288,3247.25,3229.4021999999995,3192.5704499999997,53.86646942169512,6.713344817969755,7.831898239159827,5.578025877259235,55.75149622472709,3261.3486283019556,3233.1513716980444
ETH,2024-04-24,3231.61,3293.56,3186.99,3200.2,195390.3268,3216.9235,3236.7488,3262.6459000000004,27.34578359089492,-12.19626581596276,-10.999270903231851,7.577306279041151,56.609159543059945,3247.313781522254,3186.533218477746
ETH,2024-04-25,3163.8,3171.2,3072.2,3126.79,224011.516,3132.4945,3129.1738,3116.43935,44.33498493341706,-1.3192759601652142,-0.3398956978568609,4.485196133462115,18.210688136634413,3144.265808296036,3120.7231917039635
ETH,2024-04-26,3129.25,3167.7,3110.38,3130.99,154576.0585,3153.8295000000003,3151.1059999999998,3135.7598,28.020975300416595,-2.5028225999644746,0.20123390718259881,4.870095671138567,21.38046931795847,3168.786248944865,3138.8727510551357
ETH,2024-04-27,3077.2,3167.01,3069.2,3160.5,130597.1538,3157.9725000000003,3154.3951999999995,3139.3244999999997,59.10728373793544,1.341699742554738,1.3298510254914448,2.237153705924804,27.51782853230914,3161.137451026889,3154.807548973112
ETH,2024-04-28,3256.84,3339.99,3254.05,3312.77,196310.6026,3313.8105000000005,3312.8372000000004,3298.62815,47.74022498131582,0.5528304936092354,0.9363795479729635,3.031065418005912,15.276629277128366,3321.3230481028613,3306.2979518971397
ETH,2024-04-29,3275.35,3286.95,3115.13,3171.65,313437.1072,3165.9480000000003,3147.8763999999996,3156.3021000000003,63.14338937664774,7.678503034013374,8.106438253685953,5.108975354228648,47.93779536153474,3184.695981864821,3147.2000181351796
ETH,2024-04-30,3226.76,3231.2,2966.01,3011.75,321730.6518,3003.1600000000003,2997.9898000000003,3007.90185,62.99508787885811,2.5580880182928922,1.8571715215956965,4.680948217052703,20.358522381764438,3010.5191738667327,2995.800826133268
ETH,2024-05-01,2986.2,3014.7,2817.0,2891.9,353106.4254,2895.5505000000003,2894.4046,2902.9569999999994,44.87653755131504,0.4926733350635004,0.5412688446470004,4.177792636764973,8.877917171256229,2900.806991130059,2890.2940088699415
ETH,2024-05-02,2947.02,3013.0,2893.26,2990.39,235631.5018,2973.965,2967.8186,2982.7261000000003,70.50881454970177,5.080906391147437,3.6578883506655133,4.673365489327165,32.646224005625385,2988.934438867268,2958.9955611327323
ETH,2024-05-03,3002.61,3073.73,2958.32,3053.21,224815.0225,3052.102,3054.2568000000006,3020.46425,51.182629649353665,0.03932081445418589,-0.2825329963804439,3.496229991427624,13.402259025377413,3056.792371413854,3047.4116285861455
ETH,2024-05-04,3115.39,3168.0,3092.85,3130.81,128979.779,3127.689,3126.6827999999996,3137.4524,59.799454116571596,1.0928910489583359,0.6771517855257264,1.5936801849866853,16.081093404772634,3131.034629387854,3124.343370612146
ETH,2024-05-05,3097.96,3171.93,3072.99,3139.59,135816.2537,3132.6865000000003,3136.2989999999995,3137.2908499999994,66.26965408622976,0.3414575761044034,-0.7150599094066545,1.9544980292844232,18.160761494253517,3137.635173660569,3127.7378263394316
ETH,2024-05-06,3164.0,3221.4,3085.23,3103.41,246313.4675,3107.2169999999996,3112.9892,3123.0373,42.7754416395198,-3.110041678565267,-3.2113779255412136,3.7962933664440035,26.987948753888713,3119.8205298229964,3094.613470177003
ETH,2024-05-07,3076.1,3129.85,3021.34,3053.21,174208.59410000002,3056.8125,3060.5809999999997,3071.7839000000004,41.63338108677819,-2.469084819433192,-2.455101188382929,3.5232265862434837,35.60569270105257,3063.7590210717617,3049.8659789282383
ETH,2024-05-08,3023.05,3038.15,2978.4,3026.95,150592.193,3022.9425,3020.6448,3003.49305,61.024479940988876,1.7232176961988444,1.3937682836141576,3.1963417123951197,23.93684125131213,3028.165900712093,3017.7190992879073
ETH,2024-05-09,2991.0,3014.96,2950.77,2985.0,138240.472,2979.835,2978.1314,2980.1599499999998,59.01049253815563,2.5726108323042354,1.768469037161891,3.236910526451273,20.54946917131418,2989.729779431608,2969.940220568392
ETH,2024-05-10,3025.47,3053.89,2965.24,2973.84,133981.2817,2984.3475000000003,3002.6602000000003,3022.6859499999996,30.367869639644304,-8.995395087310953,-8.463747068691228,5.480049721930508,55.54731293107902,3002.512048852109,2966.182951147892
ETH,2024-05-11,2935.41,2936.59,2886.46,2904.1,74779.9576,2905.7585000000004,2909.4634,2906.0889,41.55528490260736,-1.6749194284179794,-1.4959475707105299,1.6541000670832504,35.40768864117666,2909.344959396161,2902.17204060384
ETH,2024-05-12,2918.0,2943.73,2901.17,2930.46,55378.1889,2932.0724999999998,2934.2362,2930.8709999999996,42.55673615244045,-1.4857090501891435,-1.265118414055023,1.3187774818629279,25.30725052579123,2936.434255953658,2927.7107440463415
ETH,2024-05-13,2921.18,2996.4,2864.76,2960.0,262737.5602,2965.7875,2967.611,2967.04365,39.43763654917453,-1.8007442618427376,-1.4780616870180046,3.0786644647358408,12.164906960120229,2973.4999337922786,2958.075066207721
ETH,2024-05-14,2957.95,2960.6,2870.25,2903.41,161810.993,2903.0705,2896.9506,2904.0757,51.05174110382685,3.968525237380618,4.612236549843532,6.2270969214070995,30.53109406781378,2928.500376503792,2877.640623496208
ETH,2024-05-15,2883.6,2982.0,2880.0,2968.69,191194.389,2967.457,2958.8481999999995,2934.8478999999998,56.490731837095524,3.4703767288551717,3.4531313837559887,3.3808517891095797,24.882218810345414,2974.557546739626,2960.3564532603737
ETH,2024-05-16,3020.1,3027.85,2951.27,2964.07,157769.9391,2961.327,2971.5471999999995,2984.4937,47.90178472342593,-1.9651816409327694,-2.970037271311751,3.3252727864323846,27.444420192908154,2966.1015202901303,2956.55247970987
ETH,2024-05-17,2940.87,3094.06,2933.06,3080.11,235991.83060000002,3081.6690000000003,3070.3145999999997,3055.9773499999997,53.35263572354243,2.9869895458928113,4.022486913901473,3.6011546102045764,34.76686446467642,3091.2131435448164,3072.1248564551843
ETH,2024-05-18,3090.94,3146.98,3083.61,3112.11,145701.4768,3111.862,3110.2988,3122.52885,51.561765981747044,0.41811320919077843,0.48053222982591526,1.99295550291239,9.830666768749065,3114.8541203185428,3108.8698796814574
ETH,2024-05-19,3118.93,3136.64,3068.03,3078.12,103977.1254,3079.5875,3082.3442,3085.6765499999997,45.84475578725805,-1.435233619918563,-1.3192769953212207,1.9220730237955497,20.973495884775684,3085.5784127017214,3073.596587298279
ETH,2024-05-20,3066.4,3140.0,3047.67,3080.18,163343.1126,3084.417,3088.0370000000003,3090.7397,39.82382565730031,-1.5636962822418354,-1.2117364511089541,2.7995524031852885,12.618328658545398,3089.0022419783527,3079.831758021647
ETH,2024-05-21,3660.0,3836.0,3624.28,3815.34,578683.9127,3804.7125,3792.223,3784.53895,57.49501147732012,6.6108080580270325,5.478242351387818,8.767804426422984,23.172062672612828,3826.7280498454925,3782.6969501545077
ETH,2024-05-22,3785.99,3813.69,3653.15,3721.06,303013.8973,3714.4689999999996,3698.8698,3700.4279000000006,57.39090475755947,5.556816967957275,4.733293054054602,11.12844924564551,18.257309133675378,3735.4922489402215,3693.4457510597776
ETH,2024-05-23,3746.04,3949.29,3723.0,3797.4,485178.7122,3801.7705,3792.4442,3861.02685,47.69319569387551,0.4296269226847471,2.0061560695070044,9.082758565042106,15.224525146495985,3814.675090617183,3788.8659093828173
ETH,2024-05-24,3802.12,3828.91,3626.1,3724.72,290582.5907,3715.9315,3697.9572,3706.8320000000003,60.872631118104685,8.260477763364634,7.951363342162642,6.800274012196946,31.05698905993271,3738.3752298817153,3693.487770118285
ETH,2024-05-25,3722.49,3779.43,3715.0,3738.05,112007.6767,3739.5585,3736.9132,3740.41195,47.794353798548244,1.0040131005398507,1.2724956871185193,2.250875104677275,17.795908657128184,3743.444738669837,3735.672261330163
ETH,2024-05-26,3757.3,3822.4,3731.17,3817.27,147968.2119,3810.8019999999997,3807.8772000000004,3806.82235,64.40807555604873,2.15299388156609,1.4653885529340578,2.546691419287036,24.354347208803603,3816.8671285229116,3804.736871477088
ETH,2024-05-27,3850.6,3954.35,3844.38,3932.2,219886.3747,3934.8050000000003,3935.9644,3914.9022500000005,45.593738156168726,-1.081492943561443,-1.0210395012623925,3.746124023456829,20.0216763523813,3944.450526424284,3925.1594735757167
ETH,2024-05-28,3885.08,3931.09,3821.63,3861.24,236440.7428,3871.1335,3867.8964,3890.1936,39.21802333423884,-2.9037474165593267,-1.24667113594803,5.357451565437162,23.131747137269944,3885.1880967924167,3857.078903207583
ETH,2024-05-29,3843.4,3888.55,3763.38,3786.78,215217.7973,3783.464,3790.7494,3807.7245000000003,51.77134982612172,-3.451618579199021,-4.226172574159021,6.62957315059939,35.89343116087902,3799.724998001349,3767.203001998651
ETH,2024-05-30,3768.17,3801.65,3702.58,3776.01,165222.036,3784.925,3786.7418,3764.2239,33.88382081583688,-1.9035130485385707,-0.9380575152201462,3.1028963611051754,18.888321004106245,3793.4432803428026,3776.4067196571978
ETH,2024-05-31,3754.48,3849.94,3724.41,3775.92,155461.9412,3786.172,3785.8060000000005,3807.0545500000003,36.653955696069026,-0.025508558252568037,0.33023033459445217,5.2986287300654675,16.45120550196574,3795.2143550029705,3777.1296449970296
ETH,2024-06-01,3767.21,3814.67,3759.22,3810.8,73627.5042,3809.0534999999995,3805.652,3798.8051,59.019501243867445,2.3109292972872026,2.047148574288224,1.615021260483404,31.502086757942624,3815.6282890462057,3802.4787109537933
ETH,2024-06-02,3835.94,3838.27,3770.99,3805.0,133112.0444,3803.226,3798.8108,3793.8047,58.70865149161743,2.5757653891964765,2.564582655367906,1.9411499874689646,27.14227613710545,3809.900262206426,3796.5517377935744
ETH,2024-06-03,3789.67,3849.99,3779.19,3783.78,158064.0048,3799.5560000000005,3816.0427999999997,3822.1351,28.094750497880245,-10.31357795330041,-9.017843503952264,6.034395981050457,41.9431463329999,3823.9805519099205,3775.1314480900805
ETH,2024-06-04,3762.51,3795.98,3741.6,3773.18,107941.5617,3783.8405000000007,3783.8404000000005,3770.97075,35.121785260856996,-2.669340502929572,-1.0749659420024014,4.202301963902816,15.851666246181022,3794.977442982647,3772.7035570173543
ETH,2024-06-05,3818.28,3839.92,3777.33,3800.83,147060.8754,3796.972,3794.5484,3805.7101000000002,58.83080578460492,1.7583449842150003,1.316079901186736,2.6752736903812497,20.575831453799722,3802.9006106299757,3791.0433893700247
ETH,2024-06-06,3857.49,3878.6,3820.0,3843.11,117102.078,3839.9505,3838.0208000000002,3844.7073000000005,58.96116770168783,1.8407471680779963,1.4306847772194318,2.482950534021885,21.780618415585327,3846.524742085525,3833.376257914475
ETH,2024-06-07,3805.0,3841.39,3771.39,3819.98,120868.0356,3814.0620000000004,3814.5568,3813.9164,62.98556222752583,0.8316081668672268,0.2943133986913789,2.064846219762195,14.489277689926253,3819.086207798276,3809.0377922017246
ETH,2024-06-08,3681.43,3709.5,3660.08,3691.62,88933.4944,3686.6065000000003,3686.1664,3683.4364,66.12551143585047,1.7342932955307333,1.0547091159626019,1.3962178131518963,27.10334669110905,3693.263025444995,3679.9499745550056
ETH,2024-06-09,3681.99,3712.5,3666.36,3690.12,63663.0689,3689.0284999999994,3690.1392000000005,3693.1160999999997,52.414319109318654,-0.5592449637160826,-0.8001555832979383,1.605567814943056,21.780165864311396,3694.1663877954975,3683.8906122045014
ETH,2024-06-10,3692.0,3697.8,3642.74,3676.5,79015.9793,3671.911,3670.5774,3674.07395,61.99206112286231,2.420042868188375,1.4379209271930666,1.9064886269956922,30.496187289054987,3680.2992439163513,3663.522756083649
ETH,2024-06-11,3666.01,3670.35,3503.4,3518.08,269386.1822,3524.1674999999996,3525.2470000000003,3531.53575,35.59664782436357,-2.885825382196799,-2.0086384960350405,2.569564245836762,37.705017729191546,3533.9751151534983,3514.359884846501
ETH,2024-06-12,3484.59,3659.01,3462.07,3633.4,226150.2939,3634.327,3625.6701999999996,3596.3698,51.765039293292844,3.2485826811662264,3.496705087048203,3.3156094817077206,29.405309442285745,3641.625120579635,3627.0288794203652
ETH,2024-06-13,3549.21,3552.4,3472.6,3524.01,181381.2496,3494.6125,3496.923,3500.9197999999997,74.59355357179751,6.196763016128443,1.2486555387989806,7.223745367900993,36.161143016617935,3524.0108787818185,3465.214121218182
ETH,2024-06-14,3473.03,3532.61,3461.42,3476.19,124636.7306,3477.6295000000005,3492.2218,3510.2443,43.129406155048265,-5.485648069214676,-6.3041823048656065,5.007120089698156,50.73445581885627,3488.683866512758,3466.575133487243
ETH,2024-06-15,3486.42,3570.79,3473.1,3559.66,151416.3886,3558.9385,3560.6376,3550.7926,53.07002609502577,-1.3248261560615902,-1.4392564382944548,2.2160603398516723,22.38452597011322,3567.518463344752,3550.3585366552484
ETH,2024-06-16,3563.97,3611.98,3541.05,3586.2,80513.0601,3590.5629999999996,3592.7587999999996,3571.54425,42.60015889369824,-3.4119059594509054,-2.7623017146225695,3.627816712319654,27.527452294714028,3604.697652595703,3576.4283474042963
ETH,2024-06-17,3610.64,3616.12,3485.44,3539.08,191998.0488,3525.189,3511.966,3521.3775,71.50768373065543,7.919626010683714,6.259990094696766,3.8659616457696084,43.5568133432214,3544.6703735655797,3505.70762643442
ETH,2024-06-18,3457.46,3466.18,3355.0,3435.63,277291.1443,3428.8075,3408.7394,3402.0169,64.16715878763509,7.375233863673657,7.881386486732332,6.0809775097067496,34.72844704077995,3439.5858744136603,3418.0291255863394
ETH,2024-06-19,3541.71,3585.0,3503.31,3524.6,193908.0478,3519.78,3529.4401999999995,3537.3720000000003,52.24266688150508,-1.7945681036731003,-3.376539664239322,3.949725900766828,32.86190861709321,3527.6270478524484,3511.932952147552
ETH,2024-06-20,3566.51,3625.96,3491.46,3522.59,232791.9506,3514.043,3517.7010000000005,3568.2236000000003,56.69323312011073,1.1773666620615586,0.16534376147493396,5.3234568164129,17.798844271594994,3530.6078460301665,3497.478153969834
ETH,2024-06-21,3507.82,3536.21,3446.82,3510.18,210738.3893,3509.084,3490.75,3491.1322000000005,57.84317158519862,5.835655775156738,6.577944932419548,4.981151722966549,29.850198462360552,3517.6955257649793,3500.4724742350204
ETH,2024-06-22,3501.89,3512.27,3475.09,3505.14,79390.4125,3506.3365,3503.4574,3495.9566499999996,50.54718536821535,0.07131739691749317,0.5095692789982967,1.4098089223142012,13.734374736698719,3510.2423431867733,3502.4306568132265
ETH,2024-06-23,3505.15,3521.45,3486.31,3495.82,48440.4186,3493.228,3494.3114,3497.42495,56.2509192672725,0.6561765923693201,0.23102009119931785,2.185635040187001,19.174940797713315,3498.426940661294,3488.0290593387062
ETH,2024-06-24,3416.32,3429.03,3240.0,3318.03,305982.8998,3318.4174999999996,3321.3352,3318.4607999999994,48.86401138312922,-1.3035261264390101,-1.4613791860635987,3.614928282444188,12.217700713435422,3325.278479157644,3311.556520842355
ETH,2024-06-25,3340.51,3413.76,3336.76,3402.01,147181.0965,3399.5245000000004,3382.3500000000004,3375.1251,58.03718959585264,7.572235069815179,7.934994236603754,5.43133155135438,44.787878918250456,3416.6250841712567,3382.423915828744
ETH,2024-06-26,3405.27,3426.75,3366.37,3373.19,100890.0948,3381.1580000000004,3385.9238,3379.4353499999997,28.886533595832667,-3.1143739610442935,-2.190258771449866,3.1700714199446924,29.169987561943636,3388.193881181468,3374.1221188185327
ETH,2024-06-27,3376.73,3477.0,3366.05,3456.99,138478.2697,3464.2290000000003,3464.6089999999995,3437.7470000000003,33.59883736968335,-2.735643490417715,-1.6445128000794726,2.5701431932212215,28.34010163119054,3475.5849321944747,3452.873067805526
ETH,2024-06-28,3451.95,3487.7,3418.52,3420.89,135115.4932,3429.743,3442.2258,3449.6139999999996,32.176672012407636,-5.936302454014367,-5.412590227502439,4.1498138904885575,39.980181136654956,3440.8656329616383,3418.6203670383616
ETH,2024-06-29,3390.98,3408.32,3381.56,3386.39,53578.2982,3385.7255000000005,3390.0240000000003,3395.8776999999995,46.10619578608638,-1.1497349417977603,-1.4505489543639931,1.3517227869620452,29.193468965263786,3387.7415801075513,3383.7094198924497
ETH,2024-06-30,3377.6,3404.88,3352.66,3394.79,71378.8287,3397.844,3397.3783999999996,3392.61315,40.11713043032918,-0.6106755639702897,-0.20160843970905207,1.3686374801586056,16.104232088148645,3401.6013682278353,3394.0866317721648
ETH,2024-07-01,3492.54,3524.94,3453.0,3462.96,130621.5783,3460.511,3460.3197999999998,3466.1671,55.12925076339338,0.3815502663728694,-0.007855966953898535,3.0540087943996865,18.139233851444597,3464.6346095838167,3456.3873904161833
ETH,2024-07-02,3448.2,3464.12,3402.0,3406.09,86232.4715,3420.8995000000004,3428.8106,3446.3567500000004,30.679788547615853,-5.6694327533859905,-3.900688058216958,5.082008064206377,44.821471301204774,3436.337706469653,3405.461293530348
ETH,2024-07-03,3414.46,3425.94,3275.48,3312.42,191549.3789,3319.3534999999997,3318.3508,3303.9399,31.760943064244195,-1.3173360958803642,-0.3239008832511563,2.161981809234895,25.38914945736092,3327.0010441157774,3311.705955884222
ETH,2024-07-04,3288.44,3294.27,3088.25,3114.97,321800.9207,3108.2945,3114.8202,3133.8400500000002,54.51693346931524,-0.42225309150535395,-2.1807397540391302,6.602199016083822,21.668084127013966,3124.5078086999815,3092.0811913000184
ETH,2024-07-05,3092.2,3101.58,2810.0,2948.92,714826.5072,2942.8504999999996,2952.0412,2949.3119500000003,55.22094488562349,-0.9017350343051476,-2.5301589675783918,3.539525213845924,25.001425180539194,2948.988817277504,2936.712182722495
ETH,2024-07-06,2975.99,3020.0,2955.06,3005.7,117627.6469,3001.1475,3003.3763999999996,3003.2164500000003,60.89496704314932,0.6338673786312938,0.03480143447320756,2.3054943511058887,17.02083808640007,3005.3914598253655,2996.9035401746346
ETH,2024-07-07,3050.6,3073.08,2955.12,2962.73,95886.5002,2966.2185,2967.9192000000003,2995.38765,42.465652461099666,-0.14645606409339962,0.13528744261478132,3.3551697160063436,21.645273160657354,2974.568523413226,2957.868476586774
ETH,2024-07-08,2833.59,3097.06,2822.8,2950.09,303825.3973,2967.161,3007.2634,3037.55945,40.143868339872874,-24.985016652487047,-25.20874354422037,15.866935753566958,56.883752933551456,3051.560492628774,2882.761507371226
ETH,2024-07-09,3064.28,3115.2,3013.55,3074.59,162158.3595,3074.8720000000003,3071.3507999999997,3074.9286000000006,49.92072366831302,0.47365903215904837,0.7533083093661185,7.739773874319574,10.30208880159141,3083.3070094249656,3066.436990575035
ETH,2024-07-10,3041.66,3129.89,3040.01,3111.73,151670.5461,3113.272,3108.8282,3103.9806,50.836557770028826,0.2736391669573095,1.1501217192694915,3.9106484862264494,16.206760887813747,3121.541468181344,3105.002531818656
ETH,2024-07-11,3090.85,3217.24,3054.76,3153.01,186483.3037,3143.9525,3160.5954,3164.0542,52.589591623941615,-1.554168753995782,-4.014270621162032,4.470472843943944,24.246594584690417,3157.171794799681,3130.733205200319
ETH,2024-07-12,3071.49,3127.9,3045.58,3120.8,107864.641,3119.4764999999998,3119.0080000000003,3088.3993,53.59159322676335,0.5317467389527337,1.0020636056291021,3.2175475865666594,15.330396416350057,3125.888898225259,3113.0641017747407
ETH,2024-07-13,3136.29,3171.0,3113.37,3152.17,68146.1042,3148.9325,3148.9722,3154.19025,62.29096957429653,1.0495637169951806,0.5686024759866009,1.478721269069294,21.896486070432733,3152.719440057515,3145.145559942485
ETH,2024-07-14,3175.01,3225.13,3163.67,3182.28,87535.4245,3181.7565,3183.3644,3192.1274,47.71574203024139,-0.0022855620773043483,-0.24724485959278653,1.8707332342604315,25.568386713095794,3186.157328444721,3177.355671555279
ETH,2024-07-15,3291.25,3373.0,3268.01,3361.95,151654.2319,3354.017,3354.3502000000003,3346.9240999999997,64.66328332072592,2.8831122444848916,1.6504388916559276,2.8717840301719364,26.31877811315191,3366.1677466436263,3341.8662533563734
ETH,2024-07-16,3480.6,3485.42,3346.55,3402.6,201546.919,3401.432,3398.9256,3409.5,53.01066626560935,1.2070472696691468,0.978207620678704,4.558099054375062,14.080588797302429,3405.9463486798104,3396.917651320189
ETH,2024-07-17,3513.42,3517.0,3437.69,3462.62,172896.6284,3456.7355000000002,3459.383,3455.7866,57.00166576679905,1.852355138022176,0.6918475132709823,4.068288948491384,15.411157966964051,3467.4343924193117,3446.0366075806887
ETH,2024-07-18,3419.87,3489.98,3394.5,3448.0,131590.6188,3452.1009999999997,3460.8016000000002,3463.3122999999996,41.62079359886336,-4.901774030510751,-4.504792308225333,4.347581272677738,31.863056338710713,3464.629067528529,3439.5729324714703
ETH,2024-07-19,3389.76,3473.32,3377.0,3466.5,153390.429,3464.8839999999996,3452.0632,3418.73205,59.255385657992306,3.1543757971803643,3.779747788723863,4.776976205213264,24.910974690399122,3474.766075490525,3455.001924509474
ETH,2024-07-20,3492.46,3508.18,3480.0,3502.85,75814.7648,3495.8355,3492.7028000000005,3490.11915,78.32035365535886,1.825062010727379,1.36128793900042,1.4592627409927432,38.01024530381313,3499.7520621404433,3491.918937859557
ETH,2024-07-21,3513.12,3523.09,3476.6,3512.35,61054.3398,3507.0294999999996,3499.5762,3497.7705,69.35296837600417,2.6822709518455667,2.6356796908696873,2.4432951242073995,35.46520593313341,3511.7275611958785,3502.331438804121
ETH,2024-07-22,3525.39,3544.95,3444.01,3458.66,108116.0079,3454.811,3464.4440000000004,3488.4187,51.28777520615668,-4.825096429129189,-5.459546169076516,4.833000325679407,40.40677004130514,3467.322896578804,3442.2991034211964
ETH,2024-07-23,3488.21,3541.0,3425.0,3495.38,266743.2914,3477.053,3463.1410000000005,3491.2136499999997,69.96159547672679,7.024147997059572,5.233716551595657,6.202440424052739,24.83525433586628,3493.7749186698243,3460.3310813301755
ETH,2024-07-24,3465.81,3476.11,3427.4,3447.78,120815.9848,3450.2549999999997,3448.3474,3456.94905,46.069771752513546,0.6329078545427365,0.743949063082037,3.8766217615721423,17.478360997722056,3457.7357446154087,3442.7742553845906
ETH,2024-07-25,3237.81,3242.7,3105.35,3169.71,288593.0963,3154.549,3145.1256,3158.5026000000003,64.15196521283441,7.876703586319763,6.286199313148748,6.98045590417091,27.103578381710022,3177.7921460003963,3131.3058539996036
ETH,2024-07-26,3183.41,3276.0,3175.21,3229.34,181839.1872,3240.2045000000003,3247.9714000000004,3243.9208999999996,36.389691202778046,-5.696181245757089,-4.951266883089686,5.600702676547625,30.189111232814952,3258.6011393399117,3221.807860660089
ETH,2024-07-27,3255.76,3327.59,3241.31,3310.08,89973.7758,3304.876,3310.8508,3296.2753500000003,56.40328557946396,-0.38191114497703893,-1.7694676524761142,3.260575790573035,24.016270499706298,3313.1440140300156,3296.607985969985
ETH,2024-07-28,3242.01,3279.93,3198.11,3269.15,63860.5257,3264.299,3268.2894,3266.655,62.872831539383576,-0.28358129785010533,-1.0868930935489183,1.8113403097478133,21.78793389992494,3267.667797411586,3260.930202588414
ETH,2024-07-29,3274.66,3396.77,3271.65,3338.59,163204.9505,3328.9895000000006,3334.8995999999997,3364.6357000000003,59.287431689986725,0.18311446111420082,-1.8396595902076898,4.937592984808083,24.782992622982277,3340.1743012498096,3317.8046987501916
ETH,2024-07-30,3330.4,3366.4,3284.26,3321.21,93667.2048,3322.8095000000003,3326.4976,3339.5741500000004,44.30585788112396,-1.8094582046342111,-1.7808560052639666,4.040634079728073,36.59599453754294,3327.7283066642567,3317.890693335744
ETH,2024-07-31,3282.4,3350.0,3262.49,3322.73,112758.0943,3317.4235,3326.754999999999,3324.5003,52.892905947760845,-1.8817170057800467,-3.6070622373155556,4.021512604923367,33.36975332589588,3327.667382613467,3307.1796173865328
ETH,2024-08-01,3220.0,3227.25,3136.47,3167.59,150421.1313,3165.7595,3174.2356,3186.7522,50.04656921148327,-3.1434002626833717,-3.87093310002046,3.330400363439895,28.52477578343907,3175.3300140405827,3156.1889859594176
ETH,2024-08-02,3178.76,3185.26,3108.15,3114.31,140041.2836,3127.885,3141.6488,3150.6472999999996,33.3372628589789,-6.9133920624681195,-5.536032557457402,5.6454148885455036,37.65028499577046,3144.7700342018984,3110.999965798102
ETH,2024-08-03,2925.82,3018.02,2917.06,3009.79,109943.5139,3009.984,3008.7165999999997,3004.6319,49.90713169805585,0.924361530558599,1.0193714851085796,2.1400630293663907,12.104992996741244,3014.2923147516767,3005.675685248323
ETH,2024-08-04,2901.99,2935.46,2856.62,2856.66,100054.0377,2878.585,2895.9038,2911.5012,11.950713164218598,-9.700516779437748,-8.264816289262804,4.653728531553265,65.61219148100282,2899.238847583459,2857.931152416541
ETH,2024-08-05,2376.91,2403.83,2160.0,2399.86,1878974.524,2383.993,2370.3709999999996,2282.9365,62.97323470140416,6.7001335650311376,5.944239391693925,12.259235137465275,22.296144155122526,2406.4310793296518,2361.554920670348
ETH,2024-08-06,2540.57,2556.23,2414.19,2534.0,389007.6594,2534.6075,2505.3638,2464.0172000000002,56.204992078695284,6.2430793967282625,7.971176803441975,9.937105863943323,34.719510317413146,2550.668711504897,2518.546288495103
ETH,2024-08-07,2441.6,2551.32,2366.0,2367.19,362462.5759,2401.6775000000002,2423.945,2458.0953,25.488310824116354,-14.165898244652453,-11.684598515528386,8.811462550230786,46.41457429826646,2433.508223444483,2369.8467765555174
ETH,2024-08-08,2385.82,2525.68,2378.86,2486.9,282842.4896,2473.6189999999997,2452.4456,2459.7582,65.95193155816972,10.763484698594766,10.190904661634862,6.923376974158886,49.39006934735181,2503.120215500329,2444.1177844996705
ETH,2024-08-09,2663.48,2707.98,2557.47,2570.07,241246.7693,2592.113,2612.0886,2620.9067,32.06277781084673,-14.45529245901298,-12.144706809121898,8.903247090104935,40.97018768065585,2634.1379388339838,2550.088061166016
ETH,2024-08-10,2599.97,2642.84,2588.4,2615.82,75551.8332,2612.8315000000002,2612.1081999999997,2625.0586,59.20206477269499,0.9696053148227293,0.3862999628633364,1.8950389960854233,19.616884323577704,2616.8573975397117,2608.805602460289
ETH,2024-08-11,2622.69,2720.0,2616.9,2644.4,145709.2474,2645.967,2642.7908,2640.8469999999998,49.97972867510305,0.5578562431869614,0.9209418503187137,3.1083800390910747,17.58898769745281,2650.979492793032,2640.954507206968
ETH,2024-08-12,2558.43,2716.46,2516.36,2707.84,267416.5122,2681.707,2653.4014,2669.3210999999997,72.5366799512086,12.101046244988083,10.076709715649068,10.37636483226859,39.028841698122946,2705.809081321033,2657.604918678967
ETH,2024-08-13,2714.87,2738.4,2611.37,2639.37,172611.2085,2649.7875,2661.1272000000004,2649.8145999999997,33.535490791197304,-7.3783574119638615,-6.286943909073016,4.761517740454701,41.31892114160611,2671.535682337771,2628.0393176622288
ETH,2024-08-14,2704.4,2780.0,2632.2,2644.68,233482.248,2650.3044999999997,2654.36,2715.11515,41.38468967286481,-3.0880051074982475,-2.4360064410881925,6.17947738582546,25.35213729445302,2664.434342851225,2636.1746571487743
ETH,2024-08-15,2659.65,2669.95,2589.0,2659.46,146413.5434,2655.104,2656.4812,2647.8759000000005,56.35342639823744,1.6691283290533647,0.9635541540457858,3.0460825596338466,16.864819220685224,2664.4671541694543,2645.7408458305454
ETH,2024-08-16,2558.99,2628.83,2552.17,2595.0,138250.2476,2585.1279999999997,2586.1142,2596.12935,64.4088291908213,1.8694302532476286,0.22656689769451815,4.461203025650386,15.251129130389106,2596.6411378867806,2573.614862113219
ETH,2024-08-17,2602.54,2614.2,2588.47,2607.25,48067.0368,2604.6014999999998,2605.0134,2603.10005,57.05821575590423,0.998573072767158,0.4777150908218476,1.408620404334527,19.949933560115618,2609.7932098339215,2599.409790166078
ETH,2024-08-18,2616.0,2689.16,2594.53,2662.3,114860.2519,2665.844,2665.406,2661.37635,42.57894326336597,-1.26697076606888,-0.6478338749270476,2.149395489995044,21.952386998017456,2671.7437572833073,2659.9442427166928
ETH,2024-08-19,2620.02,2648.08,2563.58,2572.16,127833.6397,2572.4815,2573.4770000000003,2582.83065,48.46367349190895,-1.1648927331539198,-1.204978630010471,3.3852537051933345,12.294042537399049,2577.4998514225967,2567.463148577403
ETH,2024-08-20,2658.69,2695.0,2598.1,2602.01,141612.9072,2607.9115,2622.2436,2639.08915,39.22919933883032,-5.145388873803313,-5.243856372077043,5.058943006607584,40.2534996655683,2616.0916082511235,2599.731391748877
ETH,2024-08-21,2579.13,2615.65,2536.22,2611.19,129718.622,2602.564,2594.1356,2580.9623,61.59412235119911,3.9649273626346258,3.4936433021564692,6.4063498415837685,23.960083263708096,2611.000561858996,2594.1274381410035
ETH,2024-08-22,2629.14,2644.69,2584.2,2614.54,117022.104,2614.089,2614.706,2627.1681,50.51985110960062,0.28832363060791977,0.04485116100205419,2.6163550252651153,13.461358713782426,2617.501587874301,2610.676412125699
ETH,2024-08-23,2640.61,2699.0,2631.94,2670.63,173377.6707,2675.2535,2672.7270000000003,2662.2923500000006,45.49645324523855,-1.1799577726173993,-0.03757864549380349,6.4439756693703725,19.84178484656312,2685.388325652284,2665.1186743477156
ETH,2024-08-24,2749.47,2786.29,2739.4,2759.04,112668.6245,2759.522,2757.3988,2759.6456999999996,51.5835197275158,0.3736203415533055,0.7115273852996292,1.4943632210814002,16.37099829826713,2763.2547609085814,2755.7892390914185
ETH,2024-08-25,2760.01,2772.9,2733.21,2768.45,85569.3199,2765.34,2765.4053999999996,2757.5022500000005,60.96499101959228,0.3860724327209937,-0.08498136048106367,1.5976467112088035,18.46323663357518,2769.5857979226284,2761.094202077372
ETH,2024-08-26,2754.58,2757.02,2704.36,2709.71,103855.3373,2714.973,2718.7816,2730.1960999999997,40.10043164151737,-1.4241335711185457,-1.0573959131165733,4.252780484167436,31.826812216269104,2722.3121746130055,2707.6338253869944
ETH,2024-08-27,2686.7,2699.98,2555.0,2602.49,169020.4158,2598.7504999999996,2600.8052,2616.9821,55.412822859944974,0.5099590473487297,0.05835100082901523,4.595625708033732,19.56802740161205,2603.762172275411,2593.738827724588
ETH,2024-08-28,2440.35,2550.31,2418.8,2513.0,254703.7447,2516.8975,2511.1502,2522.08205,45.91023908131893,-0.6334165072116775,0.4470903190809574,4.534011192871692,18.342681913231214,2524.5521871262945,2509.2428128737056
ETH,2024-08-29,2519.62,2581.72,2512.2,2571.16,120194.9244,2565.052,2568.1398,2565.8811,58.2327740821928,0.10871992693591892,-0.8100783996815423,3.47313982143231,14.633058122024087,2570.8601101918575,2559.2438898081427
ETH,2024-08-30,2525.41,2552.17,2489.71,2494.72,119742.405,2501.0899999999997,2510.3242,2517.90425,34.85472319180787,-4.058428859979813,-3.693788349320024,4.791720735432318,25.283375831007604,2509.225217268222,2492.9547827317774
ETH,2024-08-31,2527.71,2530.41,2511.47,2522.81,47029.8856,2523.5914999999995,2521.6388,2524.4125,47.52131707641343,0.6128836235475319,0.7521136747224468,1.2242683525392375,21.944697134804553,2526.266116047203,2520.916883952796
ETH,2024-09-01,2502.2,2507.34,2438.0,2460.78,95722.7499,2452.7980000000002,2457.2286,2467.0742,60.18823766266902,1.5145377231510793,-0.06148230421646356,3.719615961020512,24.625435482331447,2462.1309815172813,2443.465018482719
ETH,2024-09-02,2445.6,2539.53,2431.5,2517.41,174357.26929999999,2510.8265,2506.0356,2514.91685,60.40665885329721,5.091906657239633,4.218924304887771,4.255362420042936,41.3066473472709,2528.8808249942613,2492.772175005739
ETH,2024-09-03,2535.3,2553.6,2449.52,2454.39,114717.3113,2458.1165,2459.4844,2495.2562000000003,43.54084308045137,-1.9142455862047427,-2.009212652731901,3.7376050228397135,23.557847093360568,2466.741193096055,2449.491806903945
ETH,2024-09-04,2336.2,2422.8,2335.34,2413.01,188290.8316,2403.842,2405.1526,2402.0558,62.71922055386553,1.9725775635679383,0.7054748763929231,4.270648343733536,16.784246673334113,2414.8177780590404,2392.86622194096
ETH,2024-09-05,2453.68,2466.0,2376.72,2402.04,154653.1663,2402.566,2400.5818,2393.9703999999997,51.59824873484388,0.33156265415846065,0.3382156453825727,3.3162922380706,10.179682390697856,2407.536341638311,2397.5956583616885
ETH,2024-09-06,2373.67,2408.83,2321.21,2341.21,217335.2511,2334.9625,2346.5806,2373.8692499999997,53.58418818693772,-2.8640150504879784,-4.87074863457272,6.463572173452654,36.014931513625484,2347.1633882873443,2322.761611712656
ETH,2024-09-07,2225.56,2299.47,2220.98,2291.95,120121.6991,2293.191,2293.3651999999997,2290.1875,46.59348661903443,-0.5913331426927471,-0.3455443425059722,1.7528033360663422,13.676098459074895,2296.6812945433635,2289.700705456636
ETH,2024-09-08,2276.08,2309.86,2267.0,2275.08,87483.6994,2273.7825000000003,2277.1865999999995,2285.2019,50.8103659151154,-0.28842615703160845,-0.6791427628929154,1.951419578517425,23.82548849900088,2276.430086636674,2271.1349133633266
ETH,2024-09-09,2304.8,2339.0,2276.0,2281.39,152030.9589,2286.837,2302.1008,2309.242,36.47211754644833,-5.771604322016174,-5.916125000026798,4.404421766989588,50.49656674209124,2296.937621961098,2276.736378038902
ETH,2024-09-10,2346.04,2372.0,2320.41,2337.79,120127.5013,2334.397,2332.5152000000003,2345.0005499999997,57.23278212967774,1.5299015184009477,1.3804644863873687,4.1362471184638725,23.211351388478665,2344.276465775036,2324.517534224964
ETH,2024-09-11,2375.82,2378.0,2283.0,2290.09,168219.0131,2291.5289999999995,2292.805,2319.1807,45.64871598453197,-1.3971506597481493,-1.6128031850257203,3.9122381990420863,22.708985965020595,2297.4056517680806,2285.6523482319185
ETH,2024-09-12,2354.6,2391.93,2333.78,2351.14,107914.7004,2356.232,2348.7306,2347.2435,45.25429280369928,1.5960791417937799,2.59194929877632,4.01099620467573,24.29090087144921,2362.5230526941336,2349.9409473058663
ETH,2024-09-13,2351.61,2376.22,2337.35,2357.79,89624.85310000001,2357.2509999999997,2358.6868,2355.3251,51.72841743041512,-1.8564542039634944,-2.031053763853411,3.4002754408456424,29.392889895264783,2370.249296657631,2344.2527033423685
ETH,2024-09-14,2431.59,2434.72,2407.98,2421.3,64495.9309,2420.5345,2418.0542,2417.37485,54.7831737992643,1.0392995163829255,1.224267066924717,1.4665292453883338,30.102074067761386,2425.2420916347814,2415.826908365219
ETH,2024-09-15,2425.6,2430.32,2396.28,2407.04,48850.0784,2403.6535,2406.3118,2408.9617500000004,55.946808580657915,0.41460798549678657,-0.21969732923698176,1.6777010000506685,20.548904510137646,2410.1013842267675,2397.2056157732322
ETH,2024-09-16,2290.53,2335.7,2252.39,2277.54,189381.3237,2280.202,2289.7082,2299.9597,40.47600154780762,-3.8793801649158013,-4.022458234417139,3.7207477235363062,37.30317176881574,2289.594877301481,2270.8091226985193
ETH,2024-09-17,2266.75,2364.48,2266.36,2350.57,133573.4225,2348.713,2330.9522,2318.40105,58.454365917922956,3.677637708554812,4.894257845119178,5.886004315302123,34.2669171737629,2359.8291847772884,2337.596815222712
ETH,2024-09-18,2320.6,2343.28,2277.34,2301.61,113804.8411,2297.8535,2295.4914000000003,2303.4244,58.37286149570079,1.1217007325517443,0.9700157170473733,3.0152150668883935,15.861179049519167,2304.674447954496,2291.0325520455044
ETH,2024-09-19,2385.43,2453.0,2374.0,2437.13,170354.4945,2435.1295,2432.7039999999997,2435.0722,55.70128295376891,1.4806798980939675,1.231388282824733,2.898749642251572,16.525135420846947,2440.9308359666506,2429.3281640333494
ETH,2024-09-20,2446.1,2571.93,2441.2,2563.09,230570.7061,2550.1465,2536.3728,2542.4126499999998,65.09893228763856,7.970895233460396,6.566223284366484,6.072132998759238,47.01121303975274,2567.2219833315357,2533.071016668464
ETH,2024-09-21,2556.58,2576.47,2528.97,2569.64,72358.7289,2566.8165,2568.8698,2559.6759,56.959708832000516,0.39246067293606757,-0.05443260552579293,1.5690994966598406,17.196598969006544,2572.132390424123,2561.5006095758768
ETH,2024-09-22,2610.0,2617.5,2554.82,2563.99,101237.1702,2564.9359999999997,2568.269,2577.71755,44.849642186900894,-1.448128018346324,-1.7051433210072318,2.446223212167371,31.279308906199187,2570.1103072966976,2559.761692703302
ETH,2024-09-23,2604.46,2687.24,2600.25,2644.6,188109.3246,2663.4829999999997,2656.1992,2648.56215,30.792482473734115,-1.6508094815117147,1.2459086324197954,5.171834350517329,26.38689368805295,2677.041551692581,2649.9244483074185
ETH,2024-09-24,2643.49,2667.75,2591.56,2602.79,163421.7275,2602.0235000000002,2616.4139999999998,2633.2083500000003,45.414280965240394,-4.479344144283914,-5.7325619733033495,5.122058935567312,34.448516554041575,2613.153018003994,2590.8939819960065
ETH,2024-09-25,2640.11,2673.5,2604.11,2626.3,116469.339,2624.8360000000002,2621.7056,2620.6278,56.0702938194546,1.2910190276365938,1.1118469753610893,2.570689474513458,16.435732326404644,2629.259172617047,2620.4128273829533
ETH,2024-09-26,2573.01,2653.75,2560.33,2634.49,151471.1687,2635.452,2629.9354,2628.4037,52.026053210581225,0.08862911328742484,0.03888923149672552,4.739399441432038,24.24884958216941,2652.6088057633287,2618.2951942366717
ETH,2024-09-27,2630.49,2696.99,2615.21,2685.11,159531.2783,2687.7665,2672.1936,2657.84685,53.756313759971015,4.500655365910006,5.932666758435001,4.891552916270513,34.124755189657826,2698.6435111244796,2676.889488875521
ETH,2024-09-28,2694.1,2704.35,2650.0,2672.5,89559.9034,2671.75,2668.1394,2665.1734,57.98138694183826,0.6780628738183623,0.8180926447291885,1.3661683207012387,23.19059103143692,2675.371811701437,2668.128188298563
ETH,2024-09-29,2668.0,2683.7,2629.73,2649.28,101037.5591,2653.0080000000003,2654.0654000000004,2652.9517000000005,33.00280137666875,-0.9308818611120842,-0.5476899943785536,1.3959013682836774,21.075112063165562,2656.261242075241,2649.7547579247594
ETH,2024-09-30,2634.8,2649.9,2592.42,2619.25,165913.04,2612.853,2617.1648,2625.8388,59.893753033986215,0.2932938171411479,-0.9039387180000323,2.7924710658801333,26.833629201775913,2618.47962634277,2607.22637365723
ETH,2024-10-01,2625.72,2659.0,2550.7,2562.49,164437.6377,2571.5384999999997,2576.3192,2609.87525,39.739359462830926,-5.130474474869516,-4.280617187669895,5.740466497946257,29.38077075376004,2589.1437199930488,2553.9332800069506
ETH,2024-10-02,2466.67,2499.0,2418.8,2446.01,156507.6458,2439.5985,2445.6436,2445.57125,56.77428363345924,-0.7735751154964419,-1.6348771191498517,4.837071432443411,14.706855068717855,2447.721399174679,2431.475600825321
ETH,2024-10-03,2384.69,2403.38,2318.72,2338.4,196624.6246,2335.1215,2344.139,2348.3516499999996,49.665670482551306,-2.916842636243473,-3.9363132505301417,4.823184755838035,20.479556653266865,2345.8943682810464,2324.348631718954
ETH,2024-10-04,2350.79,2399.99,2350.27,2357.69,132430.9695,2361.1719999999996,2370.6334,2381.23085,37.33541261235476,-3.7638580711031864,-4.373595989975725,3.904270264386339,26.5599052327751,2372.948888553473,2349.3951114465262
ETH,2024-10-05,2418.2,2428.22,2390.26,2410.23,54513.9682,2410.5109999999995,2410.0268,2416.7317000000003,50.182133481764964,0.01685111605320344,-0.0075713699349496235,1.2269687263259388,12.080860781902258,2411.936789605678,2409.085210394321
ETH,2024-10-06,2413.03,2446.42,2410.35,2443.91,46674.417,2437.7575,2433.7378,2430.75205,72.90411174086091,2.0178992753862985,1.6527143158426145,1.862888366471772,31.71331958376971,2442.3612544461553,2433.153745553845
ETH,2024-10-07,2488.41,2521.0,2437.9,2513.19,160016.1905,2508.7205,2493.5432,2473.76865,63.291635271837976,5.06936711417211,5.4816326241839946,4.9690474639011075,36.54470392166553,2516.309511727359,2501.1314882726406
ETH,2024-10-08,2431.02,2453.23,2410.51,2424.43,98387.278,2425.909,2435.4124,2434.6681,44.947036152518514,-3.3068033574827496,-3.9629459506985976,3.9316757022760953,30.832001047975524,2436.9810782150466,2414.8369217849536
ETH,2024-10-09,2452.91,2473.61,2423.13,2439.87,99685.4227,2440.0175,2435.8082,2434.9426,53.54800122000946,0.899144665555923,1.2481780438677192,2.2953700395767345,10.902724259447064,2443.5236367628927,2436.511363237107
ETH,2024-10-10,2385.81,2411.38,2368.55,2375.42,113123.9601,2374.6155,2378.7646,2391.4259,48.476872294010946,-1.3899502379467776,-1.738548847996807,2.9912858233212973,23.822217461019367,2378.2135465530246,2371.017453446975
ETH,2024-10-11,2385.58,2439.71,2382.24,2433.81,119438.9087,2433.4955,2433.3876,2424.1400999999996,51.22877335369344,0.03989251202165178,0.13394190164459127,2.3636650650998163,14.383365201291133,2436.0629771661615,2430.9280228338384
ETH,2024-10-12,2444.71,2467.51,2434.35,2462.74,68982.9782,2461.328,2461.2454000000002,2457.9688,57.1800365099583,0.31054721582222555,0.15494641949904064,0.8539607979529931,13.86150679297215,2462.8958086616176,2459.7601913383824
ETH,2024-10-13,2466.32,2472.38,2452.55,2455.9,50809.5791,2458.3415,2460.32,2463.4827,40.1011766854289,-1.4363430664366206,-1.1246078535996227,1.41709993698432,34.133888887702255,2463.0628992629945,2453.6201007370055
ETH,2024-10-14,2458.34,2616.65,2443.39,2611.75,285498.0479,2603.6415,2586.5362,2558.6479,66.37183531074771,7.7389796921615925,8.22519720131574,5.440012078129264,53.872870521828226,2621.8354619381903,2585.44753806181
ETH,2024-10-15,2624.64,2688.6,2575.76,2580.4,223213.7469,2617.8315,2643.5968,2610.96735,22.62846887691202,-15.633339434047684,-11.684083845723364,9.931506988080185,44.61706092199961,2654.5261062930176,2581.136893706982
ETH,2024-10-16,2608.81,2647.79,2598.77,2607.14,185204.9704,2624.0215,2620.031,2627.9739,32.688340693773675,-3.691063555641904,-1.3384407285434976,5.106271472278096,30.942883242406147,2641.221489854674,2606.8215101453256
ETH,2024-10-17,2618.92,2648.37,2583.5,2601.16,137951.2194,2598.708,2598.5248,2604.4231999999997,55.24216276776837,-0.08798980718711391,-0.41040702512531996,3.587274267258703,14.132304786862838,2605.1946928399702,2592.22130716003
ETH,2024-10-18,2612.01,2651.66,2608.76,2633.61,161312.7694,2629.8844999999997,2627.6420000000003,2622.78315,56.078956997717874,2.089701545362459,1.7164637070948643,4.06262706121577,20.083829653730383,2639.021710679399,2620.7472893206004
ETH,2024-10-19,2644.2,2663.49,2631.02,2645.47,63990.9764,2643.7735000000002,2640.2172000000005,2638.5398999999998,62.1406860563295,1.40119683392777,1.5767955551013586,0.9849748769652532,35.72393099727846,2648.0301008739716,2639.516899126029
ETH,2024-10-20,2641.19,2721.0,2635.54,2713.95,111056.4754,2708.4815,2689.6342000000004,2660.01235,65.54625908991763,7.405651406847483,8.135991627793059,4.0268043345849,51.89833838757674,2723.6897888913054,2693.2732111086943
ETH,2024-10-21,2752.51,2761.13,2659.12,2663.09,192148.5866,2673.2545,2675.3203999999996,2693.0693499999998,32.06583032838617,-3.854829715809956,-2.854677438108857,3.9427006362503536,29.514348087947525,2687.664479146374,2658.844520853626
ETH,2024-10-22,2643.37,2659.39,2606.56,2634.91,144763.8701,2626.3635,2624.5632,2628.86735,60.655144849839104,2.253413394031668,0.9384394860610563,4.357452374677432,21.14093573451453,2639.464912557437,2613.262087442563
ETH,2024-10-23,2619.4,2625.43,2556.8,2577.49,139952.9859,2575.786,2576.177,2576.73975,54.90373553479106,0.6907862728216969,0.4718752716513258,2.055934864611666,17.44588592550247,2580.171628347144,2571.400371652856
ETH,2024-10-24,2551.2,2562.65,2508.8,2534.65,169940.8275,2523.401,2526.7236000000003,2530.08125,66.59956877062388,1.7466220386845634,-0.09823968177641901,3.454069072274139,20.599426494990155,2534.1533911759316,2512.648608824068
ETH,2024-10-25,2524.46,2566.33,2462.06,2547.97,212809.6199,2554.752,2551.2752,2543.74855,39.51169867980583,0.09036106497842411,1.6142459568207534,3.5397838979716583,20.082120656920708,2563.1094388422616,2546.3945611577383
ETH,2024-10-26,2440.71,2479.7,2432.72,2453.8,133865.2113,2457.2414999999996,2462.334,2469.5147500000003,34.34148795912948,-2.291215250781079,-2.234163694458328,2.209691342637161,37.39772182794956,2461.581598040453,2452.901401959546
ETH,2024-10-27,2473.45,2503.98,2464.13,2492.6,72128.802,2490.913,2488.564,2481.0326499999996,58.709298919554904,0.8585836716601989,0.8636291367847165,1.7084020308932082,12.741634989289134,2493.9617184192234,2487.8642815807766
ETH,2024-10-28,2495.08,2544.74,2471.67,2509.21,170580.5265,2512.554,2517.4846000000002,2522.8232000000003,36.628716013461,-1.9358175892557483,-1.7809524775045724,2.5108894295015367,32.33480840988944,2516.955946841972,2508.152053158028
ETH,2024-10-29,2608.04,2645.41,2605.2,2630.21,211535.6309,2631.5785000000005,2630.4240000000004,2626.93165,49.70896712867754,-0.6160323405529198,-0.18035456601934563,2.9938556789866078,14.913430691525088,2638.1065541509847,2625.0504458490163
ETH,2024-10-30,2635.48,2722.3,2627.17,2685.61,294569.1894,2684.187,2696.2844,2692.5302500000003,44.595063353255355,-2.6462939590928727,-3.583122943684423,3.826147306546432,36.236595794591736,2691.656002878541,2676.7179971214587
ETH,2024-10-31,2658.36,2667.47,2541.23,2569.64,231179.7337,2571.4314999999997,2563.593,2598.0463,50.729618581769465,1.6289951130852387,2.103668011717426,2.7646699658434124,19.393142304675926,2574.7967356531917,2568.0662643468077
ETH,2024-11-01,2490.81,2586.8,2485.35,2515.01,238451.5329,2538.1105,2548.3912,2549.98995,23.431184308423365,-8.249199993480033,-5.769215740335083,5.539476916377329,45.901070385776784,2559.1506658500966,2517.070334149903
ETH,2024-11-02,2517.8,2523.45,2470.0,2488.0,104549.1759,2488.9355000000005,2486.4348,2487.324,50.01364650429827,1.099671649533775,1.355958663202486,1.7107891451106791,20.10005023471663,2492.2547738664393,2485.6162261335617
ETH,2024-11-03,2474.91,2475.95,2413.38,2429.16,162373.142,2423.7785,2423.1910000000003,2438.9947,59.13489324041255,0.7898289606655453,0.5159453894327433,3.2910645153908913,14.851454313845101,2429.1595269466557,2418.397473053344
ETH,2024-11-04,2467.26,2491.39,2436.2,2436.2,120156.2654,2443.8195,2446.4088,2463.0627000000004,31.988855114118287,-2.340717745199072,-1.6619846470276352,3.001149728802915,19.9843444619745,2450.6325976068465,2437.0064023931536
ETH,2024-11-05,2411.0,2480.0,2400.68,2444.05,172639.766,2441.535,2454.5398,2448.37255,48.807693252804214,-3.913773862810558,-5.336216320348339,4.729852668470676,38.357900206924036,2453.723195108389,2429.3468048916106
ETH,2024-11-06,2515.36,2666.66,2514.9,2637.96,701277.3952,2653.0870000000004,2637.7990000000004,2630.06875,40.04114930172783,-0.6360340251585512,2.6171188506538186,5.7296309487472685,31.950351566541507,2670.2220997661257,2635.951900233875
ETH,2024-11-07,2824.28,2880.0,2776.0,2827.21,346169.287,2823.2085,2809.7868,2810.6409,62.06098508028482,3.481750957748318,4.114543797546135,4.247470089232972,25.286355195547024,2830.017253997521,2816.3997460024793
ETH,2024-11-08,2908.72,2956.56,2886.4,2939.51,266368.6177,2937.4355,2923.6839999999997,2931.5319,59.83599790974227,4.878418784672704,5.351625581611096,5.271662519697377,30.69285495790441,2946.188708497593,2928.682291502407
ETH,2024-11-09,2972.84,3058.77,2953.71,3044.64,270297.7426,3040.3585,3037.4015999999997,3038.6331000000005,61.133539596758744,2.7389400479642063,2.3390416375619063,2.1350126763604718,30.594243660898847,3050.045357643074,3030.6716423569255
ETH,2024-11-10,3139.66,3236.64,3118.31,3204.96,439784.447,3199.433,3195.2122000000004,3196.2129999999997,61.126994059268235,2.0423307793489585,1.5935368639026612,4.187319333757076,20.282827540808082,3207.073466215936,3191.792533784064
ETH,2024-11-11,3211.38,3256.4,3105.0,3241.9,411477.5488,3229.385,3203.4072,3173.9312,63.81483149104568,13.235064957950726,12.143315138327967,10.654027032027447,42.04289955087138,3256.319279645107,3202.4507203548933
ETH,2024-11-12,3313.47,3442.5,3207.67,3269.83,650452.2739,3265.2439999999997,3273.965,3258.4792500000003,50.489263115237016,0.81127289523738,-1.0952079448520795,7.563348909003274,18.167758125993377,3280.3439078142396,3250.1440921857597
ETH,2024-11-13,3231.39,3328.53,3116.69,3281.4,527167.4529,3295.0695,3296.5424,3225.4555,39.726123342617896,-1.2298090033546032,0.7972366287812912,8.30210184562956,16.847188758216376,3308.359083101363,3281.779916898637
ETH,2024-11-14,3207.0,3240.4,3070.69,3086.8,344193.8875,3085.3645,3104.2297999999996,3159.8773499999998,45.685383475056526,-6.231378575760573,-7.971715122659347,9.66138908867213,31.56032764918417,3097.528503411915,3073.200496588085
ETH,2024-11-15,3063.31,3131.06,3014.5,3027.24,276240.4175,3028.077,3041.8358000000003,3079.7498499999997,45.05714206613754,-5.192709905078573,-5.525284780232598,6.4934890507595195,25.318882132222104,3039.4518425922993,3016.702157407701
ETH,2024-11-16,3107.85,3219.97,3101.11,3141.26,277268.8618,3149.202,3154.1998,3169.7473999999997,36.33426877205502,-2.0931943873479213,-1.8210681163519888,4.6561535481494065,27.139931300575807,3155.7494349175795,3142.654565082421
ETH,2024-11-17,3053.44,3162.11,3042.6,3101.3,251270.4829,3092.4584999999997,3089.1576,3101.4929500000003,69.51417461305378,2.068251472735028,1.2551877236862414,3.2937603249884955,16.708436565839694,3098.661738750474,3086.2552612495256
ETH,2024-11-18,3117.87,3149.71,3050.01,3135.24,270574.0914,3099.929,3093.4714000000004,3083.1731999999993,86.79270056430434,8.99379416879583,4.817298213519118,4.943346787184235,33.58921416590625,3128.6575870867196,3071.2004129132806
ETH,2024-11-19,3157.16,3160.34,3076.0,3101.53,252331.6101,3095.4775,3098.7538,3110.6132500000003,54.397752811637304,1.418574429648288,0.04667315989873641,4.703216888423092,19.996350744910288,3106.641221377758,3084.313778622242
ETH,2024-11-20,3090.8,3159.2,3071.6,3109.51,273842.1871,3103.5420000000004,3105.7996000000003,3107.7159,56.76417614199358,0.9059401003396488,0.23189670452152844,4.81390375978548,15.89998854757992,3113.2458046146608,3093.83819538534
ETH,2024-11-21,3053.4,3372.6,3032.59,3250.79,699930.9492,3277.236,3309.6046,3325.3206,35.35218187769996,-15.194336759500402,-15.708133838592076,12.315145796447595,48.79405028587496,3321.7765717970433,3232.6954282029565
ETH,2024-11-22,3331.23,3425.92,3257.54,3312.79,404973.53740000003,3301.772,3299.3264,3310.1844,63.578090828154636,2.2962145770006828,0.8708556359435611,5.28169417176755,17.97238285397156,3312.4846702552686,3291.0593297447313
ETH,2024-11-23,3332.8,3497.51,3312.72,3467.69,414971.762,3469.5244999999995,3468.4108,3438.36865,47.4578479087178,1.095114930974887,1.0497928103347842,3.765984423145739,12.072888739412386,3475.8091431085136,3463.2398568914855
ETH,2024-11-24,3437.75,3445.27,3281.4,3303.0,307402.9476,3306.4964999999997,3314.4383999999995,3317.41145,42.941526330186015,-4.049826843021492,-3.736940710385521,4.558175495791521,22.048743906033373,3319.076405047315,3293.9165949526846
ETH,2024-11-25,3344.81,3527.0,3333.39,3448.84,503675.7853,3438.0915,3420.8394,3467.3240499999997,58.49911760587817,9.337706747912762,8.831258796849774,11.709425750906208,31.674870436927154,3474.420434625232,3401.762565374768
ETH,2024-11-26,3446.09,3455.61,3280.1,3325.58,386679.3455,3320.3585,3335.3944,3323.6351,50.37512905045065,-3.0511627302257693,-4.3773378082819585,6.030878685296716,31.596988907115165,3328.2271651343226,3312.489834865677
ETH,2024-11-27,3325.13,3558.0,3319.78,3547.01,433268.3143,3538.935,3531.1952,3493.5101499999996,56.53608354248332,6.019564647610423,5.4256455060231685,7.603782402858508,22.086504192982687,3560.470702913909,3517.399297086091
ETH,2024-11-28,3633.69,3644.13,3536.95,3555.41,350119.0588,3554.5994999999994,3560.506,3588.2947,47.987867053168635,-0.7069658887057813,-0.7433916239138421,5.395788190289005,17.79281536245457,3570.009921765844,3539.1890782341547
ETH,2024-11-29,3580.07,3647.98,3534.28,3612.09,258843.69640000002,3619.2129999999997,3626.6988,3606.0924,39.83637999677235,-5.504687796006692,-4.928222775269362,5.079592816015713,29.83715777933453,3639.7364783601274,3598.689521639872
ETH,2024-11-30,3605.6,3726.71,3598.8,3674.35,328628.3643,3674.064,3667.9868,3672.53115,53.06676796444326,1.985191001259409,2.067171801952684,3.1033374470701913,13.74779131749036,3678.8106931646603,3669.3173068353394
ETH,2024-12-01,3692.3,3746.8,3659.2,3737.92,220296.6707,3726.2415,3715.88,3702.5163000000002,64.36867956732466,6.956600431085462,6.190167313142584,4.801701022936265,42.629095557108045,3747.021933368925,3705.461066631075
ETH,2024-12-02,3708.44,3760.0,3569.58,3668.94,484389.8334,3666.5055,3653.6258000000003,3625.9195999999997,58.950852653244496,2.880876131232071,3.5300927168968044,5.648778787428054,16.46724417352708,3677.3350179487124,3655.675982051288
ETH,2024-12-03,3628.78,3670.0,3500.0,3576.08,452340.783,3575.322,3581.9226,3579.3716,50.13507008407699,-3.2657460342961713,-3.1306929563091663,7.376914478240859,21.972537339360724,3590.7322220620454,3559.911777937955
ETH,2024-12-04,3644.5,3853.38,3633.33,3829.93,470444.0598,3830.6865,3809.0138,3737.4636500000006,53.93539274646117,10.200723685194589,11.664374854449877,8.59216913213986,47.63607471408767,3855.267343984686,3806.105656015314
ETH,2024-12-05,3819.6,3956.0,3814.0,3879.97,524081.2082,3886.4155,3910.9363999999996,3920.79705,36.669740655689246,-7.081499287952283,-8.287479203534911,8.302395225306656,50.02149770568558,3902.0309839502643,3870.800016049736
ETH,2024-12-06,3863.42,4041.0,3831.9,4017.8,462205.1333,4021.6095,4003.2634,3908.2160500000005,50.84831746925924,6.306732832603302,9.01357307097685,8.237661202208162,51.56724783123533,4039.5303688123863,4003.6886311876137
ETH,2024-12-07,3995.95,4009.0,3968.0,3995.2,152678.6531,3993.7980000000002,3995.3248000000003,3995.595,50.786285825409365,0.492907293567896,-0.006902355616356562,2.508338124301635,18.539911563829108,3999.355127315408,3988.2408726845924
ETH,2024-12-08,3997.37,4003.4,3923.5,3983.8,159311.5604,3976.4665,3975.5822000000003,3984.9622999999997,61.91075031161694,2.3014885735369717,1.266083475576067,3.5500812425201516,23.553612804353115,3987.13635149848,3965.79664850152
ETH,2024-12-09,3954.2,3955.13,3817.57,3828.22,337155.2953,3852.1744999999996,3890.8084,3882.9883999999997,26.651244816271326,-16.26375628161304,-14.76874397296319,9.842544316250118,54.711028622176705,3879.234828508749,3825.11417149125
ETH,2024-12-10,3733.79,3773.39,3568.85,3569.0,487805.9033,3618.1974999999998,3651.8221999999996,3690.0240499999995,22.009695787825912,-17.660405934619575,-15.881233967835552,13.425084342144457,51.12707245791197,3657.5356285140624,3578.859371485937
ETH,2024-12-11,3595.09,3821.0,3592.01,3793.49,262540.691,3803.2229999999995,3786.6782000000003,3745.0576499999997,47.46546502020216,2.6445333600827325,5.814970172035885,6.933541044508066,30.237430177884622,3820.966713365885,3785.479286634114
ETH,2024-12-12,3813.24,3987.41,3813.24,3968.38,355100.0609,3972.041,3969.046,3952.3427500000003,49.342564433882586,1.2864239612690653,1.5578301010650895,6.624726714592044,17.06759704226695,3983.9428601909112,3960.139139809089
ETH,2024-12-13,3888.16,3968.47,3871.0,3958.16,228002.8538,3955.043,3952.3959999999997,3931.91625,55.17830720856873,1.1876471841296734,0.9152374105021759,5.012818508665699,12.337159798598615,3961.008132353827,3949.077867646173
ETH,2024-12-14,3916.0,3935.71,3846.3,3885.11,126797.1979,3887.0155,3886.8408,3876.6866499999996,45.69910346923514,-0.2087129321894281,0.022282635529721713,2.4356666400711977,12.100516973948482,3892.7895539486067,3881.2414460513933
ETH,2024-12-15,3889.5,3911.5,3831.5,3898.8,114162.6551,3899.9575000000004,3898.3594,3889.1409500000004,49.2695565193802,0.7419642985519204,1.0820830166818542,2.484791155761556,14.147623470902428,3904.173174916238,3895.7418250837627
ETH,2024-12-16,3984.12,3990.1,3884.0,3935.19,243011.2413,3935.843,3934.7090000000003,3916.1826999999994,51.36957762900702,-0.7460606252366233,-0.8484161932610281,6.029235027402235,19.635865353450086,3950.684244017906,3921.0017559820935
ETH,2024-12-17,4006.63,4041.82,3930.02,3954.51,225176.226,3944.4095,3975.9768,3998.3090500000003,50.1494782484805,-6.479678339719612,-10.454014376556213,9.010909124932445,36.91508452102928,3959.746200395002,3929.0727996049986
ETH,2024-12-18,3871.5,3891.09,3803.63,3867.28,233443.6321,3859.1279999999997,3848.4568,3859.5989,61.43003435809772,3.3119856722360055,3.0761190155101428,5.688180814756519,13.324605552974965,3867.100233313298,3851.1557666867016
ETH,2024-12-19,3597.5,3720.0,3572.73,3578.43,325191.6198,3583.9090000000006,3608.1814,3666.45625,39.653776418590795,-7.878475811849967,-9.252931643304743,9.252811193271727,31.231938185384074,3594.0747462096483,3573.743253790353
ETH,2024-12-20,3408.3,3465.6,3101.9,3383.25,969667.6002,3382.1265,3358.2875999999997,3292.64495,57.3091243072599,5.088950063274751,7.483922159018558,9.145000082187412,22.829259150439928,3395.6394645526125,3368.613535447387
ETH,2024-12-21,3469.67,3555.18,3347.0,3395.61,293231.4538,3397.0784999999996,3390.5922000000005,3398.33845,50.5585850736389,0.8674106740427305,1.613059502622089,4.500649155073043,12.533266243562393,3402.2938936567257,3391.8631063432736
ETH,2024-12-22,3359.39,3403.0,3275.0,3292.13,185912.8031,3302.279,3299.0952,3349.5200999999997,40.19544224612676,-2.0039098386455407,-0.6061630028103655,5.289726752548695,17.34976644023092,3314.5972643257305,3289.9607356742695
ETH,2024-12-23,3237.3,3363.12,3234.29,3303.0,244348.6653,3295.399,3297.5604000000003,3326.8422499999997,54.38297038907983,0.016341618347269105,-1.2079939598147817,8.542129485855996,10.11383048140644,3304.8647147644297,3285.93328523557
ETH,2024-12-24,3368.45,3497.88,3358.19,3496.03,163317.5535,3482.7555,3466.4292,3437.87255,72.9263378585655,7.453630333663114,7.376883818109111,5.759019044985422,32.41831539739866,3498.235186656847,3467.2758133431535
ETH,2024-12-25,3468.79,3547.95,3457.7,3472.74,136410.1722,3469.1270000000004,3477.3740000000003,3483.22265,50.976343664516335,-1.3990990779802814,-2.755210872845845,4.072970885663407,26.201444724993035,3477.7409679589314,3460.5130320410694
ETH,2024-12-26,3475.55,3481.0,3328.21,3350.16,175237.2873,3353.035,3344.1088,3353.3766000000005,50.7963880262607,1.2451507505834343,2.173064973407445,4.605963525801973,15.88989742915169,3361.4022827129115,3344.667717287088
ETH,2024-12-27,3378.0,3444.16,3308.2,3311.22,218839.7566,3321.1324999999997,3336.4824,3378.7821499999995,33.331154676697246,-7.079149509923809,-6.865571406519146,6.045022229789818,39.64317080777655,3334.9647837955577,3307.3002162044418
ETH,2024-12-28,3340.44,3396.0,3326.92,3377.11,98677.8926,3381.8975,3378.5412,3369.1848499999996,42.87809736352289,-0.5545949226893754,0.21193066806808641,3.076255033201807,14.493231384522488,3388.4530560404028,3375.3419439595973
ETH,2024-12-29,3383.19,3413.78,3354.68,3374.59,78499.9137,3374.353,3371.5566000000003,3386.5076499999996,52.9470449047232,1.2277405469490077,1.5302099190046743,2.1229047345427436,38.59520470967345,3379.0123694854,3369.6936305146
ETH,2024-12-30,3410.0,3434.35,3305.0,3327.63,202370.1626,3314.407,3319.6064,3358.9066500000004,60.74685887437635,0.019853714775308617,-1.9650253358828849,5.831713132062175,16.72047856605794,3324.6300701847313,3304.183929815269
ETH,2024-12-31,3345.7,3451.0,3328.77,3426.27,166433.718,3420.0605000000005,3420.8594,3419.92675,59.35103775659233,0.18153231749192855,-0.2875665879721909,4.60139857099016,12.820181860008402,3427.332048596955,3412.788951403046
ETH,2025-01-01,3353.04,3368.42,3313.88,3342.23,98482.6122,3340.5225,3342.5688,3343.2319499999994,55.21839497347306,-0.3119565093975325,-0.5867036719224903,1.9645490730006805,13.769580075465072,3342.9583971652223,3338.0866028347778
ETH,2025-01-02,3381.46,3509.99,3381.46,3463.99,203695.1431,3465.5125,3478.3486,3471.3572999999997,42.16100421097997,-4.530620882413132,-4.71047063811476,5.312636530796904,26.927088778284304,3473.2981326012036,3457.726867398796
ETH,2025-01-03,3473.87,3550.83,3423.44,3550.61,167338.4142,3538.7810000000004,3533.2531999999997,3499.2047000000002,66.42147834707784,4.476810522471169,3.7631695558570657,4.783987104936634,27.711417044993986,3554.017082042604,3523.5449179573966
ETH,2025-01-04,3590.05,3663.25,3572.42,3611.79,127800.7192,3631.1165,3635.6218,3636.9206499999996,33.30973166559944,-8.165980180286624,-5.890876332637786,6.1024798159432185,39.72593328070222,3663.651444459781,3598.581555540219
ETH,2025-01-05,3641.18,3650.44,3593.7,3630.82,86485.2351,3627.666,3626.9568,3618.29595,54.992747342627595,2.3273693816013292,1.905619630087895,2.647297604485526,31.385045173146626,3638.339183967265,3616.9928160327354
ETH,2025-01-06,3663.91,3702.8,3622.1,3686.54,184121.3058,3694.2129999999997,3689.9788,3656.0561,39.05225794805235,1.4474382133435029,2.7359007381427474,5.337026903217456,15.77871641002796,3700.493156367406,3687.9328436325936
ETH,2025-01-07,3697.85,3697.85,3446.12,3471.0,239086.87709999998,3520.5775000000003,3547.3979999999997,3612.5879499999996,22.584812512974835,-13.372263969321466,-11.121786174481578,14.517981544805934,59.925808767590006,3549.3730183145203,3491.7819816854803
ETH,2025-01-08,3397.28,3402.8,3306.41,3342.09,289425.2754,3347.1885,3359.3357999999994,3357.445,40.95485115571352,-3.3233274265680848,-4.043201544008228,7.00786495607522,23.940329065605845,3355.7600792592607,3338.6169207407397
ETH,2025-01-09,3331.7,3346.0,3158.0,3219.2,467105.7951,3216.5724999999998,3217.888,3213.5940499999997,53.55243198964482,0.5748489126690401,0.07687649410451772,2.8724091079391063,16.071776846958205,3222.5992532718656,3210.545746728134
ETH,2025-01-10,3219.2,3322.49,3193.97,3267.04,454142.1333,3270.261,3270.7065999999995,3268.2315500000004,39.58992416465684,-1.0994050856811555,-0.6986876204384258,1.4033848509160036,14.427479890519741,3274.8063532313413,3265.7156467686586
ETH,2025-01-11,3267.05,3320.18,3217.56,3282.83,151679.7487,3285.2074999999995,3288.5988,3297.5588999999995,35.7154594255472,-2.0089875400321944,-1.9184484291089898,1.2075739495893343,25.25851405352438,3290.9074469296434,3279.5075530703557
ETH,2025-01-12,3282.83,3300.0,3224.49,3267.3,164879.9709,3264.9219999999996,3256.3094,3259.313,65.64867011129769,3.0466098246097317,3.325421440689574,1.8201456863582774,41.33939692749903,3269.078814164787,3260.765185835212
ETH,2025-01-13,3267.3,3339.0,2920.0,3137.51,845907.5669,3134.1945,3134.4386,3117.98325,57.14506172831237,1.034619740906237,0.585389134681214,2.286405495151209,17.685551768496293,3138.693115230979,3129.695884769021
ETH,2025-01-14,3137.51,3256.67,3125.65,3225.63,374308.4517,3226.0440000000003,3228.4791999999998,3225.87075,47.105172595632425,-1.1012599834002685,-1.131013393729267,1.7187019976057107,10.340540580263605,3229.2178267123854,3222.870173287615
ETH,2025-01-15,3225.63,3473.75,3186.36,3451.52,464188.034,3445.2905,3436.9588,3433.9272499999997,65.95305202101304,3.5665819398636813,3.1317172953152146,2.949413603879544,29.39091469170402,3453.1278502542114,3437.453149745789
ETH,2025-01-16,3451.51,3460.79,3265.44,3308.05,471282.6787,3306.4894999999997,3302.6295999999998,3310.4163999999996,55.64083125715359,2.405899979397418,2.607457782415436,2.2990285721211143,23.566737572429886,3315.451893597607,3297.5271064023923
ETH,2025-01-17,3308.04,3525.72,3307.5,3473.63,518550.1813,3477.3765,3477.4902,3486.2213,40.6275070684768,-1.0234872066353091,-0.44780429476309935,1.8768485011681226,11.180584923624378,3481.6244184317334,3473.1285815682663
ETH,2025-01-18,3473.64,3494.39,3227.0,3307.71,634197.1281,3312.4715000000006,3303.5922000000005,3285.2104999999997,46.15986035765293,0.9106858206114339,2.2669257254797626,3.018080069548551,20.687854081390764,3317.8927997519727,3307.0502002480284
ETH,2025-01-19,3307.71,3448.99,3130.48,3215.12,1342301.5217,3215.7185,3206.1268,3267.9664999999995,51.65687282500404,1.4040419925258902,2.707132392348127,12.9720349373632,13.332013534127547,3242.110245129956,3189.3267548700437
ETH,2025-01-20,3215.2,3453.69,3142.78,3284.0,1158245.6354,3283.1459999999997,3292.2522000000004,3307.7385,48.86474127540509,-4.5545089171305335,-5.905775808653646,6.467957457365396,23.05685475800322,3307.6862529733958,3258.6057470266037
ETH,2025-01-21,3283.99,3368.0,3204.6,3327.54,548706.0513,3322.8945,3322.4522,3323.7048999999997,59.102018250435435,1.4603395273197748,0.6329785698904871,3.2420630179040635,18.67482463950554,3328.439784393121,3317.3492156068787
ETH,2025-01-22,3327.55,3365.99,3222.85,3242.6,349240.7498,3242.9235,3240.8358000000003,3250.6489500000002,51.717647664402975,-0.31850705016950087,-0.18028637747704948,2.141146468963357,21.42184960110332,3247.60258655619,3238.2444134438097
ETH,2025-01-23,3242.61,3347.97,3185.0,3338.21,605592.7225,3334.858,3333.4414,3284.7722000000003,55.79184847735643,0.8080583360074343,0.4490114839808832,4.1873657135821665,22.693143489262255,3343.5307794852138,3326.1852205147866
ETH,2025-01-24,3338.22,3428.0,3275.9,3310.09,451524.2752,3309.996,3310.6921999999995,3326.6002999999996,48.67099704777954,-0.510131022233054,-0.7011334746046256,2.3329754252138923,21.88789385438191,3312.866654280677,3307.1253457193234
ETH,2025-01-25,3310.1,3350.68,3268.66,3318.77,208559.0415,3321.4205,3325.7482,3335.13725,43.297165502608536,-2.3525410562360776,-2.1469770665889314,2.3162133878071836,34.897696688640295,3327.6431376238966,3315.197862376104
ETH,2025-01-26,3318.76,3362.0,3230.0,3232.61,272165.469,3239.053,3245.6093999999994,3291.3709,40.80175840691662,-3.19931964718171,-3.280254002534753,4.967699981316634,42.26214960806222,3245.1536166898545,3232.9523833101453
ETH,2025-01-27,3232.61,3253.91,3020.01,3182.44,753004.7529,3172.48,3169.7430000000004,3165.95265,73.40786917824931,3.1574013496315274,1.9953002086538663,2.2648906904371473,34.97827654013437,3181.8226934017953,3163.1373065982048
ETH,2025-01-28,3182.44,3223.01,3040.03,3077.72,350959.7173,3074.386,3072.0312,3081.0289000000002,57.71421781872843,2.819245289988885,2.280499641957696,2.793807478454365,26.91455072944457,3084.248252075319,3064.5237479246807
ETH,2025-01-29,3077.72,3182.52,3054.06,3113.9,409737.2576,3117.2889999999998,3127.7224,3136.6748,38.42082779785876,-4.661105090861383,-4.836240758466259,3.0677848366897633,50.33259391736624,3127.3045377289573,3107.2734622710423
ETH,2025-01-30,3113.9,3283.43,3091.06,3247.39,350639.4823,3251.984,3258.3532,3249.92735,27.338613294075564,-3.2528352044373605,-3.024770356317167,1.6693704250035377,49.12033504244527,3259.380167656223,3244.587832343777
ETH,2025-01-31,3247.38,3437.31,3213.8,3300.99,648681.6561,3292.5985,3294.3903999999998,3303.4317000000005,64.23201260046186,2.206714259459204,1.0227001509650986,2.961131718718678,22.945911288640414,3303.6748121572314,3281.5221878427687
ETH,2025-02-01,3300.99,3331.98,3101.7,3117.54,354065.2525,3124.4825,3118.9133999999995,3145.39795,41.92879539784697,-1.1881251648669604,0.08257716711695612,3.7859595203888894,20.99061708618665,3134.189025382465,3114.775974617535
ETH,2025-02-02,3117.54,3163.2,2750.71,2869.68,1050805.93,2858.9199999999996,2838.0614,2891.2273,61.90719921799907,8.713225961282205,8.55134053628756,9.40542662309716,19.34127828975065,2875.204367964353,2842.6356320356463
ETH,2025-02-03,2869.68,2921.0,2125.01,2879.9,2807979.021,2874.9300000000003,2875.276,2814.89535,58.19358250585947,2.307278311700429,1.4017440000922141,4.3402451986225365,10.658815961837261,2882.6782514156466,2867.181748584354
ETH,2025-02-04,2879.89,2888.5,2632.6,2731.19,1259594.3919,2729.7745,2719.8376000000003,2694.7983000000004,54.932357962726606,5.623150677683498,6.235439510658167,5.357705002462163,39.28454180345614,2744.3553552218827,2715.1936447781172
ETH,2025-02-05,2731.19,2826.95,2699.13,2788.25,686593.0429,2787.5435,2778.616,2772.1897,55.43041165403292,3.4719580879841487,3.9582539415274076,4.879903673346762,29.26105040375929,2793.0513136314516,2782.035686368549
ETH,2025-02-06,2788.25,2857.64,2655.28,2686.64,719459.9571,2681.3495000000003,2686.1651999999995,2694.4850999999994,53.867984571560584,1.2134688158089375,-0.047265351813402384,3.3078778413311496,21.199031859920172,2693.778037283147,2668.9209627168534
ETH,2025-02-07,2686.63,2797.5,2562.51,2622.1,695467.3612,2619.6585,2608.1254,2592.555,61.32734068406578,4.365527158932764,5.014881108989467,2.9395577655411116,37.33981458163801,2627.8316787572776,2611.4853212427224
ETH,2025-02-08,2622.11,2667.3,2588.8,2632.46,379685.1509,2636.2015,2637.1036,2635.5226999999995,38.1972112364304,-1.7078346499783947,-1.110962917705324,1.7962390687975545,27.776838397191817,2643.161969165264,2629.241030834736
ETH,2025-02-09,2632.46,2698.9,2520.02,2627.18,387166.7911,2627.5924999999997,2620.8104,2608.2474500000003,52.77893896503135,2.534598641526827,2.9598972471785725,3.5701502873182047,23.511837442220383,2633.458370353148,2621.7266296468515
ETH,2025-02-10,2627.18,2693.79,2559.85,2661.19,398173.2716,2659.0905,2657.8776000000003,2664.96255,61.68482194214093,1.0780550764147847,0.8641888914958777,1.1965606899638357,24.44561566151443,2662.2082907242175,2655.972709275782
ETH,2025-02-11,2661.19,2725.04,2558.24,2602.59,484196.1435,2603.737,2604.9502,2609.92065,44.12049546995477,-0.7584951402450315,-0.6060354756437994,1.8299297163253458,25.117160588305026,2606.3268501887405,2601.1471498112596
ETH,2025-02-12,2602.59,2795.45,2546.92,2738.27,646295.8959,2735.4379999999996,2739.5409999999997,2714.9207,53.473067895859735,-1.0942322986952604,-1.7814364115394088,3.2474376479229528,16.970281691417036,2741.2794984379375,2729.596501562062
ETH,2025-02-13,2738.27,2757.28,2612.76,2675.87,443769.2853,2676.0005,2673.552,2667.1040999999996,53.713413113687444,0.31330447190612176,0.5292636241184623,1.4772192791644534,15.888430074521354,2678.943868648554,2673.057131351446
ETH,2025-02-14,2675.87,2791.78,2664.46,2725.95,419895.7862,2723.8489999999997,2724.9680000000003,2729.17825,56.054839346547205,0.2523403808186231,0.001347141939265245,1.6756121330732348,12.663093653613112,2727.331642100665,2720.3663578993346
ETH,2025-02-15,2725.95,2739.0,2662.28,2693.04,202971.4295,2692.2200000000003,2694.2666,2693.52875,49.92394420473745,-0.5263836768863257,-0.8104627819341913,0.8708763310193829,28.34977637521394,2694.527648153413,2689.9123518465876
ETH,2025-02-16,2693.04,2727.31,2651.26,2661.41,191231.5314,2660.909,2661.9964,2672.6244999999994,49.3453736325302,-0.5706544964364184,-0.9837903508068389,2.0553853268551006,12.569788397075651,2665.3606689004782,2656.457331099522
ETH,2025-02-17,2661.41,2849.7,2637.71,2744.05,639739.8197,2740.7185,2743.8654000000006,2749.7409,54.5691215492635,-0.06045614455024406,-0.662810551643833,1.763919347540798,15.229622392099067,2745.527925225549,2735.909074774451
ETH,2025-02-18,2744.05,2756.93,2605.44,2671.99,604863.8737,2668.573,2668.3312,2654.5510500000005,61.23063198374597,0.8954685049616273,0.5916565780756866,1.6403791701666883,17.998203446017488,2672.480572648174,2664.6654273518257
ETH,2025-02-19,2672.0,2736.7,2656.03,2715.5,326154.0202,2715.8085,2719.6585999999998,2719.3667499999997,44.33211332393831,-1.2609220311342142,-1.5692075580040754,1.6166931814195518,20.648140545295895,2719.3748273826136,2712.2421726173866
ETH,2025-02-20,2715.51,2770.59,2707.18,2738.04,336735.2544,2740.8210000000004,2739.2124,2736.305,38.16615885112235,-0.37405431273782597,0.1723418702388366,1.2449441708163502,19.401640175306294,2743.7047746098906,2737.93722539011
ETH,2025-02-21,2738.04,2845.32,2616.72,2663.0,890440.0604,2660.9325,2654.6794,2643.0216000000005,63.00246867718031,1.433424554544672,1.713891660732303,2.35557465529276,27.751246540612847,2663.941671812844,2657.9233281871557
ETH,2025-02-22,2663.0,2798.07,2653.33,2763.22,444989.6669,2764.3145,2767.2666,2768.8204500000006,37.28894914369763,-1.1843402102140317,-1.2054671421257546,0.7068199312648468,26.99273335530923,2766.3919741876225,2762.2370258123774
ETH,2025-02-23,2763.23,2857.34,2745.41,2819.69,611002.1222,2821.331,2822.6459999999997,2807.1813,45.648296487629175,0.8253088956789725,1.0304717279228335,3.283881926754189,18.06253047390283,2828.8471955802256,2813.8148044197746
ETH,2025-02-24,2819.7,2839.95,2470.33,2513.52,876876.3707,2517.5475,2523.2129999999997,2587.5946500000005,47.042180940831145,-2.8294227731444153,-3.154823430615232,7.403744976379061,22.625614693185447,2533.423161718493,2501.6718382815075
ETH,2025-02-25,2513.52,2533.49,2313.49,2495.7,1322016.8718,2497.525,2504.8066,2503.84235,38.47474655952134,-2.2375108266924144,-2.4585915182498064,2.4147768116905044,36.764415343356646,2500.5731896266334,2494.476810373367
ETH,2025-02-26,2495.69,2507.5,2253.77,2336.37,863087.2133,2330.8864999999996,2334.3819999999996,2340.1164000000003,57.8920203125436,-0.7011951356030295,-1.732117561601488,3.5251108687031643,25.48100030194995,2336.0341801576515,2325.7388198423478
ETH,2025-02-27,2336.38,2381.6,2230.57,2307.72,637583.9106,2305.698,2297.9454,2277.34825,63.0772249389527,2.769823277627438,2.9761837542006147,2.51699286485277,39.850949927542246,2309.3026447812003,2302.0933552187994
ETH,2025-02-28,2307.72,2314.18,2076.26,2237.59,1291539.0557,2235.6955,2228.2028,2221.59995,62.49751314256162,2.4688374471270436,2.766524857275312,2.318841107485434,54.26354729796457,2238.6250561099473,2232.7659438900523
ETH,2025-03-01,2237.59,2281.14,2142.73,2217.39,446430.7271,2211.567,2207.5284,2216.25345,71.36113563917483,2.550398683280946,1.864580050055031,2.1839640490053656,36.77406396231354,2218.8524295687885,2204.2815704312115
ETH,2025-03-02,2217.4,2550.58,2172.04,2518.11,1266684.7748,2517.371,2520.149,2517.34425,50.85363211435227,-0.8747643014548885,-1.4033512186266788,3.330261465304439,12.799231985171335,2524.038490982902,2510.703509017098
ETH,2025-03-03,2518.12,2523.56,2097.91,2149.01,1109565.2003,2154.268,2156.5697999999998,2141.76535,41.66141529093596,-3.2112015480261107,-2.3815695974729936,3.522110401075298,34.80410687605758,2165.942381525555,2142.593618474445
ETH,2025-03-04,2149.02,2221.88,1993.2,2171.51,1257822.3372,2171.9745000000003,2170.3834,2172.33625,50.341403733739234,0.46436668425258176,0.7240488935173036,2.225963427510992,16.14466019564528,2175.06624044803,2168.8827595519706
ETH,2025-03-05,2171.5,2273.51,2155.03,2241.59,687130.7897,2244.6035,2239.5625999999997,2233.1288,47.060880794511064,0.3461741267515208,1.129377414510541,2.2231301823398435,22.163211662289225,2249.5015619636024,2239.705438036398
ETH,2025-03-06,2241.59,2319.99,2176.9,2202.2,596908.3935,2204.1434999999997,2207.4434,2209.28385,39.31370026244354,-1.7559379232725405,-1.7468805740789062,2.0595676142853687,20.606072194270126,2208.698235008529,2199.5887649914703
ETH,2025-03-07,2202.21,2258.47,2101.82,2141.6,782387.2606,2138.793,2133.0288,2140.91275,60.772149594684066,1.9532237770272332,1.9214176099528355,2.5028061112885047,11.686809566383735,2143.8719806060876,2133.7140193939126
ETH,2025-03-08,2141.6,2234.93,2105.06,2203.58,328793.0979,2198.9565000000002,2200.7842,2209.83585,61.617680537081576,0.9031786710338565,0.15278817126680966,1.6441548170770015,24.515729337256445,2204.833336819269,2193.0796631807316
ETH,2025-03-09,2203.57,2212.0,1989.66,2020.41,601671.5882,2013.0715,2017.7836000000002,2023.714,60.66660191978088,0.257563563963231,-0.7918329551103083,3.4852508400873994,15.68332795029518,2020.4886834950148,2005.6543165049852
ETH,2025-03-10,2020.43,2152.4,1810.01,1865.1,1248745.3514,1882.7230000000004,1882.0344,1879.5982000000001,33.401188362291215,-4.822440486851292,-2.0098581071160075,5.232614871389752,32.45993215128114,1902.491439594588,1862.9545604054128
ETH,2025-03-11,1865.11,1963.2,1754.28,1923.43,1171427.9995,1921.1675,1924.7278,1938.3117000000002,52.769558346460414,-1.2867804969446297,-1.7382773812853844,2.386831169531364,35.44683798054135,1925.4433431917985,1916.8916568082016
ETH,2025-03-12,1923.42,1960.0,1829.72,1908.2,788739.6763,1907.8725,1906.1748,1901.96185,52.919261199405966,0.7999514275381898,0.7922689609243004,1.358616449793995,19.064332923787543,1910.32237244578,1905.4226275542198
ETH,2025-03-13,1908.2,1923.09,1821.81,1864.59,569537.2622,1863.5155,1864.9908000000003,1861.30345,51.64284672816096,-0.48689156292743974,-0.7184297133462529,1.825254536012732,24.047743745554985,1865.7128754798748,1861.3181245201251
ETH,2025-03-14,1864.59,1945.64,1861.31,1911.65,375805.7355,1912.0155,1916.0834000000002,1921.6577,44.5216418944793,-1.9328737402031493,-2.0618488059305364,1.4133588081768071,53.2865302906524,1916.1870679306446,1907.8439320693553
ETH,2025-03-15,1911.64,1957.19,1903.75,1937.17,209545.8675,1939.2145,1939.8446000000001,1944.0741,37.47959463275118,-0.6689797046847161,-0.38301905152710725,0.8111468555032055,16.977458730182796,1941.571273005597,1936.857726994403
ETH,2025-03-16,1937.18,1940.87,1860.38,1887.0,324766.6564,1886.7945,1883.6744,1885.9268,56.28624290076311,1.0815863532341154,1.2461244821027007,1.3178978413014095,34.66952100010684,1888.4488092213844,1885.1401907786155
ETH,2025-03-17,1887.01,1952.4,1879.98,1926.31,334840.4877,1928.8875,1927.7497999999998,1935.3644499999998,39.56128443114533,-0.2332911438497831,0.12143494672868982,1.054774112557477,20.68620702330852,1931.704937665616,1926.0700623343841
ETH,2025-03-18,1926.3,1936.2,1872.31,1931.54,332895.1139,1931.266,1929.9512,1916.42895,51.63392321281504,0.7848072302442688,0.7790538016357698,1.3970637599184557,21.850698501651006,1935.0012451057846,1927.5307548942155
ETH,2025-03-19,1931.54,2056.99,1927.58,2046.16,495163.6624,2047.3545000000001,2043.5141999999998,2036.4217,50.89233650470931,0.8549810123922725,1.1834996834504081,1.863830865529077,20.80961705069804,2049.7142582500105,2044.9947417499898
